[db] creating fresh database from schema.sql (version 31)
Updated setting 'current_backend' to '"ollama"...'
Updated setting 'ai_config' to '{"ollama":{"bas...'
Deleted setting 'auto_generate_summary'
CAP итераций срезано у 8 узлов
START узлов=40 чанков=3 модель=huihui_ai/qwen3.8-abliterated:27b-q3_K
Returning 'false...' as value of setting 'ai_regenerate_generated'
Returning 'false...' as value of setting 'ai_regenerate_manual'
[regenerateTreeNodesContents] Starting regeneration
Returning 'null...' as value of setting 'applied_template_file'
[regenerateSubtreeNodesContents] Starting regeneration for parentId=null
[regenerateSubtreeNodesContents] willRegenerate=false (regenerateManual=false)
[regenerateSubtreeNodesContents] skipping node 1 'Синопсис' of type text with status 'MANUAL'
[regenerateSubtreeNodesContents] willRegenerate=true (regenerateManual=false)
In patch there is a requirement to change status to GENERATING
PROGRESS 0s Черновик мира
Emit event plan.node: 2 (patched keys: status)
[PlanNodeService] Updating downstream node 3 (fix-problems) because of changes in node 2: status
In patch there is a requirement to change status to OUTDATED
Emit event plan.node: 3 (patched keys: status)
[PlanNodeService] Updating downstream node 4 (fix-problems) because of changes in node 3: status
In patch there is a requirement to change status to OUTDATED
Emit event plan.node: 4 (patched keys: status)
Notifying downstream node 7 (text) of changes in node 4
[PlanNodeService] Updating downstream node 7 (text) because of changes in node 4: status
In patch there is a requirement to change status to OUTDATED
Emit event plan.node: 7 (patched keys: status)
[PlanNodeService] Updating downstream node 8 (fix-problems) because of changes in node 7: status
In patch there is a requirement to change status to OUTDATED
Emit event plan.node: 8 (patched keys: status)
Notifying downstream node 20 (text) of changes in node 8
[PlanNodeService] Updating downstream node 20 (text) because of changes in node 8: status
In patch there is a requirement to change status to OUTDATED
Emit event plan.node: 20 (patched keys: status)
[PlanNodeService] Updating downstream node 21 (fix-problems) because of changes in node 20: status
In patch there is a requirement to change status to OUTDATED
Emit event plan.node: 21 (patched keys: status)
Notifying downstream node 22 (text) of changes in node 21
[PlanNodeService] Updating downstream node 22 (text) because of changes in node 21: status
In patch there is a requirement to change status to OUTDATED
Emit event plan.node: 22 (patched keys: status)
[PlanNodeService] Updating downstream node 24 (fix-problems) because of changes in node 22: status
In patch there is a requirement to change status to OUTDATED
Emit event plan.node: 24 (patched keys: status)
[PlanNodeService] Updating downstream node 25 (fix-problems) because of changes in node 24: status
In patch there is a requirement to change status to OUTDATED
Emit event plan.node: 25 (patched keys: status)
[PlanNodeService] Updating downstream node 26 (split) because of changes in node 25: status
In patch there is a requirement to change status to OUTDATED
Emit event plan.node: 26 (patched keys: status)
Notifying downstream node 27 (for-each) of changes in node 26
[ForEachProcessor] Updating node 27 for new input content (0 items) as content overrides for for-each-input node 28
In patch there is a requirement to change status to OUTDATED
Emit event plan.node: 28 (patched keys: content, status, summary)
Notifying downstream node 32 (text) of changes in node 28
[PlanNodeService] Updating downstream node 32 (text) because of changes in node 28: status
In patch there is a requirement to change status to OUTDATED
Emit event plan.node: 32 (patched keys: status)
Notifying downstream node 33 (text) of changes in node 32
[PlanNodeService] Updating downstream node 33 (text) because of changes in node 32: status
In patch there is a requirement to change status to OUTDATED
Emit event plan.node: 33 (patched keys: status)
Notifying downstream node 34 (text) of changes in node 33
[PlanNodeService] Updating downstream node 34 (text) because of changes in node 33: status
In patch there is a requirement to change status to OUTDATED
Emit event plan.node: 34 (patched keys: status)
Notifying downstream node 35 (text) of changes in node 34
[PlanNodeService] Updating downstream node 35 (text) because of changes in node 34: status
In patch there is a requirement to change status to OUTDATED
Emit event plan.node: 35 (patched keys: status)
Notifying downstream node 36 (text) of changes in node 35
[PlanNodeService] Updating downstream node 36 (text) because of changes in node 35: status
In patch there is a requirement to change status to OUTDATED
Emit event plan.node: 36 (patched keys: status)
[PlanNodeService] Updating downstream node 37 (fix-problems) because of changes in node 36: status
In patch there is a requirement to change status to OUTDATED
Emit event plan.node: 37 (patched keys: status)
[PlanNodeService] Updating downstream node 38 (fix-problems) because of changes in node 37: status
In patch there is a requirement to change status to OUTDATED
Emit event plan.node: 38 (patched keys: status)
Notifying downstream node 39 (for-each-output) of changes in node 38
[PlanNodeService] Updating downstream node 39 (for-each-output) because of changes in node 38: status,content,summary
In patch there is a requirement to change status to OUTDATED
Invoking onUpdate handler for node 39 of type for-each-output
Emit event plan.node: 39 (patched keys: status, content, summary)
Notifying downstream node 36 (text) of changes in node 34
Notifying downstream node 35 (text) of changes in node 33
Notifying downstream node 36 (text) of changes in node 33
Notifying downstream node 34 (text) of changes in node 32
Notifying downstream node 35 (text) of changes in node 32
Notifying downstream node 33 (text) of changes in node 28
Notifying downstream node 34 (text) of changes in node 28
Notifying downstream node 35 (text) of changes in node 28
[PlanNodeService] Updating downstream node 27 (for-each) because of changes in node 26: status,content
In patch there is a requirement to change status to OUTDATED
Emit event plan.node: 27 (patched keys: status, content)
[PlanNodeService] Updating downstream node 40 (merge) because of changes in node 27: status
In patch there is a requirement to change status to OUTDATED
Emit event plan.node: 40 (patched keys: status)
Notifying downstream node 32 (text) of changes in node 22
Notifying downstream node 35 (text) of changes in node 22
Notifying downstream node 23 (text) of changes in node 21
[PlanNodeService] Updating downstream node 23 (text) because of changes in node 21: status
In patch there is a requirement to change status to OUTDATED
Emit event plan.node: 23 (patched keys: status)
Notifying downstream node 32 (text) of changes in node 23
Notifying downstream node 32 (text) of changes in node 20
Notifying downstream node 33 (text) of changes in node 20
Notifying downstream node 32 (text) of changes in node 8
Notifying downstream node 34 (text) of changes in node 8
Notifying downstream node 35 (text) of changes in node 8
Notifying downstream node 36 (text) of changes in node 8
Notifying downstream node 10 (text) of changes in node 4
[PlanNodeService] Updating downstream node 10 (text) because of changes in node 4: status
In patch there is a requirement to change status to OUTDATED
Emit event plan.node: 10 (patched keys: status)
Notifying downstream node 11 (text) of changes in node 10
[PlanNodeService] Updating downstream node 11 (text) because of changes in node 10: status
In patch there is a requirement to change status to OUTDATED
Emit event plan.node: 11 (patched keys: status)
Notifying downstream node 12 (text) of changes in node 11
[PlanNodeService] Updating downstream node 12 (text) because of changes in node 11: status
In patch there is a requirement to change status to OUTDATED
Emit event plan.node: 12 (patched keys: status)
Notifying downstream node 16 (text) of changes in node 12
[PlanNodeService] Updating downstream node 16 (text) because of changes in node 12: status
In patch there is a requirement to change status to OUTDATED
Emit event plan.node: 16 (patched keys: status)
[PlanNodeService] Updating downstream node 17 (fix-problems) because of changes in node 16: status
In patch there is a requirement to change status to OUTDATED
Emit event plan.node: 17 (patched keys: status)
Notifying downstream node 18 (for-each-output) of changes in node 17
[PlanNodeService] Updating downstream node 18 (for-each-output) because of changes in node 17: status,content,summary
In patch there is a requirement to change status to OUTDATED
Invoking onUpdate handler for node 18 of type for-each-output
Emit event plan.node: 18 (patched keys: status, content, summary)
[PlanNodeService] Updating downstream node 13 (split) because of changes in node 11: status
In patch there is a requirement to change status to OUTDATED
Emit event plan.node: 13 (patched keys: status)
Notifying downstream node 14 (for-each) of changes in node 13
[ForEachProcessor] Updating node 14 for new input content (0 items) as content overrides for for-each-input node 15
In patch there is a requirement to change status to OUTDATED
Emit event plan.node: 15 (patched keys: content, status, summary)
Notifying downstream node 16 (text) of changes in node 15
[PlanNodeService] Updating downstream node 14 (for-each) because of changes in node 13: status,content
In patch there is a requirement to change status to OUTDATED
Emit event plan.node: 14 (patched keys: status, content)
[PlanNodeService] Updating downstream node 19 (merge) because of changes in node 14: status
In patch there is a requirement to change status to OUTDATED
Emit event plan.node: 19 (patched keys: status)
Notifying downstream node 20 (text) of changes in node 19
Notifying downstream node 22 (text) of changes in node 19
Notifying downstream node 23 (text) of changes in node 19
Notifying downstream node 32 (text) of changes in node 19
Notifying downstream node 35 (text) of changes in node 19
Notifying downstream node 36 (text) of changes in node 19
Notifying downstream node 12 (text) of changes in node 10
Notifying downstream node 16 (text) of changes in node 10
Notifying downstream node 12 (text) of changes in node 4
Notifying downstream node 16 (text) of changes in node 4
Notifying downstream node 20 (text) of changes in node 4
[PlanNodeService] regenerate node.node_type_settings {"userPrompt":"## Возрастной рейтинг произведения\n\n18+.{{#if (or (eq \"18+\" \"18+\") (eq \"18+\" \"NC-21\"))}} Всем героям не менее 18 лет.{{/if}}\n\n## Что нужно сделать\n\nОпиши мир, в котором происходит история. Дальнейшие узлы (сеттинг, персонажи, сюжет) строятся на этом описании и не противоречат ему. Канон, упомянутый в описании, дальнейшие узлы могут использовать как дополнительный источник деталей — без расхождения с тем, что здесь зафиксировано.\n\nВ описании отрази:\n- происхождение мира — оригинальный либо опирающийся на конкретное существующее произведение / вселенную (с явным названием источника одной строкой и описанием отношения: заимствует целиком, расходится по таким-то правилам, AU, what-if, продолжение во времени и т.п.);\n- ключевые правила и механики мира — то, чем он отличается от условно сегодняшнего дня (технология, магия, общественные институты, что возможно и невозможно). Для реалистичного современного мира достаточно одной фразы об отсутствии таких отличий;\n- важные локации и понятия, упомянутые или подразумеваемые синопсисом.\n\nУзнаваемые имена или места из чужой вселенной в синопсисе — повод назвать источник в описании мира прямо и явно. Дальнейшая генерация ориентируется только на это описание.\n\n## Формат\n\nПрозой, без буллетов и нумерации, без сносок и URL. На русском. Пиши столько, сколько нужно для самодостаточного описания мира; не раздувай ради объёма, верхняя граница — 1500 слов. Количество слов в выводе не указывай.\n\nОписывай мир статично — факты, правила, места. Сюжетные ходы, эмоциональный настрой истории и комментарии о том, как именно будет развиваться повествование, оставь следующим узлам.\n\n## Синопсис\n```\n{{[Синопсис]}}\n```"}
[PlanNodeService] regenerate settings {
  userPrompt: '## Возрастной рейтинг произведения\n' +
    '\n' +
    '18+.{{#if (or (eq "18+" "18+") (eq "18+" "NC-21"))}} Всем героям не менее 18 лет.{{/if}}\n' +
    '\n' +
    '## Что нужно сделать\n' +
    '\n' +
    'Опиши мир, в котором происходит история. Дальнейшие узлы (сеттинг, персонажи, сюжет) строятся на этом описании и не противоречат ему. Канон, упомянутый в описании, дальнейшие узлы могут использовать как дополнительный источник деталей — без расхождения с тем, что здесь зафиксировано.\n' +
    '\n' +
    'В описании отрази:\n' +
    '- происхождение мира — оригинальный либо опирающийся на конкретное существующее произведение / вселенную (с явным названием источника одной строкой и описанием отношения: заимствует целиком, расходится по таким-то правилам, AU, what-if, продолжение во времени и т.п.);\n' +
    '- ключевые правила и механики мира — то, чем он отличается от условно сегодняшнего дня (технология, магия, общественные институты, что возможно и невозможно). Для реалистичного современного мира достаточно одной фразы об отсутствии таких отличий;\n' +
    '- важные локации и понятия, упомянутые или подразумеваемые синопсисом.\n' +
    '\n' +
    'Узнаваемые имена или места из чужой вселенной в синопсисе — повод назвать источник в описании мира прямо и явно. Дальнейшая генерация ориентируется только на это описание.\n' +
    '\n' +
    '## Формат\n' +
    '\n' +
    'Прозой, без буллетов и нумерации, без сносок и URL. На русском. Пиши столько, сколько нужно для самодостаточного описания мира; не раздувай ради объёма, верхняя граница — 1500 слов. Количество слов в выводе не указывай.\n' +
    '\n' +
    'Описывай мир статично — факты, правила, места. Сюжетные ходы, эмоциональный настрой истории и комментарии о том, как именно будет развиваться повествование, оставь следующим узлам.\n' +
    '\n' +
    '## Синопсис\n' +
    '```\n' +
    '{{[Синопсис]}}\n' +
    '```'
}
[TextProcessor] regenerating node 2 (title: Черновик мира)
Returning '"ollama"...' as value of setting 'current_backend'
Returning '"ollama"...' as value of setting 'current_backend'
Returning '{"ollama":{"bas...' as value of setting 'ai_config'
Returning '{"ollama":{"bas...' as value of setting 'ai_config'
Emit emitOnGenerationEvent
[TextProcessor] generated content length: 7375
Returning 'false...' as value of setting 'auto_generate_summary'
In patch there is a requirement to change status to GENERATED
Emit event plan.node: 2 (patched keys: content, summary, status)
[regenerateSubtreeNodesContents] willRegenerate=true (regenerateManual=false)
In patch there is a requirement to change status to GENERATING
PROGRESS 172s Тема
Emit event plan.node: 5 (patched keys: status)
Notifying downstream node 9 (text) of changes in node 5
[PlanNodeService] Updating downstream node 9 (text) because of changes in node 5: status
In patch there is a requirement to change status to OUTDATED
Emit event plan.node: 9 (patched keys: status)
Notifying downstream node 10 (text) of changes in node 9
Notifying downstream node 12 (text) of changes in node 9
Notifying downstream node 16 (text) of changes in node 9
Notifying downstream node 34 (text) of changes in node 9
Notifying downstream node 35 (text) of changes in node 9
Notifying downstream node 36 (text) of changes in node 9
Notifying downstream node 10 (text) of changes in node 5
Notifying downstream node 11 (text) of changes in node 5
Notifying downstream node 12 (text) of changes in node 5
Notifying downstream node 16 (text) of changes in node 5
Notifying downstream node 20 (text) of changes in node 5
Notifying downstream node 23 (text) of changes in node 5
[PlanNodeService] regenerate node.node_type_settings {"userPrompt":"## Возрастной рейтинг произведения\n\n18+.{{#if (or (eq \"18+\" \"18+\") (eq \"18+\" \"NC-21\"))}} Всем героям не менее 18 лет.{{/if}}\n\n## Что нужно сделать\n\nПо синопсису сформулируй контролирующую идею произведения (по МакКи) — главную мысль о мире и человеке, которую рассказ утверждает. Это одна фраза, без воды и без оговорок.\n\nЗатем разверни её одним абзацем: о чём это «на самом деле», в чём конфликт ценностей, к чему приходит герой. 80–150 слов на абзац; количество слов в выводе не указывай.\n\nЭто формулировка темы, а не текст произведения. Не сочиняй сцены, не приводи фрагменты прозы рассказа, не пиши диалоги — только тема.\n\nПиши на русском языке. Источники не указывай.\n\n## Синопсис\n```\n{{[Синопсис]}}\n```"}
[PlanNodeService] regenerate settings {
  userPrompt: '## Возрастной рейтинг произведения\n' +
    '\n' +
    '18+.{{#if (or (eq "18+" "18+") (eq "18+" "NC-21"))}} Всем героям не менее 18 лет.{{/if}}\n' +
    '\n' +
    '## Что нужно сделать\n' +
    '\n' +
    'По синопсису сформулируй контролирующую идею произведения (по МакКи) — главную мысль о мире и человеке, которую рассказ утверждает. Это одна фраза, без воды и без оговорок.\n' +
    '\n' +
    'Затем разверни её одним абзацем: о чём это «на самом деле», в чём конфликт ценностей, к чему приходит герой. 80–150 слов на абзац; количество слов в выводе не указывай.\n' +
    '\n' +
    'Это формулировка темы, а не текст произведения. Не сочиняй сцены, не приводи фрагменты прозы рассказа, не пиши диалоги — только тема.\n' +
    '\n' +
    'Пиши на русском языке. Источники не указывай.\n' +
    '\n' +
    '## Синопсис\n' +
    '```\n' +
    '{{[Синопсис]}}\n' +
    '```'
}
[TextProcessor] regenerating node 5 (title: Тема)
Returning '"ollama"...' as value of setting 'current_backend'
Returning '"ollama"...' as value of setting 'current_backend'
Returning '{"ollama":{"bas...' as value of setting 'ai_config'
Returning '{"ollama":{"bas...' as value of setting 'ai_config'
Emit emitOnGenerationEvent
[TextProcessor] generated content length: 890
Returning 'false...' as value of setting 'auto_generate_summary'
In patch there is a requirement to change status to GENERATED
Emit event plan.node: 5 (patched keys: content, summary, status)
Notifying downstream node 9 (text) of changes in node 5
Notifying downstream node 10 (text) of changes in node 5
Notifying downstream node 11 (text) of changes in node 5
Notifying downstream node 12 (text) of changes in node 5
Notifying downstream node 16 (text) of changes in node 5
Notifying downstream node 20 (text) of changes in node 5
Notifying downstream node 23 (text) of changes in node 5
[regenerateSubtreeNodesContents] willRegenerate=true (regenerateManual=false)
In patch there is a requirement to change status to GENERATING
PROGRESS 194s Жанр и регистр
Emit event plan.node: 6 (patched keys: status)
Notifying downstream node 9 (text) of changes in node 6
Notifying downstream node 10 (text) of changes in node 6
Notifying downstream node 12 (text) of changes in node 6
Notifying downstream node 20 (text) of changes in node 6
[PlanNodeService] regenerate node.node_type_settings {"userPrompt":"## Возрастной рейтинг произведения (задан пользователем)\n\n18+.{{#if (or (eq \"18+\" \"18+\") (eq \"18+\" \"NC-21\"))}} Всем героям не менее 18 лет.{{/if}}\n\n## Что нужно сделать\n\nКлассифицируй жанр и регистр произведения. Первой строкой укажи рейтинг ровно так: `Рейтинг: 18+`. Затем одним коротким абзацем перечисли: жанр (с уточнением поджанра), интонация (ироническая, лирическая, отстранённая и т.д.), **целевая аудитория** (выведи из синопсиса, темы и рейтинга — должна соответствовать заданному рейтингу), ближайшие литературные ориентиры. 50–120 слов; количество слов в выводе не указывай.\n\nЭто классификация произведения, а не текст самого произведения. Не сочиняй сцены, не приводи фрагменты прозы рассказа, не пиши диалоги — только описание жанра и регистра.\n\nНа русском.\n\n## Синопсис\n```\n{{[Синопсис]}}\n```"}
[PlanNodeService] regenerate settings {
  userPrompt: '## Возрастной рейтинг произведения (задан пользователем)\n' +
    '\n' +
    '18+.{{#if (or (eq "18+" "18+") (eq "18+" "NC-21"))}} Всем героям не менее 18 лет.{{/if}}\n' +
    '\n' +
    '## Что нужно сделать\n' +
    '\n' +
    'Классифицируй жанр и регистр произведения. Первой строкой укажи рейтинг ровно так: `Рейтинг: 18+`. Затем одним коротким абзацем перечисли: жанр (с уточнением поджанра), интонация (ироническая, лирическая, отстранённая и т.д.), **целевая аудитория** (выведи из синопсиса, темы и рейтинга — должна соответствовать заданному рейтингу), ближайшие литературные ориентиры. 50–120 слов; количество слов в выводе не указывай.\n' +
    '\n' +
    'Это классификация произведения, а не текст самого произведения. Не сочиняй сцены, не приводи фрагменты прозы рассказа, не пиши диалоги — только описание жанра и регистра.\n' +
    '\n' +
    'На русском.\n' +
    '\n' +
    '## Синопсис\n' +
    '```\n' +
    '{{[Синопсис]}}\n' +
    '```'
}
[TextProcessor] regenerating node 6 (title: Жанр и регистр)
Returning '"ollama"...' as value of setting 'current_backend'
Returning '"ollama"...' as value of setting 'current_backend'
Returning '{"ollama":{"bas...' as value of setting 'ai_config'
Returning '{"ollama":{"bas...' as value of setting 'ai_config'
Emit emitOnGenerationEvent
[TextProcessor] generated content length: 470
Returning 'false...' as value of setting 'auto_generate_summary'
In patch there is a requirement to change status to GENERATED
Emit event plan.node: 6 (patched keys: content, summary, status)
Notifying downstream node 9 (text) of changes in node 6
Notifying downstream node 10 (text) of changes in node 6
Notifying downstream node 12 (text) of changes in node 6
Notifying downstream node 20 (text) of changes in node 6
[regenerateSubtreeNodesContents] node 7 not ready, missing sources: 4
[regenerateSubtreeNodesContents] node 8 not ready, missing sources: 7,4
[regenerateSubtreeNodesContents] node 11 not ready, missing sources: 10
[regenerateSubtreeNodesContents] node 14 not ready, missing sources: 13,4,9,10,12
[regenerateSubtreeNodesContents] node 20 not ready, missing sources: 19,8,4
[regenerateSubtreeNodesContents] node 25 not ready, missing sources: 24,19,4
[regenerateSubtreeNodesContents] node 27 not ready, missing sources: 26,20,22,19,8,23,9
[regenerateSubtreeNodesContents] willRegenerate=true (regenerateManual=false)
In patch there is a requirement to change status to GENERATING
PROGRESS 207s Ревью мира: физика
Emit event plan.node: 3 (patched keys: status)
[PlanNodeService] regenerate node.node_type_settings {"maxIterations":1,"minSeverityToFix":65,"foundProblemsTemplate":"Найденные проблемы","aiUserInstructionsToFindProblems":"## Возрастной рейтинг произведения\n\n18+.{{#if (or (eq \"18+\" \"18+\") (eq \"18+\" \"NC-21\"))}} Всем героям не менее 18 лет.{{/if}}\n\n## Что нужно сделать\n\nПроверить описание мира на одно: работает ли описанное в нём так, как описано. Связность с синопсисом, соответствие замыслу, стиль и полнота — не сюда, их смотрят другие узлы.\n\nПроверка одна на все находки: представь описанное снятым на видео одним куском, без монтажа. Видно, что так не выйдет, — находка. Сомнение без опоры — не находка.\n\nЗаявленные в файле правила самого мира (магия, техника, устройство общества) — данность. Проверяется всё остальное: то, что в этом мире работает как у нас.\n\nЭто разбор, а не текст истории: прозу не пиши, сцен не сочиняй, реплик не давай.\n\n## Что искать\n\n- **прибор описан так, как он не работает**: кто физически и чем меняет код домофона; что попадает в поле зрения камеры и что она пишет; где вызывная панель, где трубка, кто кому открывает; что делает доводчик; чем и с какой стороны запирается замок, что происходит при захлопывании; откуда берётся питание. Severity 80;\n- **здание описано так, как их не строят**: где ставят наружную лестницу и куда она ведёт, с какой высоты начинается её нижний марш; что бывает на фасаде и что на глухом торце; куда выходят окна и куда открываются двери; где чердак, подвал, технический этаж. Severity 75;\n- **размеры, высоты, расстояния и время невозможны или не сходятся между собой**: величина неправдоподобна сама по себе, либо две названные в файле величины противоречат друг другу — путь за такое время не проходят, этажа такой высоты не бывает, в комнату таких размеров это не встаёт. Severity 80;\n- **погода и материалы делают то, чего не делают**: ветер названной силы, снег, дождь, лёд, мороз, жара; что держит нагрузку, а что рвётся, гнётся, скользит, горит; сколько сохнет, сколько остывает, сколько держится след. Severity 70;\n- **центральный предмет посчитан на глаз**: вещь, вокруг которой строится сюжет, описана без единой величины — ни массы, ни размера, ни скорости, ни высоты, ни времени, прикинуть нечем. Severity 70;\n- **утверждение о физике центрального предмета не сходится**: прикинь числом — масса, парусность, скорость ветра, высота, время — и сверь с тем, что заявлено. Числа против заявления — Severity 90.\n\n## Формат вывода\n\nСписок находок, каждая — отдельный пункт: цитата из описания мира (одно предложение), затем чем это не работает, с числом или прикидкой там, где находка про величины, затем severity 0–100. До 60 слов на находку. Количество слов в выводе не указывай.\n\nШкала: 80–100 — на этом разваливается сюжетный ход или сцена; 65–79 — читатель, знающий предмет, спотыкается. Находки слабее 65 не выводи.\n\n{{[Черновик мира]}}\n```","aiUserInstructionsToFixProblems":"## Возрастной рейтинг произведения\n\n18+.{{#if (or (eq \"18+\" \"18+\") (eq \"18+\" \"NC-21\"))}} Всем героям не менее 18 лет.{{/if}}\n\n## Что нужно сделать\n\nПерепиши описание мира, устранив перечисленные ниже находки. Правь только названное в них; остальной текст переноси предложение в предложение.\n\nПравка — замена на то, что работает: другой прибор, другое устройство здания, другая величина, другой способ сделать то же самое. После правки величины сходятся между собой и с остальным текстом.\n\nЗаявленные правила мира остаются как есть — чинится описание вокруг них.\n\nПометок о правках не оставляй: ни оговорок, ни комментариев к находкам, ни выделения изменённого.\n\nФормат прежний: проза, без буллетов и нумерации, без сносок и URL, на русском. Верхняя граница — 1500 слов. Количество слов в выводе не указывай.\n\nВыводи только переписанное описание мира, без вступительных и заключительных фраз.\n\n{{[Черновик мира]}}\n```\n\n## Найденные проблемы\n```\n{{[Найденные проблемы]}}\n```","sourceNodeIdToFix":2}
[PlanNodeService] regenerate settings {
  maxIterations: 1,
  minSeverityToFix: 65,
  foundProblemsTemplate: 'Найденные проблемы',
  aiUserInstructionsToFindProblems: '## Возрастной рейтинг произведения\n' +
    '\n' +
    '18+.{{#if (or (eq "18+" "18+") (eq "18+" "NC-21"))}} Всем героям не менее 18 лет.{{/if}}\n' +
    '\n' +
    '## Что нужно сделать\n' +
    '\n' +
    'Проверить описание мира на одно: работает ли описанное в нём так, как описано. Связность с синопсисом, соответствие замыслу, стиль и полнота — не сюда, их смотрят другие узлы.\n' +
    '\n' +
    'Проверка одна на все находки: представь описанное снятым на видео одним куском, без монтажа. Видно, что так не выйдет, — находка. Сомнение без опоры — не находка.\n' +
    '\n' +
    'Заявленные в файле правила самого мира (магия, техника, устройство общества) — данность. Проверяется всё остальное: то, что в этом мире работает как у нас.\n' +
    '\n' +
    'Это разбор, а не текст истории: прозу не пиши, сцен не сочиняй, реплик не давай.\n' +
    '\n' +
    '## Что искать\n' +
    '\n' +
    '- **прибор описан так, как он не работает**: кто физически и чем меняет код домофона; что попадает в поле зрения камеры и что она пишет; где вызывная панель, где трубка, кто кому открывает; что делает доводчик; чем и с какой стороны запирается замок, что происходит при захлопывании; откуда берётся питание. Severity 80;\n' +
    '- **здание описано так, как их не строят**: где ставят наружную лестницу и куда она ведёт, с какой высоты начинается её нижний марш; что бывает на фасаде и что на глухом торце; куда выходят окна и куда открываются двери; где чердак, подвал, технический этаж. Severity 75;\n' +
    '- **размеры, высоты, расстояния и время невозможны или не сходятся между собой**: величина неправдоподобна сама по себе, либо две названные в файле величины противоречат друг другу — путь за такое время не проходят, этажа такой высоты не бывает, в комнату таких размеров это не встаёт. Severity 80;\n' +
    '- **погода и материалы делают то, чего не делают**: ветер названной силы, снег, дождь, лёд, мороз, жара; что держит нагрузку, а что рвётся, гнётся, скользит, горит; сколько сохнет, сколько остывает, сколько держится след. Severity 70;\n' +
    '- **центральный предмет посчитан на глаз**: вещь, вокруг которой строится сюжет, описана без единой величины — ни массы, ни размера, ни скорости, ни высоты, ни времени, прикинуть нечем. Severity 70;\n' +
    '- **утверждение о физике центрального предмета не сходится**: прикинь числом — масса, парусность, скорость ветра, высота, время — и сверь с тем, что заявлено. Числа против заявления — Severity 90.\n' +
    '\n' +
    '## Формат вывода\n' +
    '\n' +
    'Список находок, каждая — отдельный пункт: цитата из описания мира (одно предложение), затем чем это не работает, с числом или прикидкой там, где находка про величины, затем severity 0–100. До 60 слов на находку. Количество слов в выводе не указывай.\n' +
    '\n' +
    'Шкала: 80–100 — на этом разваливается сюжетный ход или сцена; 65–79 — читатель, знающий предмет, спотыкается. Находки слабее 65 не выводи.\n' +
    '\n' +
    '{{[Черновик мира]}}\n' +
    '```',
  aiUserInstructionsToFixProblems: '## Возрастной рейтинг произведения\n' +
    '\n' +
    '18+.{{#if (or (eq "18+" "18+") (eq "18+" "NC-21"))}} Всем героям не менее 18 лет.{{/if}}\n' +
    '\n' +
    '## Что нужно сделать\n' +
    '\n' +
    'Перепиши описание мира, устранив перечисленные ниже находки. Правь только названное в них; остальной текст переноси предложение в предложение.\n' +
    '\n' +
    'Правка — замена на то, что работает: другой прибор, другое устройство здания, другая величина, другой способ сделать то же самое. После правки величины сходятся между собой и с остальным текстом.\n' +
    '\n' +
    'Заявленные правила мира остаются как есть — чинится описание вокруг них.\n' +
    '\n' +
    'Пометок о правках не оставляй: ни оговорок, ни комментариев к находкам, ни выделения изменённого.\n' +
    '\n' +
    'Формат прежний: проза, без буллетов и нумерации, без сносок и URL, на русском. Верхняя граница — 1500 слов. Количество слов в выводе не указывай.\n' +
    '\n' +
    'Выводи только переписанное описание мира, без вступительных и заключительных фраз.\n' +
    '\n' +
    '{{[Черновик мира]}}\n' +
    '```\n' +
    '\n' +
    '## Найденные проблемы\n' +
    '```\n' +
    '{{[Найденные проблемы]}}\n' +
    '```',
  sourceNodeIdToFix: 2
}
[FixProblemsProcessor] regenerate node {
  id: 3,
  parent_id: null,
  title: 'Ревью мира: физика',
  content: null,
  position: 2,
  created_at: '2026-08-25 14:51:54',
  type: 'fix-problems',
  x: 620,
  y: 1042,
  summary: null,
  ai_sync_info: null,
  word_count: 0,
  char_count: 0,
  byte_count: 0,
  review_base_content: null,
  ai_improve_instruction: null,
  node_type_settings: '{"maxIterations":1,"minSeverityToFix":65,"foundProblemsTemplate":"Найденные проблемы","aiUserInstructionsToFindProblems":"## Возрастной рейтинг произведения\\n\\n18+.{{#if (or (eq \\"18+\\" \\"18+\\") (eq \\"18+\\" \\"NC-21\\"))}} Всем героям не менее 18 лет.{{/if}}\\n\\n## Что нужно сделать\\n\\nПроверить описание мира на одно: работает ли описанное в нём так, как описано. Связность с синопсисом, соответствие замыслу, стиль и полнота — не сюда, их смотрят другие узлы.\\n\\nПроверка одна на все находки: представь описанное снятым на видео одним куском, без монтажа. Видно, что так не выйдет, — находка. Сомнение без опоры — не находка.\\n\\nЗаявленные в файле правила самого мира (магия, техника, устройство общества) — данность. Проверяется всё остальное: то, что в этом мире работает как у нас.\\n\\nЭто разбор, а не текст истории: прозу не пиши, сцен не сочиняй, реплик не давай.\\n\\n## Что искать\\n\\n- **прибор описан так, как он не работает**: кто физически и чем меняет код домофона; что попадает в поле зрения камеры и что она пишет; где вызывная панель, где трубка, кто кому открывает; что делает доводчик; чем и с какой стороны запирается замок, что происходит при захлопывании; откуда берётся питание. Severity 80;\\n- **здание описано так, как их не строят**: где ставят наружную лестницу и куда она ведёт, с какой высоты начинается её нижний марш; что бывает на фасаде и что на глухом торце; куда выходят окна и куда открываются двери; где чердак, подвал, технический этаж. Severity 75;\\n- **размеры, высоты, расстояния и время невозможны или не сходятся между собой**: величина неправдоподобна сама по себе, либо две названные в файле величины противоречат друг другу — путь за такое время не проходят, этажа такой высоты не бывает, в комнату таких размеров это не встаёт. Severity 80;\\n- **погода и материалы делают то, чего не делают**: ветер названной силы, снег, дождь, лёд, мороз, жара; что держит нагрузку, а что рвётся, гнётся, скользит, горит; сколько сохнет, сколько остывает, сколько держится след. Severity 70;\\n- **центральный предмет посчитан на глаз**: вещь, вокруг которой строится сюжет, описана без единой величины — ни массы, ни размера, ни скорости, ни высоты, ни времени, прикинуть нечем. Severity 70;\\n- **утверждение о физике центрального предмета не сходится**: прикинь числом — масса, парусность, скорость ветра, высота, время — и сверь с тем, что заявлено. Числа против заявления — Severity 90.\\n\\n## Формат вывода\\n\\nСписок находок, каждая — отдельный пункт: цитата из описания мира (одно предложение), затем чем это не работает, с числом или прикидкой там, где находка про величины, затем severity 0–100. До 60 слов на находку. Количество слов в выводе не указывай.\\n\\nШкала: 80–100 — на этом разваливается сюжетный ход или сцена; 65–79 — читатель, знающий предмет, спотыкается. Находки слабее 65 не выводи.\\n\\n{{[Черновик мира]}}\\n```","aiUserInstructionsToFixProblems":"## Возрастной рейтинг произведения\\n\\n18+.{{#if (or (eq \\"18+\\" \\"18+\\") (eq \\"18+\\" \\"NC-21\\"))}} Всем героям не менее 18 лет.{{/if}}\\n\\n## Что нужно сделать\\n\\nПерепиши описание мира, устранив перечисленные ниже находки. Правь только названное в них; остальной текст переноси предложение в предложение.\\n\\nПравка — замена на то, что работает: другой прибор, другое устройство здания, другая величина, другой способ сделать то же самое. После правки величины сходятся между собой и с остальным текстом.\\n\\nЗаявленные правила мира остаются как есть — чинится описание вокруг них.\\n\\nПометок о правках не оставляй: ни оговорок, ни комментариев к находкам, ни выделения изменённого.\\n\\nФормат прежний: проза, без буллетов и нумерации, без сносок и URL, на русском. Верхняя граница — 1500 слов. Количество слов в выводе не указывай.\\n\\nВыводи только переписанное описание мира, без вступительных и заключительных фраз.\\n\\n{{[Черновик мира]}}\\n```\\n\\n## Найденные проблемы\\n```\\n{{[Найденные проблемы]}}\\n```","sourceNodeIdToFix":2}',
  status: 'GENERATING',
  ai_settings: null,
  in_review: 0,
  width: 200,
  height: 80
}
[FixProblemsProcessor] regenerate settings {
  maxIterations: 1,
  minSeverityToFix: 65,
  foundProblemsTemplate: 'Найденные проблемы',
  aiUserInstructionsToFindProblems: '## Возрастной рейтинг произведения\n' +
    '\n' +
    '18+.{{#if (or (eq "18+" "18+") (eq "18+" "NC-21"))}} Всем героям не менее 18 лет.{{/if}}\n' +
    '\n' +
    '## Что нужно сделать\n' +
    '\n' +
    'Проверить описание мира на одно: работает ли описанное в нём так, как описано. Связность с синопсисом, соответствие замыслу, стиль и полнота — не сюда, их смотрят другие узлы.\n' +
    '\n' +
    'Проверка одна на все находки: представь описанное снятым на видео одним куском, без монтажа. Видно, что так не выйдет, — находка. Сомнение без опоры — не находка.\n' +
    '\n' +
    'Заявленные в файле правила самого мира (магия, техника, устройство общества) — данность. Проверяется всё остальное: то, что в этом мире работает как у нас.\n' +
    '\n' +
    'Это разбор, а не текст истории: прозу не пиши, сцен не сочиняй, реплик не давай.\n' +
    '\n' +
    '## Что искать\n' +
    '\n' +
    '- **прибор описан так, как он не работает**: кто физически и чем меняет код домофона; что попадает в поле зрения камеры и что она пишет; где вызывная панель, где трубка, кто кому открывает; что делает доводчик; чем и с какой стороны запирается замок, что происходит при захлопывании; откуда берётся питание. Severity 80;\n' +
    '- **здание описано так, как их не строят**: где ставят наружную лестницу и куда она ведёт, с какой высоты начинается её нижний марш; что бывает на фасаде и что на глухом торце; куда выходят окна и куда открываются двери; где чердак, подвал, технический этаж. Severity 75;\n' +
    '- **размеры, высоты, расстояния и время невозможны или не сходятся между собой**: величина неправдоподобна сама по себе, либо две названные в файле величины противоречат друг другу — путь за такое время не проходят, этажа такой высоты не бывает, в комнату таких размеров это не встаёт. Severity 80;\n' +
    '- **погода и материалы делают то, чего не делают**: ветер названной силы, снег, дождь, лёд, мороз, жара; что держит нагрузку, а что рвётся, гнётся, скользит, горит; сколько сохнет, сколько остывает, сколько держится след. Severity 70;\n' +
    '- **центральный предмет посчитан на глаз**: вещь, вокруг которой строится сюжет, описана без единой величины — ни массы, ни размера, ни скорости, ни высоты, ни времени, прикинуть нечем. Severity 70;\n' +
    '- **утверждение о физике центрального предмета не сходится**: прикинь числом — масса, парусность, скорость ветра, высота, время — и сверь с тем, что заявлено. Числа против заявления — Severity 90.\n' +
    '\n' +
    '## Формат вывода\n' +
    '\n' +
    'Список находок, каждая — отдельный пункт: цитата из описания мира (одно предложение), затем чем это не работает, с числом или прикидкой там, где находка про величины, затем severity 0–100. До 60 слов на находку. Количество слов в выводе не указывай.\n' +
    '\n' +
    'Шкала: 80–100 — на этом разваливается сюжетный ход или сцена; 65–79 — читатель, знающий предмет, спотыкается. Находки слабее 65 не выводи.\n' +
    '\n' +
    '{{[Черновик мира]}}\n' +
    '```',
  aiUserInstructionsToFixProblems: '## Возрастной рейтинг произведения\n' +
    '\n' +
    '18+.{{#if (or (eq "18+" "18+") (eq "18+" "NC-21"))}} Всем героям не менее 18 лет.{{/if}}\n' +
    '\n' +
    '## Что нужно сделать\n' +
    '\n' +
    'Перепиши описание мира, устранив перечисленные ниже находки. Правь только названное в них; остальной текст переноси предложение в предложение.\n' +
    '\n' +
    'Правка — замена на то, что работает: другой прибор, другое устройство здания, другая величина, другой способ сделать то же самое. После правки величины сходятся между собой и с остальным текстом.\n' +
    '\n' +
    'Заявленные правила мира остаются как есть — чинится описание вокруг них.\n' +
    '\n' +
    'Пометок о правках не оставляй: ни оговорок, ни комментариев к находкам, ни выделения изменённого.\n' +
    '\n' +
    'Формат прежний: проза, без буллетов и нумерации, без сносок и URL, на русском. Верхняя граница — 1500 слов. Количество слов в выводе не указывай.\n' +
    '\n' +
    'Выводи только переписанное описание мира, без вступительных и заключительных фраз.\n' +
    '\n' +
    '{{[Черновик мира]}}\n' +
    '```\n' +
    '\n' +
    '## Найденные проблемы\n' +
    '```\n' +
    '{{[Найденные проблемы]}}\n' +
    '```',
  sourceNodeIdToFix: 2
}
Returning '"ollama"...' as value of setting 'current_backend'
Returning '"ollama"...' as value of setting 'current_backend'
Returning '{"ollama":{"bas...' as value of setting 'ai_config'
Returning '{"ollama":{"bas...' as value of setting 'ai_config'
Emit emitOnGenerationEvent
Returning '"ollama"...' as value of setting 'current_backend'
Returning '"ollama"...' as value of setting 'current_backend'
Returning '{"ollama":{"bas...' as value of setting 'ai_config'
Returning '{"ollama":{"bas...' as value of setting 'ai_config'
Emit emitOnGenerationEvent
Returning 'false...' as value of setting 'auto_generate_summary'
In patch there is a requirement to change status to GENERATED
Emit event plan.node: 3 (patched keys: content, status, summary)
[regenerateSubtreeNodesContents] willRegenerate=true (regenerateManual=false)
In patch there is a requirement to change status to GENERATING
PROGRESS 384s Стиль
Emit event plan.node: 9 (patched keys: status)
Notifying downstream node 10 (text) of changes in node 9
Notifying downstream node 12 (text) of changes in node 9
Notifying downstream node 16 (text) of changes in node 9
Notifying downstream node 34 (text) of changes in node 9
Notifying downstream node 35 (text) of changes in node 9
Notifying downstream node 36 (text) of changes in node 9
[PlanNodeService] regenerate node.node_type_settings {"userPrompt":"## Возрастной рейтинг произведения\n\n18+.{{#if (or (eq \"18+\" \"18+\") (eq \"18+\" \"NC-21\"))}} Всем героям не менее 18 лет.{{/if}}\n\n## Тема\n```\n{{[Тема]}}\n```\n\n## Жанр и регистр\n```\n{{[Жанр и регистр]}}\n```\n\n## Что нужно сделать\n\nСформулируй правила стиля для рассказа: точка зрения (POV: от первого/третьего лица, ограниченный/всезнающий), время повествования, типичная длина предложения, ритм, характер словаря (бытовой, поэтичный, технический), табу (что НЕ делать: канцелярит, бранные клише, прямые обращения к читателю и т.д.).\n\nПрозой, без раздувания, верхняя граница — 1500 слов. Количество слов в выводе не указывай. На русском."}
[PlanNodeService] regenerate settings {
  userPrompt: '## Возрастной рейтинг произведения\n' +
    '\n' +
    '18+.{{#if (or (eq "18+" "18+") (eq "18+" "NC-21"))}} Всем героям не менее 18 лет.{{/if}}\n' +
    '\n' +
    '## Тема\n' +
    '```\n' +
    '{{[Тема]}}\n' +
    '```\n' +
    '\n' +
    '## Жанр и регистр\n' +
    '```\n' +
    '{{[Жанр и регистр]}}\n' +
    '```\n' +
    '\n' +
    '## Что нужно сделать\n' +
    '\n' +
    'Сформулируй правила стиля для рассказа: точка зрения (POV: от первого/третьего лица, ограниченный/всезнающий), время повествования, типичная длина предложения, ритм, характер словаря (бытовой, поэтичный, технический), табу (что НЕ делать: канцелярит, бранные клише, прямые обращения к читателю и т.д.).\n' +
    '\n' +
    'Прозой, без раздувания, верхняя граница — 1500 слов. Количество слов в выводе не указывай. На русском.'
}
[TextProcessor] regenerating node 9 (title: Стиль)
Returning '"ollama"...' as value of setting 'current_backend'
Returning '"ollama"...' as value of setting 'current_backend'
Returning '{"ollama":{"bas...' as value of setting 'ai_config'
Returning '{"ollama":{"bas...' as value of setting 'ai_config'
Emit emitOnGenerationEvent
[TextProcessor] generated content length: 7148
Returning 'false...' as value of setting 'auto_generate_summary'
In patch there is a requirement to change status to GENERATED
Emit event plan.node: 9 (patched keys: content, summary, status)
Notifying downstream node 10 (text) of changes in node 9
Notifying downstream node 12 (text) of changes in node 9
Notifying downstream node 16 (text) of changes in node 9
Notifying downstream node 34 (text) of changes in node 9
Notifying downstream node 35 (text) of changes in node 9
Notifying downstream node 36 (text) of changes in node 9
[regenerateSubtreeNodesContents] node 10 not ready, missing sources: 4
[regenerateSubtreeNodesContents] node 12 not ready, missing sources: 11,4,10
[regenerateSubtreeNodesContents] node 23 not ready, missing sources: 21,19
[regenerateSubtreeNodesContents] node 7 not ready, missing sources: 4
[regenerateSubtreeNodesContents] node 8 not ready, missing sources: 7,4
[regenerateSubtreeNodesContents] node 11 not ready, missing sources: 10
[regenerateSubtreeNodesContents] node 14 not ready, missing sources: 13,4,10,12
[regenerateSubtreeNodesContents] node 20 not ready, missing sources: 19,8,4
[regenerateSubtreeNodesContents] node 25 not ready, missing sources: 24,19,4
[regenerateSubtreeNodesContents] node 27 not ready, missing sources: 26,20,22,19,8,23
[regenerateSubtreeNodesContents] willRegenerate=true (regenerateManual=false)
In patch there is a requirement to change status to GENERATING
PROGRESS 516s Мир
Emit event plan.node: 4 (patched keys: status)
Notifying downstream node 7 (text) of changes in node 4
Notifying downstream node 10 (text) of changes in node 4
Notifying downstream node 12 (text) of changes in node 4
Notifying downstream node 16 (text) of changes in node 4
Notifying downstream node 20 (text) of changes in node 4
[PlanNodeService] regenerate node.node_type_settings {"maxIterations":1,"minSeverityToFix":60,"foundProblemsTemplate":"Найденные проблемы","aiUserInstructionsToFindProblems":"## Возрастной рейтинг произведения\n\n18+.{{#if (or (eq \"18+\" \"18+\") (eq \"18+\" \"NC-21\"))}} Всем героям не менее 18 лет.{{/if}}\n\n## Что искать\n\nФайлы «Мир» и «Сеттинг» ниже читает планировщик сцен, а план планировщика читает автор прозы. Проверка одна: названное здесь должно оставаться опознаваемым после обеих передач. Это разбор, а не текст произведения: прозу не пиши, сцен не сочиняй, исправленных формулировок не приводи — только перечень находок.\n\nКлассы находок:\n\n- **вещь названа по признаку, а не по имени** — обозначена через материал, форму, часть или производимое действие, тогда как у неё есть слово, которым её зовут люди. Провал: «из решётки ответил», где решётка — динамик домофона. Severity 75.\n- **элемент введён как известный, объявления нет** — «ниша», «стояк», «отмостка», «пристройка» и подобное употреблено так, будто читатель уже знает, о чём речь, а нигде в двух файлах эта вещь не названа и не описана. Severity 80.\n- **ключевая геометрия в одной фразе** — взаимное расположение, от которого зависит действие, упаковано в один оборот и опирается на ориентиры, которых читатель ещё не получил. Severity 75.\n- **опись вместо картины** — предметы идут подряд через запятую, без действия, веса и точки зрения; такое перечисление просится быть переписанным списком. Severity 65.\n- **перечень отсутствующего** — место описано через то, чего в нём нет: «не было ни тряпки, ни пакета, ни коврика». Severity 60.\n- **главное движение истории без размеров** — проход, проём, расстояние или преграда, вокруг которых строится действие, даны на глаз, тогда как второстепенные вещи в тех же файлах измерены. Severity 70.\n- **человек действует, но в перечне людей его нет** — кто-то смотрит, впускает, дежурит, окликает, звонит, а среди обитателей, соседей, персонала он не объявлен. Severity 80.\n- **иноязычные вставки в русском тексте** — непереведённые термины, латиница внутри прозы, нелокализованные имена собственные. Не нарушение: имена и названия из канона, названного в файле «Мир». Severity 85.\n\nШкала severity: 80–100 — блокирующее, дальше по конвейеру вещь пойдёт неопознанной; 60–79 — заметное, читатель споткнётся. Ниже 60 не выноси. Цифра рядом с классом — для явного случая; слабый случай того же класса оценивай ниже, в границах шкалы.\n\nКаждой находке укажи severity 0–100, назови файл — «Мир» или «Сеттинг» — и приведи короткую цитату места. Одно место — один пункт.\n\n{{[Ревью мира: физика]}}\n```","aiUserInstructionsToFixProblems":"## Возрастной рейтинг произведения\n\n18+.{{#if (or (eq \"18+\" \"18+\") (eq \"18+\" \"NC-21\"))}} Всем героям не менее 18 лет.{{/if}}\n\n## Что нужно сделать\n\nПерепиши файл «Мир», сняв найденные проблемы. Правится только «Мир»; «Сеттинг» приложен для сверки и остаётся как есть. Находка, отнесённая к «Сеттингу», снимается всё равно в «Мире»: вещь, которую «Сеттинг» упоминает как известную, объявляется и называется здесь.\n\nПо классам находок:\n\n- вещи, названной по признаку или части, верни слово, которым её зовут люди, и в том же месте свяжи это слово с признаком, под которым вещь уже упоминалась;\n- элементу, введённому как известный, дай объявление раньше первого использования: что это, где находится, для чего;\n- ключевую геометрию разложи на отдельные предложения, ориентиры вводи до ссылки на них;\n- опись разбери на картину: оставь то, что участвует в действии, дай предметам вес и порядок восприятия, остальное убери;\n- перечень отсутствующего замени утверждением о том, что на месте есть;\n- главному движению истории дай размеры в тех же единицах, в которых измерены второстепенные вещи рядом;\n- действующего человека внеси в перечень людей: кто он, чем занят, когда бывает на месте;\n- иноязычные вставки переведи на русский, сохранив канонические имена из названного в файле источника.\n\nОграничения:\n\n- факты, правила, канон и география мира сохраняются — меняется то, как они названы и введены. Новых сущностей не добавляй; добавляются только объявления тех, что уже упомянуты;\n- формат прежний: сплошная проза, без буллетов и нумерации, без сносок и URL, на русском. Разобранная опись остаётся прозой, списком её не оформляй;\n- мир описывается статично — факты, правила, места. Сюжетных ходов, сцен, диалогов и реплик здесь нет;\n- верхняя граница — 1500 слов, количество слов в выводе не указывай. Всё, чего находки не касаются, сохраняется целиком: объём после правки не проседает.\n\nВыводи только переписанный файл «Мир», без вступительных и заключительных фраз.\n\n{{[Ревью мира: физика]}}\n```\n\n## Найденные проблемы\n```\n{{[Найденные проблемы]}}\n```","sourceNodeIdToFix":3}
[PlanNodeService] regenerate settings {
  maxIterations: 1,
  minSeverityToFix: 60,
  foundProblemsTemplate: 'Найденные проблемы',
  aiUserInstructionsToFindProblems: '## Возрастной рейтинг произведения\n' +
    '\n' +
    '18+.{{#if (or (eq "18+" "18+") (eq "18+" "NC-21"))}} Всем героям не менее 18 лет.{{/if}}\n' +
    '\n' +
    '## Что искать\n' +
    '\n' +
    'Файлы «Мир» и «Сеттинг» ниже читает планировщик сцен, а план планировщика читает автор прозы. Проверка одна: названное здесь должно оставаться опознаваемым после обеих передач. Это разбор, а не текст произведения: прозу не пиши, сцен не сочиняй, исправленных формулировок не приводи — только перечень находок.\n' +
    '\n' +
    'Классы находок:\n' +
    '\n' +
    '- **вещь названа по признаку, а не по имени** — обозначена через материал, форму, часть или производимое действие, тогда как у неё есть слово, которым её зовут люди. Провал: «из решётки ответил», где решётка — динамик домофона. Severity 75.\n' +
    '- **элемент введён как известный, объявления нет** — «ниша», «стояк», «отмостка», «пристройка» и подобное употреблено так, будто читатель уже знает, о чём речь, а нигде в двух файлах эта вещь не названа и не описана. Severity 80.\n' +
    '- **ключевая геометрия в одной фразе** — взаимное расположение, от которого зависит действие, упаковано в один оборот и опирается на ориентиры, которых читатель ещё не получил. Severity 75.\n' +
    '- **опись вместо картины** — предметы идут подряд через запятую, без действия, веса и точки зрения; такое перечисление просится быть переписанным списком. Severity 65.\n' +
    '- **перечень отсутствующего** — место описано через то, чего в нём нет: «не было ни тряпки, ни пакета, ни коврика». Severity 60.\n' +
    '- **главное движение истории без размеров** — проход, проём, расстояние или преграда, вокруг которых строится действие, даны на глаз, тогда как второстепенные вещи в тех же файлах измерены. Severity 70.\n' +
    '- **человек действует, но в перечне людей его нет** — кто-то смотрит, впускает, дежурит, окликает, звонит, а среди обитателей, соседей, персонала он не объявлен. Severity 80.\n' +
    '- **иноязычные вставки в русском тексте** — непереведённые термины, латиница внутри прозы, нелокализованные имена собственные. Не нарушение: имена и названия из канона, названного в файле «Мир». Severity 85.\n' +
    '\n' +
    'Шкала severity: 80–100 — блокирующее, дальше по конвейеру вещь пойдёт неопознанной; 60–79 — заметное, читатель споткнётся. Ниже 60 не выноси. Цифра рядом с классом — для явного случая; слабый случай того же класса оценивай ниже, в границах шкалы.\n' +
    '\n' +
    'Каждой находке укажи severity 0–100, назови файл — «Мир» или «Сеттинг» — и приведи короткую цитату места. Одно место — один пункт.\n' +
    '\n' +
    '{{[Ревью мира: физика]}}\n' +
    '```',
  aiUserInstructionsToFixProblems: '## Возрастной рейтинг произведения\n' +
    '\n' +
    '18+.{{#if (or (eq "18+" "18+") (eq "18+" "NC-21"))}} Всем героям не менее 18 лет.{{/if}}\n' +
    '\n' +
    '## Что нужно сделать\n' +
    '\n' +
    'Перепиши файл «Мир», сняв найденные проблемы. Правится только «Мир»; «Сеттинг» приложен для сверки и остаётся как есть. Находка, отнесённая к «Сеттингу», снимается всё равно в «Мире»: вещь, которую «Сеттинг» упоминает как известную, объявляется и называется здесь.\n' +
    '\n' +
    'По классам находок:\n' +
    '\n' +
    '- вещи, названной по признаку или части, верни слово, которым её зовут люди, и в том же месте свяжи это слово с признаком, под которым вещь уже упоминалась;\n' +
    '- элементу, введённому как известный, дай объявление раньше первого использования: что это, где находится, для чего;\n' +
    '- ключевую геометрию разложи на отдельные предложения, ориентиры вводи до ссылки на них;\n' +
    '- опись разбери на картину: оставь то, что участвует в действии, дай предметам вес и порядок восприятия, остальное убери;\n' +
    '- перечень отсутствующего замени утверждением о том, что на месте есть;\n' +
    '- главному движению истории дай размеры в тех же единицах, в которых измерены второстепенные вещи рядом;\n' +
    '- действующего человека внеси в перечень людей: кто он, чем занят, когда бывает на месте;\n' +
    '- иноязычные вставки переведи на русский, сохранив канонические имена из названного в файле источника.\n' +
    '\n' +
    'Ограничения:\n' +
    '\n' +
    '- факты, правила, канон и география мира сохраняются — меняется то, как они названы и введены. Новых сущностей не добавляй; добавляются только объявления тех, что уже упомянуты;\n' +
    '- формат прежний: сплошная проза, без буллетов и нумерации, без сносок и URL, на русском. Разобранная опись остаётся прозой, списком её не оформляй;\n' +
    '- мир описывается статично — факты, правила, места. Сюжетных ходов, сцен, диалогов и реплик здесь нет;\n' +
    '- верхняя граница — 1500 слов, количество слов в выводе не указывай. Всё, чего находки не касаются, сохраняется целиком: объём после правки не проседает.\n' +
    '\n' +
    'Выводи только переписанный файл «Мир», без вступительных и заключительных фраз.\n' +
    '\n' +
    '{{[Ревью мира: физика]}}\n' +
    '```\n' +
    '\n' +
    '## Найденные проблемы\n' +
    '```\n' +
    '{{[Найденные проблемы]}}\n' +
    '```',
  sourceNodeIdToFix: 3
}
[FixProblemsProcessor] regenerate node {
  id: 4,
  parent_id: null,
  title: 'Мир',
  content: null,
  position: 3,
  created_at: '2026-08-25 14:51:54',
  type: 'fix-problems',
  x: 900,
  y: 1042,
  summary: null,
  ai_sync_info: null,
  word_count: 0,
  char_count: 0,
  byte_count: 0,
  review_base_content: null,
  ai_improve_instruction: null,
  node_type_settings: '{"maxIterations":1,"minSeverityToFix":60,"foundProblemsTemplate":"Найденные проблемы","aiUserInstructionsToFindProblems":"## Возрастной рейтинг произведения\\n\\n18+.{{#if (or (eq \\"18+\\" \\"18+\\") (eq \\"18+\\" \\"NC-21\\"))}} Всем героям не менее 18 лет.{{/if}}\\n\\n## Что искать\\n\\nФайлы «Мир» и «Сеттинг» ниже читает планировщик сцен, а план планировщика читает автор прозы. Проверка одна: названное здесь должно оставаться опознаваемым после обеих передач. Это разбор, а не текст произведения: прозу не пиши, сцен не сочиняй, исправленных формулировок не приводи — только перечень находок.\\n\\nКлассы находок:\\n\\n- **вещь названа по признаку, а не по имени** — обозначена через материал, форму, часть или производимое действие, тогда как у неё есть слово, которым её зовут люди. Провал: «из решётки ответил», где решётка — динамик домофона. Severity 75.\\n- **элемент введён как известный, объявления нет** — «ниша», «стояк», «отмостка», «пристройка» и подобное употреблено так, будто читатель уже знает, о чём речь, а нигде в двух файлах эта вещь не названа и не описана. Severity 80.\\n- **ключевая геометрия в одной фразе** — взаимное расположение, от которого зависит действие, упаковано в один оборот и опирается на ориентиры, которых читатель ещё не получил. Severity 75.\\n- **опись вместо картины** — предметы идут подряд через запятую, без действия, веса и точки зрения; такое перечисление просится быть переписанным списком. Severity 65.\\n- **перечень отсутствующего** — место описано через то, чего в нём нет: «не было ни тряпки, ни пакета, ни коврика». Severity 60.\\n- **главное движение истории без размеров** — проход, проём, расстояние или преграда, вокруг которых строится действие, даны на глаз, тогда как второстепенные вещи в тех же файлах измерены. Severity 70.\\n- **человек действует, но в перечне людей его нет** — кто-то смотрит, впускает, дежурит, окликает, звонит, а среди обитателей, соседей, персонала он не объявлен. Severity 80.\\n- **иноязычные вставки в русском тексте** — непереведённые термины, латиница внутри прозы, нелокализованные имена собственные. Не нарушение: имена и названия из канона, названного в файле «Мир». Severity 85.\\n\\nШкала severity: 80–100 — блокирующее, дальше по конвейеру вещь пойдёт неопознанной; 60–79 — заметное, читатель споткнётся. Ниже 60 не выноси. Цифра рядом с классом — для явного случая; слабый случай того же класса оценивай ниже, в границах шкалы.\\n\\nКаждой находке укажи severity 0–100, назови файл — «Мир» или «Сеттинг» — и приведи короткую цитату места. Одно место — один пункт.\\n\\n{{[Ревью мира: физика]}}\\n```","aiUserInstructionsToFixProblems":"## Возрастной рейтинг произведения\\n\\n18+.{{#if (or (eq \\"18+\\" \\"18+\\") (eq \\"18+\\" \\"NC-21\\"))}} Всем героям не менее 18 лет.{{/if}}\\n\\n## Что нужно сделать\\n\\nПерепиши файл «Мир», сняв найденные проблемы. Правится только «Мир»; «Сеттинг» приложен для сверки и остаётся как есть. Находка, отнесённая к «Сеттингу», снимается всё равно в «Мире»: вещь, которую «Сеттинг» упоминает как известную, объявляется и называется здесь.\\n\\nПо классам находок:\\n\\n- вещи, названной по признаку или части, верни слово, которым её зовут люди, и в том же месте свяжи это слово с признаком, под которым вещь уже упоминалась;\\n- элементу, введённому как известный, дай объявление раньше первого использования: что это, где находится, для чего;\\n- ключевую геометрию разложи на отдельные предложения, ориентиры вводи до ссылки на них;\\n- опись разбери на картину: оставь то, что участвует в действии, дай предметам вес и порядок восприятия, остальное убери;\\n- перечень отсутствующего замени утверждением о том, что на месте есть;\\n- главному движению истории дай размеры в тех же единицах, в которых измерены второстепенные вещи рядом;\\n- действующего человека внеси в перечень людей: кто он, чем занят, когда бывает на месте;\\n- иноязычные вставки переведи на русский, сохранив канонические имена из названного в файле источника.\\n\\nОграничения:\\n\\n- факты, правила, канон и география мира сохраняются — меняется то, как они названы и введены. Новых сущностей не добавляй; добавляются только объявления тех, что уже упомянуты;\\n- формат прежний: сплошная проза, без буллетов и нумерации, без сносок и URL, на русском. Разобранная опись остаётся прозой, списком её не оформляй;\\n- мир описывается статично — факты, правила, места. Сюжетных ходов, сцен, диалогов и реплик здесь нет;\\n- верхняя граница — 1500 слов, количество слов в выводе не указывай. Всё, чего находки не касаются, сохраняется целиком: объём после правки не проседает.\\n\\nВыводи только переписанный файл «Мир», без вступительных и заключительных фраз.\\n\\n{{[Ревью мира: физика]}}\\n```\\n\\n## Найденные проблемы\\n```\\n{{[Найденные проблемы]}}\\n```","sourceNodeIdToFix":3}',
  status: 'GENERATING',
  ai_settings: null,
  in_review: 0,
  width: 200,
  height: 80
}
[FixProblemsProcessor] regenerate settings {
  maxIterations: 1,
  minSeverityToFix: 60,
  foundProblemsTemplate: 'Найденные проблемы',
  aiUserInstructionsToFindProblems: '## Возрастной рейтинг произведения\n' +
    '\n' +
    '18+.{{#if (or (eq "18+" "18+") (eq "18+" "NC-21"))}} Всем героям не менее 18 лет.{{/if}}\n' +
    '\n' +
    '## Что искать\n' +
    '\n' +
    'Файлы «Мир» и «Сеттинг» ниже читает планировщик сцен, а план планировщика читает автор прозы. Проверка одна: названное здесь должно оставаться опознаваемым после обеих передач. Это разбор, а не текст произведения: прозу не пиши, сцен не сочиняй, исправленных формулировок не приводи — только перечень находок.\n' +
    '\n' +
    'Классы находок:\n' +
    '\n' +
    '- **вещь названа по признаку, а не по имени** — обозначена через материал, форму, часть или производимое действие, тогда как у неё есть слово, которым её зовут люди. Провал: «из решётки ответил», где решётка — динамик домофона. Severity 75.\n' +
    '- **элемент введён как известный, объявления нет** — «ниша», «стояк», «отмостка», «пристройка» и подобное употреблено так, будто читатель уже знает, о чём речь, а нигде в двух файлах эта вещь не названа и не описана. Severity 80.\n' +
    '- **ключевая геометрия в одной фразе** — взаимное расположение, от которого зависит действие, упаковано в один оборот и опирается на ориентиры, которых читатель ещё не получил. Severity 75.\n' +
    '- **опись вместо картины** — предметы идут подряд через запятую, без действия, веса и точки зрения; такое перечисление просится быть переписанным списком. Severity 65.\n' +
    '- **перечень отсутствующего** — место описано через то, чего в нём нет: «не было ни тряпки, ни пакета, ни коврика». Severity 60.\n' +
    '- **главное движение истории без размеров** — проход, проём, расстояние или преграда, вокруг которых строится действие, даны на глаз, тогда как второстепенные вещи в тех же файлах измерены. Severity 70.\n' +
    '- **человек действует, но в перечне людей его нет** — кто-то смотрит, впускает, дежурит, окликает, звонит, а среди обитателей, соседей, персонала он не объявлен. Severity 80.\n' +
    '- **иноязычные вставки в русском тексте** — непереведённые термины, латиница внутри прозы, нелокализованные имена собственные. Не нарушение: имена и названия из канона, названного в файле «Мир». Severity 85.\n' +
    '\n' +
    'Шкала severity: 80–100 — блокирующее, дальше по конвейеру вещь пойдёт неопознанной; 60–79 — заметное, читатель споткнётся. Ниже 60 не выноси. Цифра рядом с классом — для явного случая; слабый случай того же класса оценивай ниже, в границах шкалы.\n' +
    '\n' +
    'Каждой находке укажи severity 0–100, назови файл — «Мир» или «Сеттинг» — и приведи короткую цитату места. Одно место — один пункт.\n' +
    '\n' +
    '{{[Ревью мира: физика]}}\n' +
    '```',
  aiUserInstructionsToFixProblems: '## Возрастной рейтинг произведения\n' +
    '\n' +
    '18+.{{#if (or (eq "18+" "18+") (eq "18+" "NC-21"))}} Всем героям не менее 18 лет.{{/if}}\n' +
    '\n' +
    '## Что нужно сделать\n' +
    '\n' +
    'Перепиши файл «Мир», сняв найденные проблемы. Правится только «Мир»; «Сеттинг» приложен для сверки и остаётся как есть. Находка, отнесённая к «Сеттингу», снимается всё равно в «Мире»: вещь, которую «Сеттинг» упоминает как известную, объявляется и называется здесь.\n' +
    '\n' +
    'По классам находок:\n' +
    '\n' +
    '- вещи, названной по признаку или части, верни слово, которым её зовут люди, и в том же месте свяжи это слово с признаком, под которым вещь уже упоминалась;\n' +
    '- элементу, введённому как известный, дай объявление раньше первого использования: что это, где находится, для чего;\n' +
    '- ключевую геометрию разложи на отдельные предложения, ориентиры вводи до ссылки на них;\n' +
    '- опись разбери на картину: оставь то, что участвует в действии, дай предметам вес и порядок восприятия, остальное убери;\n' +
    '- перечень отсутствующего замени утверждением о том, что на месте есть;\n' +
    '- главному движению истории дай размеры в тех же единицах, в которых измерены второстепенные вещи рядом;\n' +
    '- действующего человека внеси в перечень людей: кто он, чем занят, когда бывает на месте;\n' +
    '- иноязычные вставки переведи на русский, сохранив канонические имена из названного в файле источника.\n' +
    '\n' +
    'Ограничения:\n' +
    '\n' +
    '- факты, правила, канон и география мира сохраняются — меняется то, как они названы и введены. Новых сущностей не добавляй; добавляются только объявления тех, что уже упомянуты;\n' +
    '- формат прежний: сплошная проза, без буллетов и нумерации, без сносок и URL, на русском. Разобранная опись остаётся прозой, списком её не оформляй;\n' +
    '- мир описывается статично — факты, правила, места. Сюжетных ходов, сцен, диалогов и реплик здесь нет;\n' +
    '- верхняя граница — 1500 слов, количество слов в выводе не указывай. Всё, чего находки не касаются, сохраняется целиком: объём после правки не проседает.\n' +
    '\n' +
    'Выводи только переписанный файл «Мир», без вступительных и заключительных фраз.\n' +
    '\n' +
    '{{[Ревью мира: физика]}}\n' +
    '```\n' +
    '\n' +
    '## Найденные проблемы\n' +
    '```\n' +
    '{{[Найденные проблемы]}}\n' +
    '```',
  sourceNodeIdToFix: 3
}
Returning '"ollama"...' as value of setting 'current_backend'
Returning '"ollama"...' as value of setting 'current_backend'
Returning '{"ollama":{"bas...' as value of setting 'ai_config'
Returning '{"ollama":{"bas...' as value of setting 'ai_config'
Emit emitOnGenerationEvent
Returning '"ollama"...' as value of setting 'current_backend'
Returning '"ollama"...' as value of setting 'current_backend'
Returning '{"ollama":{"bas...' as value of setting 'ai_config'
Returning '{"ollama":{"bas...' as value of setting 'ai_config'
Emit emitOnGenerationEvent
Returning 'false...' as value of setting 'auto_generate_summary'
In patch there is a requirement to change status to GENERATED
Emit event plan.node: 4 (patched keys: content, status, summary)
Notifying downstream node 7 (text) of changes in node 4
Notifying downstream node 10 (text) of changes in node 4
Notifying downstream node 12 (text) of changes in node 4
Notifying downstream node 16 (text) of changes in node 4
Notifying downstream node 20 (text) of changes in node 4
[regenerateSubtreeNodesContents] willRegenerate=true (regenerateManual=false)
In patch there is a requirement to change status to GENERATING
PROGRESS 772s Анкета персонажа
Emit event plan.node: 10 (patched keys: status)
Notifying downstream node 11 (text) of changes in node 10
Notifying downstream node 12 (text) of changes in node 10
Notifying downstream node 16 (text) of changes in node 10
[PlanNodeService] regenerate node.node_type_settings {"userPrompt":"## Возрастной рейтинг произведения\n\n18+.{{#if (or (eq \"18+\" \"18+\") (eq \"18+\" \"NC-21\"))}} Всем героям не менее 18 лет.{{/if}}\n\n## Жанр и регистр\n```\n{{[Жанр и регистр]}}\n```\n\n## Стиль\n```\n{{[Стиль]}}\n```\n\n## Мир\n```\n{{[Мир]}}\n```\n\n## Тема\n```\n{{[Тема]}}\n```\n\n## Что нужно сделать\n\nСоставь шаблон анкеты, по которой будет описан каждый ключевой персонаж этого произведения. Анкета — набор полей-anchors, важных именно для этой истории: они фиксируют физику, демографику и социальный профиль персонажа так, чтобы дальнейшие сцены не путались в возрасте, росте, профессии и т.п.\n\nЭто шаблон полей, а не текст самой анкеты конкретного персонажа. Не сочиняй сцены, не приводи прозу.\n\n## Правила содержания\n\n- Возраст и пол — всегда в списке (обязательные поля).\n- Остальные поля — определи из жанра, стиля, мира и темы: для романтики и эротики важна физика (рост, телосложение, отличительные черты внешности); для фэнтези — раса/вид/класс, магические способности; для сай-фай — происхождение, имплантаты; для триллера — профессия, навыки, биография; для драмы — профессия и социальный статус; для детской прозы — физика обычно не важна, важны возраст и характер.\n- Количество полей — столько, сколько нужно жанру и теме; обычно 5–12. Если жанр требует меньше — пусть будет меньше; если плотный жанр (эро, фэнтези, sci-fi) требует больше — добавляй.\n\n## Формат\n\nМаркированный список. Для каждого поля — одной строкой:\n`- <Имя поля>: <что писать в этом поле, одной фразой> (обязательно | при значимости)`\n\nБез вступительных и заключительных фраз. Только список полей. На русском."}
[PlanNodeService] regenerate settings {
  userPrompt: '## Возрастной рейтинг произведения\n' +
    '\n' +
    '18+.{{#if (or (eq "18+" "18+") (eq "18+" "NC-21"))}} Всем героям не менее 18 лет.{{/if}}\n' +
    '\n' +
    '## Жанр и регистр\n' +
    '```\n' +
    '{{[Жанр и регистр]}}\n' +
    '```\n' +
    '\n' +
    '## Стиль\n' +
    '```\n' +
    '{{[Стиль]}}\n' +
    '```\n' +
    '\n' +
    '## Мир\n' +
    '```\n' +
    '{{[Мир]}}\n' +
    '```\n' +
    '\n' +
    '## Тема\n' +
    '```\n' +
    '{{[Тема]}}\n' +
    '```\n' +
    '\n' +
    '## Что нужно сделать\n' +
    '\n' +
    'Составь шаблон анкеты, по которой будет описан каждый ключевой персонаж этого произведения. Анкета — набор полей-anchors, важных именно для этой истории: они фиксируют физику, демографику и социальный профиль персонажа так, чтобы дальнейшие сцены не путались в возрасте, росте, профессии и т.п.\n' +
    '\n' +
    'Это шаблон полей, а не текст самой анкеты конкретного персонажа. Не сочиняй сцены, не приводи прозу.\n' +
    '\n' +
    '## Правила содержания\n' +
    '\n' +
    '- Возраст и пол — всегда в списке (обязательные поля).\n' +
    '- Остальные поля — определи из жанра, стиля, мира и темы: для романтики и эротики важна физика (рост, телосложение, отличительные черты внешности); для фэнтези — раса/вид/класс, магические способности; для сай-фай — происхождение, имплантаты; для триллера — профессия, навыки, биография; для драмы — профессия и социальный статус; для детской прозы — физика обычно не важна, важны возраст и характер.\n' +
    '- Количество полей — столько, сколько нужно жанру и теме; обычно 5–12. Если жанр требует меньше — пусть будет меньше; если плотный жанр (эро, фэнтези, sci-fi) требует больше — добавляй.\n' +
    '\n' +
    '## Формат\n' +
    '\n' +
    'Маркированный список. Для каждого поля — одной строкой:\n' +
    '`- <Имя поля>: <что писать в этом поле, одной фразой> (обязательно | при значимости)`\n' +
    '\n' +
    'Без вступительных и заключительных фраз. Только список полей. На русском.'
}
[TextProcessor] regenerating node 10 (title: Анкета персонажа)
Returning '"ollama"...' as value of setting 'current_backend'
Returning '"ollama"...' as value of setting 'current_backend'
Returning '{"ollama":{"bas...' as value of setting 'ai_config'
Returning '{"ollama":{"bas...' as value of setting 'ai_config'
Emit emitOnGenerationEvent
[TextProcessor] generated content length: 1126
Returning 'false...' as value of setting 'auto_generate_summary'
In patch there is a requirement to change status to GENERATED
Emit event plan.node: 10 (patched keys: content, summary, status)
Notifying downstream node 11 (text) of changes in node 10
Notifying downstream node 12 (text) of changes in node 10
Notifying downstream node 16 (text) of changes in node 10
[regenerateSubtreeNodesContents] node 12 not ready, missing sources: 11
[regenerateSubtreeNodesContents] node 23 not ready, missing sources: 21,19
[regenerateSubtreeNodesContents] willRegenerate=true (regenerateManual=false)
In patch there is a requirement to change status to GENERATING
PROGRESS 802s Черновик сеттинга
Emit event plan.node: 7 (patched keys: status)
[PlanNodeService] regenerate node.node_type_settings {"userPrompt":"## Возрастной рейтинг произведения\n\n18+.{{#if (or (eq \"18+\" \"18+\") (eq \"18+\" \"NC-21\"))}} Всем героям не менее 18 лет.{{/if}}\n\n## Что нужно сделать\n\nОпиши сеттинг ИМЕННО этого рассказа — то место и время, где разворачивается действие.\n\nОпирайся на описание мира выше: заимствуй его термины и логику, уважай заявленные отличия от канона (AU, what-if, оригинальные правила). Сам мир целиком не пересказывай — он уже выше; здесь нужен только конкретный уголок, где происходит история этого синопсиса.\n\nПрозой, без раздувания, верхняя граница — 1500 слов. На русском. Источники не указывай.\n\nСосредоточься на чувственной картине места: что видно, слышно, чем пахнет, какая температура и фактура. Имена героев, их действия и решения оставь следующим узлам — здесь только декорация.\n\n## Синопсис\n```\n{{[Синопсис]}}\n```\n\n## Мир\n```\n{{[Мир]}}\n```"}
[PlanNodeService] regenerate settings {
  userPrompt: '## Возрастной рейтинг произведения\n' +
    '\n' +
    '18+.{{#if (or (eq "18+" "18+") (eq "18+" "NC-21"))}} Всем героям не менее 18 лет.{{/if}}\n' +
    '\n' +
    '## Что нужно сделать\n' +
    '\n' +
    'Опиши сеттинг ИМЕННО этого рассказа — то место и время, где разворачивается действие.\n' +
    '\n' +
    'Опирайся на описание мира выше: заимствуй его термины и логику, уважай заявленные отличия от канона (AU, what-if, оригинальные правила). Сам мир целиком не пересказывай — он уже выше; здесь нужен только конкретный уголок, где происходит история этого синопсиса.\n' +
    '\n' +
    'Прозой, без раздувания, верхняя граница — 1500 слов. На русском. Источники не указывай.\n' +
    '\n' +
    'Сосредоточься на чувственной картине места: что видно, слышно, чем пахнет, какая температура и фактура. Имена героев, их действия и решения оставь следующим узлам — здесь только декорация.\n' +
    '\n' +
    '## Синопсис\n' +
    '```\n' +
    '{{[Синопсис]}}\n' +
    '```\n' +
    '\n' +
    '## Мир\n' +
    '```\n' +
    '{{[Мир]}}\n' +
    '```'
}
[TextProcessor] regenerating node 7 (title: Черновик сеттинга)
Returning '"ollama"...' as value of setting 'current_backend'
Returning '"ollama"...' as value of setting 'current_backend'
Returning '{"ollama":{"bas...' as value of setting 'ai_config'
Returning '{"ollama":{"bas...' as value of setting 'ai_config'
Emit emitOnGenerationEvent
[TextProcessor] generated content length: 7352
Returning 'false...' as value of setting 'auto_generate_summary'
In patch there is a requirement to change status to GENERATED
Emit event plan.node: 7 (patched keys: content, summary, status)
[regenerateSubtreeNodesContents] willRegenerate=true (regenerateManual=false)
In patch there is a requirement to change status to GENERATING
PROGRESS 1008s Сеттинг
Emit event plan.node: 8 (patched keys: status)
Notifying downstream node 20 (text) of changes in node 8
Notifying downstream node 32 (text) of changes in node 8
Notifying downstream node 34 (text) of changes in node 8
Notifying downstream node 35 (text) of changes in node 8
Notifying downstream node 36 (text) of changes in node 8
[PlanNodeService] regenerate node.node_type_settings {"maxIterations":1,"minSeverityToFix":70,"foundProblemsTemplate":"Найденные проблемы","aiUserInstructionsToFindProblems":"## Возрастной рейтинг произведения\n\n18+.{{#if (or (eq \"18+\" \"18+\") (eq \"18+\" \"NC-21\"))}} Всем героям не менее 18 лет.{{/if}}\n\n## Что нужно сделать\n\nСверь три файла ниже — синопсис, описание мира и сеттинг — и выпиши расхождения между ними и внутри них. Правиться будет только сеттинг: каждую находку формулируй так, чтобы её снимала правка одного лишь сеттинга.\n\nЭто разбор, а не текст произведения: сцен не сочиняй, диалогов не пиши, фрагментов прозы не приводи. Вывод — только перечень находок.\n\n## Что искать\n\n- **одно и то же описано дважды и по-разному** — место, предмет или человек назван в двух файлах, и описания не совпадают. Severity 85;\n- **числа не сходятся** — этажи, расстояния, время суток и длительности, возрасты, номера квартир, количество комнат, окон, дверей, людей. Проверяй каждое число, встреченное больше одного раза. Severity 85;\n- **абзац противоречит сам себе** — в абзаце сказано, что предмета нет, и строкой ниже он есть; перечень отсутствующего не сходится с перечнем присутствующего. Смотри внутрь одного абзаца, между файлами в этом классе не сверяй. Severity 90;\n- **свойство меняется между файлами** — стекло прозрачное в одном и зеркальное в другом, дверь железная и она же деревянная, зима и она же жара, лифт работает и он же не работает. Severity 80;\n- **ключевой реквизит живёт только в одном файле** — синопсис или мир стоят на предмете, месте или устройстве, которого в сеттинге нет; либо наоборот: сеттинг вводит вещь, на которую опирается действие, а больше о ней нигде ни слова. Severity 75;\n- **несущий реквизит без происхождения** — иди сплошным списком, а не по бросающемуся в глаза: выпиши всё, на чём держится действие по синопсису (ключ, код, замок, дверь, одежда, телефон, деньги, документ, транспорт, лекарство, оружие, еда, вода, свет, связь), и по каждому пункту дай четыре ответа: где объявлен, откуда взялся, у кого он, куда девается. Список проходи целиком; в вывод отдавай только те пункты, где хотя бы один ответ не находится. Severity 75;\n- **условие синопсиса невыполнимо в этом мире** — действию нужен доступ, устройство, место или возможность, которых мир и сеттинг не дают. Severity 90;\n- **мир даёт то, что синопсис запретил** — синопсис держится на невозможности чего-то, а мир или сеттинг эту возможность предоставляют. Severity 85;\n- **иноязычные вставки** — слова и обороты не на русском языке, нелокализованные термины и имена латиницей внутри русского текста. Severity 75.\n\n## Шкала severity\n\n- 80–100: блокирующее, дальше текст пускать нельзя;\n- 60–79: заметное, читатель споткнётся;\n- 40–59: косметика;\n- ниже 40: не выводи.\n\nКаждой находке присвой severity 0–100.\n\n## Формат вывода\n\nНумерованный список. Каждый пункт: severity числом 0–100, затем существо расхождения, затем обе его стороны с указанием, в каком файле каждая сказана. Без вступительных и заключительных фраз. Находок нет — выведи одну строку: `Расхождений не найдено`.\n\n## Синопсис\n\n```\n{{[Синопсис]}}\n```\n\n## Мир\n\n```\n{{[Мир]}}\n```\n\n## Сеттинг (проверяемый файл)\n\n```\n{{[Черновик сеттинга]}}\n```","aiUserInstructionsToFixProblems":"## Возрастной рейтинг произведения\n\n18+.{{#if (or (eq \"18+\" \"18+\") (eq \"18+\" \"NC-21\"))}} Всем героям не менее 18 лет.{{/if}}\n\n## Что нужно сделать\n\nПерепиши сеттинг, сняв перечисленные ниже найденные проблемы. Правится только сеттинг. Синопсис и описание мира — источник истины: при расхождении меняй сеттинг под них, а не наоборот.\n\nЧисла, свойства, материалы и названия приводи к тому, что сказано в синопсисе и мире. Предмет, на котором держится действие, но которого в сеттинге нет, вноси в обстановку: где он, чей, как выглядит, как до него добраться, что с ним станет. Внутри абзаца перечень отсутствующего и перечень присутствующего согласуй между собой. Невыполнимое условие синопсиса обеспечь: добавь то место, доступ или устройство, без которого действие не идёт. Возможность, которую синопсис запретил, из сеттинга убери. Иноязычные вставки замени русскими словами.\n\nОстальной текст сохраняй дословно — переписывай только те места, которых касаются находки.\n\nСеттинг остаётся сеттингом: чувственная картина места — что видно, слышно, чем пахнет, какая температура и фактура. Реквизит вписывай как часть обстановки, без того, кто им пользуется. Имена героев, их действия и решения не вводи, сцен не сочиняй, диалогов не пиши.\n\nПрозой, без буллетов и нумерации, без сносок и URL. На русском, без иноязычных вставок. Верхняя граница — 1500 слов, объём ради полноты не наращивай. Количество слов в выводе не указывай.\n\nВыводи только переписанный сеттинг, без вступительных и заключительных фраз.\n\n## Синопсис\n\n```\n{{[Синопсис]}}\n```\n\n## Мир\n\n```\n{{[Мир]}}\n```\n\n## Найденные проблемы\n\n```\n{{[Найденные проблемы]}}\n```\n\n## Сеттинг (переписать)\n\n```\n{{[Черновик сеттинга]}}\n```","sourceNodeIdToFix":7}
[PlanNodeService] regenerate settings {
  maxIterations: 1,
  minSeverityToFix: 70,
  foundProblemsTemplate: 'Найденные проблемы',
  aiUserInstructionsToFindProblems: '## Возрастной рейтинг произведения\n' +
    '\n' +
    '18+.{{#if (or (eq "18+" "18+") (eq "18+" "NC-21"))}} Всем героям не менее 18 лет.{{/if}}\n' +
    '\n' +
    '## Что нужно сделать\n' +
    '\n' +
    'Сверь три файла ниже — синопсис, описание мира и сеттинг — и выпиши расхождения между ними и внутри них. Правиться будет только сеттинг: каждую находку формулируй так, чтобы её снимала правка одного лишь сеттинга.\n' +
    '\n' +
    'Это разбор, а не текст произведения: сцен не сочиняй, диалогов не пиши, фрагментов прозы не приводи. Вывод — только перечень находок.\n' +
    '\n' +
    '## Что искать\n' +
    '\n' +
    '- **одно и то же описано дважды и по-разному** — место, предмет или человек назван в двух файлах, и описания не совпадают. Severity 85;\n' +
    '- **числа не сходятся** — этажи, расстояния, время суток и длительности, возрасты, номера квартир, количество комнат, окон, дверей, людей. Проверяй каждое число, встреченное больше одного раза. Severity 85;\n' +
    '- **абзац противоречит сам себе** — в абзаце сказано, что предмета нет, и строкой ниже он есть; перечень отсутствующего не сходится с перечнем присутствующего. Смотри внутрь одного абзаца, между файлами в этом классе не сверяй. Severity 90;\n' +
    '- **свойство меняется между файлами** — стекло прозрачное в одном и зеркальное в другом, дверь железная и она же деревянная, зима и она же жара, лифт работает и он же не работает. Severity 80;\n' +
    '- **ключевой реквизит живёт только в одном файле** — синопсис или мир стоят на предмете, месте или устройстве, которого в сеттинге нет; либо наоборот: сеттинг вводит вещь, на которую опирается действие, а больше о ней нигде ни слова. Severity 75;\n' +
    '- **несущий реквизит без происхождения** — иди сплошным списком, а не по бросающемуся в глаза: выпиши всё, на чём держится действие по синопсису (ключ, код, замок, дверь, одежда, телефон, деньги, документ, транспорт, лекарство, оружие, еда, вода, свет, связь), и по каждому пункту дай четыре ответа: где объявлен, откуда взялся, у кого он, куда девается. Список проходи целиком; в вывод отдавай только те пункты, где хотя бы один ответ не находится. Severity 75;\n' +
    '- **условие синопсиса невыполнимо в этом мире** — действию нужен доступ, устройство, место или возможность, которых мир и сеттинг не дают. Severity 90;\n' +
    '- **мир даёт то, что синопсис запретил** — синопсис держится на невозможности чего-то, а мир или сеттинг эту возможность предоставляют. Severity 85;\n' +
    '- **иноязычные вставки** — слова и обороты не на русском языке, нелокализованные термины и имена латиницей внутри русского текста. Severity 75.\n' +
    '\n' +
    '## Шкала severity\n' +
    '\n' +
    '- 80–100: блокирующее, дальше текст пускать нельзя;\n' +
    '- 60–79: заметное, читатель споткнётся;\n' +
    '- 40–59: косметика;\n' +
    '- ниже 40: не выводи.\n' +
    '\n' +
    'Каждой находке присвой severity 0–100.\n' +
    '\n' +
    '## Формат вывода\n' +
    '\n' +
    'Нумерованный список. Каждый пункт: severity числом 0–100, затем существо расхождения, затем обе его стороны с указанием, в каком файле каждая сказана. Без вступительных и заключительных фраз. Находок нет — выведи одну строку: `Расхождений не найдено`.\n' +
    '\n' +
    '## Синопсис\n' +
    '\n' +
    '```\n' +
    '{{[Синопсис]}}\n' +
    '```\n' +
    '\n' +
    '## Мир\n' +
    '\n' +
    '```\n' +
    '{{[Мир]}}\n' +
    '```\n' +
    '\n' +
    '## Сеттинг (проверяемый файл)\n' +
    '\n' +
    '```\n' +
    '{{[Черновик сеттинга]}}\n' +
    '```',
  aiUserInstructionsToFixProblems: '## Возрастной рейтинг произведения\n' +
    '\n' +
    '18+.{{#if (or (eq "18+" "18+") (eq "18+" "NC-21"))}} Всем героям не менее 18 лет.{{/if}}\n' +
    '\n' +
    '## Что нужно сделать\n' +
    '\n' +
    'Перепиши сеттинг, сняв перечисленные ниже найденные проблемы. Правится только сеттинг. Синопсис и описание мира — источник истины: при расхождении меняй сеттинг под них, а не наоборот.\n' +
    '\n' +
    'Числа, свойства, материалы и названия приводи к тому, что сказано в синопсисе и мире. Предмет, на котором держится действие, но которого в сеттинге нет, вноси в обстановку: где он, чей, как выглядит, как до него добраться, что с ним станет. Внутри абзаца перечень отсутствующего и перечень присутствующего согласуй между собой. Невыполнимое условие синопсиса обеспечь: добавь то место, доступ или устройство, без которого действие не идёт. Возможность, которую синопсис запретил, из сеттинга убери. Иноязычные вставки замени русскими словами.\n' +
    '\n' +
    'Остальной текст сохраняй дословно — переписывай только те места, которых касаются находки.\n' +
    '\n' +
    'Сеттинг остаётся сеттингом: чувственная картина места — что видно, слышно, чем пахнет, какая температура и фактура. Реквизит вписывай как часть обстановки, без того, кто им пользуется. Имена героев, их действия и решения не вводи, сцен не сочиняй, диалогов не пиши.\n' +
    '\n' +
    'Прозой, без буллетов и нумерации, без сносок и URL. На русском, без иноязычных вставок. Верхняя граница — 1500 слов, объём ради полноты не наращивай. Количество слов в выводе не указывай.\n' +
    '\n' +
    'Выводи только переписанный сеттинг, без вступительных и заключительных фраз.\n' +
    '\n' +
    '## Синопсис\n' +
    '\n' +
    '```\n' +
    '{{[Синопсис]}}\n' +
    '```\n' +
    '\n' +
    '## Мир\n' +
    '\n' +
    '```\n' +
    '{{[Мир]}}\n' +
    '```\n' +
    '\n' +
    '## Найденные проблемы\n' +
    '\n' +
    '```\n' +
    '{{[Найденные проблемы]}}\n' +
    '```\n' +
    '\n' +
    '## Сеттинг (переписать)\n' +
    '\n' +
    '```\n' +
    '{{[Черновик сеттинга]}}\n' +
    '```',
  sourceNodeIdToFix: 7
}
[FixProblemsProcessor] regenerate node {
  id: 8,
  parent_id: null,
  title: 'Сеттинг',
  content: null,
  position: 7,
  created_at: '2026-08-25 14:51:54',
  type: 'fix-problems',
  x: 3225,
  y: 1184,
  summary: null,
  ai_sync_info: null,
  word_count: 0,
  char_count: 0,
  byte_count: 0,
  review_base_content: null,
  ai_improve_instruction: null,
  node_type_settings: '{"maxIterations":1,"minSeverityToFix":70,"foundProblemsTemplate":"Найденные проблемы","aiUserInstructionsToFindProblems":"## Возрастной рейтинг произведения\\n\\n18+.{{#if (or (eq \\"18+\\" \\"18+\\") (eq \\"18+\\" \\"NC-21\\"))}} Всем героям не менее 18 лет.{{/if}}\\n\\n## Что нужно сделать\\n\\nСверь три файла ниже — синопсис, описание мира и сеттинг — и выпиши расхождения между ними и внутри них. Правиться будет только сеттинг: каждую находку формулируй так, чтобы её снимала правка одного лишь сеттинга.\\n\\nЭто разбор, а не текст произведения: сцен не сочиняй, диалогов не пиши, фрагментов прозы не приводи. Вывод — только перечень находок.\\n\\n## Что искать\\n\\n- **одно и то же описано дважды и по-разному** — место, предмет или человек назван в двух файлах, и описания не совпадают. Severity 85;\\n- **числа не сходятся** — этажи, расстояния, время суток и длительности, возрасты, номера квартир, количество комнат, окон, дверей, людей. Проверяй каждое число, встреченное больше одного раза. Severity 85;\\n- **абзац противоречит сам себе** — в абзаце сказано, что предмета нет, и строкой ниже он есть; перечень отсутствующего не сходится с перечнем присутствующего. Смотри внутрь одного абзаца, между файлами в этом классе не сверяй. Severity 90;\\n- **свойство меняется между файлами** — стекло прозрачное в одном и зеркальное в другом, дверь железная и она же деревянная, зима и она же жара, лифт работает и он же не работает. Severity 80;\\n- **ключевой реквизит живёт только в одном файле** — синопсис или мир стоят на предмете, месте или устройстве, которого в сеттинге нет; либо наоборот: сеттинг вводит вещь, на которую опирается действие, а больше о ней нигде ни слова. Severity 75;\\n- **несущий реквизит без происхождения** — иди сплошным списком, а не по бросающемуся в глаза: выпиши всё, на чём держится действие по синопсису (ключ, код, замок, дверь, одежда, телефон, деньги, документ, транспорт, лекарство, оружие, еда, вода, свет, связь), и по каждому пункту дай четыре ответа: где объявлен, откуда взялся, у кого он, куда девается. Список проходи целиком; в вывод отдавай только те пункты, где хотя бы один ответ не находится. Severity 75;\\n- **условие синопсиса невыполнимо в этом мире** — действию нужен доступ, устройство, место или возможность, которых мир и сеттинг не дают. Severity 90;\\n- **мир даёт то, что синопсис запретил** — синопсис держится на невозможности чего-то, а мир или сеттинг эту возможность предоставляют. Severity 85;\\n- **иноязычные вставки** — слова и обороты не на русском языке, нелокализованные термины и имена латиницей внутри русского текста. Severity 75.\\n\\n## Шкала severity\\n\\n- 80–100: блокирующее, дальше текст пускать нельзя;\\n- 60–79: заметное, читатель споткнётся;\\n- 40–59: косметика;\\n- ниже 40: не выводи.\\n\\nКаждой находке присвой severity 0–100.\\n\\n## Формат вывода\\n\\nНумерованный список. Каждый пункт: severity числом 0–100, затем существо расхождения, затем обе его стороны с указанием, в каком файле каждая сказана. Без вступительных и заключительных фраз. Находок нет — выведи одну строку: `Расхождений не найдено`.\\n\\n## Синопсис\\n\\n```\\n{{[Синопсис]}}\\n```\\n\\n## Мир\\n\\n```\\n{{[Мир]}}\\n```\\n\\n## Сеттинг (проверяемый файл)\\n\\n```\\n{{[Черновик сеттинга]}}\\n```","aiUserInstructionsToFixProblems":"## Возрастной рейтинг произведения\\n\\n18+.{{#if (or (eq \\"18+\\" \\"18+\\") (eq \\"18+\\" \\"NC-21\\"))}} Всем героям не менее 18 лет.{{/if}}\\n\\n## Что нужно сделать\\n\\nПерепиши сеттинг, сняв перечисленные ниже найденные проблемы. Правится только сеттинг. Синопсис и описание мира — источник истины: при расхождении меняй сеттинг под них, а не наоборот.\\n\\nЧисла, свойства, материалы и названия приводи к тому, что сказано в синопсисе и мире. Предмет, на котором держится действие, но которого в сеттинге нет, вноси в обстановку: где он, чей, как выглядит, как до него добраться, что с ним станет. Внутри абзаца перечень отсутствующего и перечень присутствующего согласуй между собой. Невыполнимое условие синопсиса обеспечь: добавь то место, доступ или устройство, без которого действие не идёт. Возможность, которую синопсис запретил, из сеттинга убери. Иноязычные вставки замени русскими словами.\\n\\nОстальной текст сохраняй дословно — переписывай только те места, которых касаются находки.\\n\\nСеттинг остаётся сеттингом: чувственная картина места — что видно, слышно, чем пахнет, какая температура и фактура. Реквизит вписывай как часть обстановки, без того, кто им пользуется. Имена героев, их действия и решения не вводи, сцен не сочиняй, диалогов не пиши.\\n\\nПрозой, без буллетов и нумерации, без сносок и URL. На русском, без иноязычных вставок. Верхняя граница — 1500 слов, объём ради полноты не наращивай. Количество слов в выводе не указывай.\\n\\nВыводи только переписанный сеттинг, без вступительных и заключительных фраз.\\n\\n## Синопсис\\n\\n```\\n{{[Синопсис]}}\\n```\\n\\n## Мир\\n\\n```\\n{{[Мир]}}\\n```\\n\\n## Найденные проблемы\\n\\n```\\n{{[Найденные проблемы]}}\\n```\\n\\n## Сеттинг (переписать)\\n\\n```\\n{{[Черновик сеттинга]}}\\n```","sourceNodeIdToFix":7}',
  status: 'GENERATING',
  ai_settings: null,
  in_review: 0,
  width: 200,
  height: 80
}
[FixProblemsProcessor] regenerate settings {
  maxIterations: 1,
  minSeverityToFix: 70,
  foundProblemsTemplate: 'Найденные проблемы',
  aiUserInstructionsToFindProblems: '## Возрастной рейтинг произведения\n' +
    '\n' +
    '18+.{{#if (or (eq "18+" "18+") (eq "18+" "NC-21"))}} Всем героям не менее 18 лет.{{/if}}\n' +
    '\n' +
    '## Что нужно сделать\n' +
    '\n' +
    'Сверь три файла ниже — синопсис, описание мира и сеттинг — и выпиши расхождения между ними и внутри них. Правиться будет только сеттинг: каждую находку формулируй так, чтобы её снимала правка одного лишь сеттинга.\n' +
    '\n' +
    'Это разбор, а не текст произведения: сцен не сочиняй, диалогов не пиши, фрагментов прозы не приводи. Вывод — только перечень находок.\n' +
    '\n' +
    '## Что искать\n' +
    '\n' +
    '- **одно и то же описано дважды и по-разному** — место, предмет или человек назван в двух файлах, и описания не совпадают. Severity 85;\n' +
    '- **числа не сходятся** — этажи, расстояния, время суток и длительности, возрасты, номера квартир, количество комнат, окон, дверей, людей. Проверяй каждое число, встреченное больше одного раза. Severity 85;\n' +
    '- **абзац противоречит сам себе** — в абзаце сказано, что предмета нет, и строкой ниже он есть; перечень отсутствующего не сходится с перечнем присутствующего. Смотри внутрь одного абзаца, между файлами в этом классе не сверяй. Severity 90;\n' +
    '- **свойство меняется между файлами** — стекло прозрачное в одном и зеркальное в другом, дверь железная и она же деревянная, зима и она же жара, лифт работает и он же не работает. Severity 80;\n' +
    '- **ключевой реквизит живёт только в одном файле** — синопсис или мир стоят на предмете, месте или устройстве, которого в сеттинге нет; либо наоборот: сеттинг вводит вещь, на которую опирается действие, а больше о ней нигде ни слова. Severity 75;\n' +
    '- **несущий реквизит без происхождения** — иди сплошным списком, а не по бросающемуся в глаза: выпиши всё, на чём держится действие по синопсису (ключ, код, замок, дверь, одежда, телефон, деньги, документ, транспорт, лекарство, оружие, еда, вода, свет, связь), и по каждому пункту дай четыре ответа: где объявлен, откуда взялся, у кого он, куда девается. Список проходи целиком; в вывод отдавай только те пункты, где хотя бы один ответ не находится. Severity 75;\n' +
    '- **условие синопсиса невыполнимо в этом мире** — действию нужен доступ, устройство, место или возможность, которых мир и сеттинг не дают. Severity 90;\n' +
    '- **мир даёт то, что синопсис запретил** — синопсис держится на невозможности чего-то, а мир или сеттинг эту возможность предоставляют. Severity 85;\n' +
    '- **иноязычные вставки** — слова и обороты не на русском языке, нелокализованные термины и имена латиницей внутри русского текста. Severity 75.\n' +
    '\n' +
    '## Шкала severity\n' +
    '\n' +
    '- 80–100: блокирующее, дальше текст пускать нельзя;\n' +
    '- 60–79: заметное, читатель споткнётся;\n' +
    '- 40–59: косметика;\n' +
    '- ниже 40: не выводи.\n' +
    '\n' +
    'Каждой находке присвой severity 0–100.\n' +
    '\n' +
    '## Формат вывода\n' +
    '\n' +
    'Нумерованный список. Каждый пункт: severity числом 0–100, затем существо расхождения, затем обе его стороны с указанием, в каком файле каждая сказана. Без вступительных и заключительных фраз. Находок нет — выведи одну строку: `Расхождений не найдено`.\n' +
    '\n' +
    '## Синопсис\n' +
    '\n' +
    '```\n' +
    '{{[Синопсис]}}\n' +
    '```\n' +
    '\n' +
    '## Мир\n' +
    '\n' +
    '```\n' +
    '{{[Мир]}}\n' +
    '```\n' +
    '\n' +
    '## Сеттинг (проверяемый файл)\n' +
    '\n' +
    '```\n' +
    '{{[Черновик сеттинга]}}\n' +
    '```',
  aiUserInstructionsToFixProblems: '## Возрастной рейтинг произведения\n' +
    '\n' +
    '18+.{{#if (or (eq "18+" "18+") (eq "18+" "NC-21"))}} Всем героям не менее 18 лет.{{/if}}\n' +
    '\n' +
    '## Что нужно сделать\n' +
    '\n' +
    'Перепиши сеттинг, сняв перечисленные ниже найденные проблемы. Правится только сеттинг. Синопсис и описание мира — источник истины: при расхождении меняй сеттинг под них, а не наоборот.\n' +
    '\n' +
    'Числа, свойства, материалы и названия приводи к тому, что сказано в синопсисе и мире. Предмет, на котором держится действие, но которого в сеттинге нет, вноси в обстановку: где он, чей, как выглядит, как до него добраться, что с ним станет. Внутри абзаца перечень отсутствующего и перечень присутствующего согласуй между собой. Невыполнимое условие синопсиса обеспечь: добавь то место, доступ или устройство, без которого действие не идёт. Возможность, которую синопсис запретил, из сеттинга убери. Иноязычные вставки замени русскими словами.\n' +
    '\n' +
    'Остальной текст сохраняй дословно — переписывай только те места, которых касаются находки.\n' +
    '\n' +
    'Сеттинг остаётся сеттингом: чувственная картина места — что видно, слышно, чем пахнет, какая температура и фактура. Реквизит вписывай как часть обстановки, без того, кто им пользуется. Имена героев, их действия и решения не вводи, сцен не сочиняй, диалогов не пиши.\n' +
    '\n' +
    'Прозой, без буллетов и нумерации, без сносок и URL. На русском, без иноязычных вставок. Верхняя граница — 1500 слов, объём ради полноты не наращивай. Количество слов в выводе не указывай.\n' +
    '\n' +
    'Выводи только переписанный сеттинг, без вступительных и заключительных фраз.\n' +
    '\n' +
    '## Синопсис\n' +
    '\n' +
    '```\n' +
    '{{[Синопсис]}}\n' +
    '```\n' +
    '\n' +
    '## Мир\n' +
    '\n' +
    '```\n' +
    '{{[Мир]}}\n' +
    '```\n' +
    '\n' +
    '## Найденные проблемы\n' +
    '\n' +
    '```\n' +
    '{{[Найденные проблемы]}}\n' +
    '```\n' +
    '\n' +
    '## Сеттинг (переписать)\n' +
    '\n' +
    '```\n' +
    '{{[Черновик сеттинга]}}\n' +
    '```',
  sourceNodeIdToFix: 7
}
Returning '"ollama"...' as value of setting 'current_backend'
Returning '"ollama"...' as value of setting 'current_backend'
Returning '{"ollama":{"bas...' as value of setting 'ai_config'
Returning '{"ollama":{"bas...' as value of setting 'ai_config'
Emit emitOnGenerationEvent
Returning '"ollama"...' as value of setting 'current_backend'
Returning '"ollama"...' as value of setting 'current_backend'
Returning '{"ollama":{"bas...' as value of setting 'ai_config'
Returning '{"ollama":{"bas...' as value of setting 'ai_config'
Emit emitOnGenerationEvent
Returning 'false...' as value of setting 'auto_generate_summary'
In patch there is a requirement to change status to GENERATED
Emit event plan.node: 8 (patched keys: content, status, summary)
Notifying downstream node 20 (text) of changes in node 8
Notifying downstream node 32 (text) of changes in node 8
Notifying downstream node 34 (text) of changes in node 8
Notifying downstream node 35 (text) of changes in node 8
Notifying downstream node 36 (text) of changes in node 8
[regenerateSubtreeNodesContents] willRegenerate=true (regenerateManual=false)
In patch there is a requirement to change status to GENERATING
PROGRESS 1396s Персонажи (список)
Emit event plan.node: 11 (patched keys: status)
Notifying downstream node 12 (text) of changes in node 11
[PlanNodeService] regenerate node.node_type_settings {"userPrompt":"## Возрастной рейтинг произведения\n\n18+.{{#if (or (eq \"18+\" \"18+\") (eq \"18+\" \"NC-21\"))}} Всем героям не менее 18 лет.{{/if}}\n\n## Что нужно сделать\n\nПеречисли 2–12 персонажей, у каждого из которых есть собственная сюжетная роль: внешнее желание (чего хочет), внутреннее препятствие или конфликт (что мешает) и решение или изменение, происходящее с ним по ходу истории. Если человек упомянут в синопсисе только как функция, выполняющая одно действие (доставить пакет, охранять вход, продать билет), — не выделяй его в отдельный блок: его роль будет описана в прозе по месту.\n\nКаждый персонаж — отдельным блоком, по абзацу на персонажа.\n\n## Формат блока\n\nКаждый блок строится так:\n1. Первая строка — `# <Имя персонажа>` (одна решётка, имя без кавычек).\n2. Затем для каждого поля анкеты, помеченного «обязательно», — отдельная строка `- <Имя поля>: <значение>`. Пропускать обязательные поля нельзя. Значения — конкретные (число, имя, статус); «неизвестно» в обязательном поле недопустимо. Возраст и пол выводи согласованно между персонажами: учитывай временну́ю шкалу синопсиса (упоминания «20 лет назад», «ребёнок героя», «недавно вышел на пенсию»), семейные отношения и возрастную иерархию. Примеры: если героине 35, а отец ушёл, когда ей было 15, — отцу сейчас ~55-65; если героиня — молодая помощница, а второй персонаж — старший в фирме, разница в возрасте должна это отражать; **если у персонажа есть ребёнок известного возраста, родителю на момент рождения ребёнка должно быть не менее 16 лет — т.е. родителю сейчас ≥ 16 + возраст ребёнка** (например, сыну 18 → обоим родителям ≥ 34). Если в синопсисе значение прямо не указано — выведи разумное по жанру, миру и роли (молодая помощница → 22-28; зрелый руководитель → 45-55). Это не «выдумывание», а планирование cast'а; узел «Профиль персонажа» опирается на эти решения. Опциональные поля включай только если они однозначно следуют из синопсиса; иначе не упоминай.\n3. Затем одна пустая строка.\n4. Затем одной фразой — роль в сюжете и ключевая внутренняя черта персонажа.\n\n## Разделитель между блоками\n\nМежду блоками персонажей — **одна пустая строка** (важно для последующего автоматического разбиения).\n\n## Прочее\n\nБез вступительных и заключительных фраз вокруг списка. На русском. Количество слов в выводе не указывай.\n\n## Синопсис\n```\n{{[Синопсис]}}\n```\n\n## Тема\n```\n{{[Тема]}}\n```\n\n## Анкета персонажа\n```\n{{[Анкета персонажа]}}\n```"}
[PlanNodeService] regenerate settings {
  userPrompt: '## Возрастной рейтинг произведения\n' +
    '\n' +
    '18+.{{#if (or (eq "18+" "18+") (eq "18+" "NC-21"))}} Всем героям не менее 18 лет.{{/if}}\n' +
    '\n' +
    '## Что нужно сделать\n' +
    '\n' +
    'Перечисли 2–12 персонажей, у каждого из которых есть собственная сюжетная роль: внешнее желание (чего хочет), внутреннее препятствие или конфликт (что мешает) и решение или изменение, происходящее с ним по ходу истории. Если человек упомянут в синопсисе только как функция, выполняющая одно действие (доставить пакет, охранять вход, продать билет), — не выделяй его в отдельный блок: его роль будет описана в прозе по месту.\n' +
    '\n' +
    'Каждый персонаж — отдельным блоком, по абзацу на персонажа.\n' +
    '\n' +
    '## Формат блока\n' +
    '\n' +
    'Каждый блок строится так:\n' +
    '1. Первая строка — `# <Имя персонажа>` (одна решётка, имя без кавычек).\n' +
    "2. Затем для каждого поля анкеты, помеченного «обязательно», — отдельная строка `- <Имя поля>: <значение>`. Пропускать обязательные поля нельзя. Значения — конкретные (число, имя, статус); «неизвестно» в обязательном поле недопустимо. Возраст и пол выводи согласованно между персонажами: учитывай временну́ю шкалу синопсиса (упоминания «20 лет назад», «ребёнок героя», «недавно вышел на пенсию»), семейные отношения и возрастную иерархию. Примеры: если героине 35, а отец ушёл, когда ей было 15, — отцу сейчас ~55-65; если героиня — молодая помощница, а второй персонаж — старший в фирме, разница в возрасте должна это отражать; **если у персонажа есть ребёнок известного возраста, родителю на момент рождения ребёнка должно быть не менее 16 лет — т.е. родителю сейчас ≥ 16 + возраст ребёнка** (например, сыну 18 → обоим родителям ≥ 34). Если в синопсисе значение прямо не указано — выведи разумное по жанру, миру и роли (молодая помощница → 22-28; зрелый руководитель → 45-55). Это не «выдумывание», а планирование cast'а; узел «Профиль персонажа» опирается на эти решения. Опциональные поля включай только если они однозначно следуют из синопсиса; иначе не упоминай.\n" +
    '3. Затем одна пустая строка.\n' +
    '4. Затем одной фразой — роль в сюжете и ключевая внутренняя черта персонажа.\n' +
    '\n' +
    '## Разделитель между блоками\n' +
    '\n' +
    'Между блоками персонажей — **одна пустая строка** (важно для последующего автоматического разбиения).\n' +
    '\n' +
    '## Прочее\n' +
    '\n' +
    'Без вступительных и заключительных фраз вокруг списка. На русском. Количество слов в выводе не указывай.\n' +
    '\n' +
    '## Синопсис\n' +
    '```\n' +
    '{{[Синопсис]}}\n' +
    '```\n' +
    '\n' +
    '## Тема\n' +
    '```\n' +
    '{{[Тема]}}\n' +
    '```\n' +
    '\n' +
    '## Анкета персонажа\n' +
    '```\n' +
    '{{[Анкета персонажа]}}\n' +
    '```'
}
[TextProcessor] regenerating node 11 (title: Персонажи (список))
Returning '"ollama"...' as value of setting 'current_backend'
Returning '"ollama"...' as value of setting 'current_backend'
Returning '{"ollama":{"bas...' as value of setting 'ai_config'
Returning '{"ollama":{"bas...' as value of setting 'ai_config'
Emit emitOnGenerationEvent
[TextProcessor] generated content length: 1519
Returning 'false...' as value of setting 'auto_generate_summary'
In patch there is a requirement to change status to GENERATED
Emit event plan.node: 11 (patched keys: content, summary, status)
Notifying downstream node 12 (text) of changes in node 11
[regenerateSubtreeNodesContents] node 14 not ready, missing sources: 13,12
[regenerateSubtreeNodesContents] node 20 not ready, missing sources: 19
[regenerateSubtreeNodesContents] node 25 not ready, missing sources: 24,19
[regenerateSubtreeNodesContents] node 27 not ready, missing sources: 26,20,22,19,23
[regenerateSubtreeNodesContents] willRegenerate=true (regenerateManual=false)
In patch there is a requirement to change status to GENERATING
PROGRESS 1421s Голоса персонажей
Emit event plan.node: 12 (patched keys: status)
Notifying downstream node 16 (text) of changes in node 12
[PlanNodeService] regenerate node.node_type_settings {"userPrompt":"## Возрастной рейтинг произведения\n\n18+.{{#if (or (eq \"18+\" \"18+\") (eq \"18+\" \"NC-21\"))}} Всем героям не менее 18 лет.{{/if}}\n\n## Что нужно сделать\n\nПеред тобой полный состав персонажей. Спроектируй им «голоса» так, чтобы все звучали по-разному. Опирайся на профессию, биографию, эпоху, регион, социальное положение и возраст из списка и анкеты; учитывай требования жанра и стиля.\n\nУниверсальные паттерны (вопросительные хвосты, уменьшительно-ласкательные, общие междометия) применимы только если у персонажа нет более характерного признака. Если два персонажа естественно приходят к похожему маркеру — переделай минимум одного, чтобы голоса слышались по-разному.\n\nМаркеры и лексические паттерны не должны нарушать табу из секции «Стиль» (запреты на канцелярит, жаргон, метафоры, конкретную лексику и т.п.). Перед фиксацией паттерна для персонажа сверь его со списком запретов в Стиле; если естественный маркер попадает в табу — выбери другой, который не нарушает стиль.\n\n## Формат вывода\n\nДля каждого персонажа из списка — отдельный блок:\n\n1. Первая строка — `## <Имя>` (две решётки, имя точно такое же, как в списке).\n2. Пустая строка.\n3. 1–2 предложения о голосе: регистр (формальный / разговорный / просторечный), ритм (отрывистый / плавный / замедленный), отличительный приём (перебивает / переспрашивает / уходит в обстоятельность / цитирует / использует профессиональный жаргон).\n4. Пустая строка.\n5. 2–3 лексических паттерна с конкретными примерами — типы слов и оборотов, не готовые реплики. Образцы формата: «архаизмы: давеча, надысь, нынче», «инструментальный канцелярит: подтверждаю прибытие, в текущий момент», «обрывает существительные на сложных словах», «иностранные термины в речи: кейс, дедлайн».\n\nБез выдуманных цитат самого персонажа: описывай ТИПЫ оборотов, не готовые реплики.\n\n## Бюджет\n\nВерхняя граница — 1500 слов на ВСЕХ персонажей вместе. Количество слов в выводе не указывай.\n\n## Прочее\n\nНа русском. Без вступительных и заключительных фраз вокруг блоков.\n\n## Жанр и регистр\n```\n{{[Жанр и регистр]}}\n```\n\n## Стиль\n```\n{{[Стиль]}}\n```\n\n## Мир\n```\n{{[Мир]}}\n```\n\n## Тема\n```\n{{[Тема]}}\n```\n\n## Анкета персонажа (структура полей)\n```\n{{[Анкета персонажа]}}\n```\n\n## Персонажи (список)\n```\n{{[Персонажи (список)]}}\n```"}
[PlanNodeService] regenerate settings {
  userPrompt: '## Возрастной рейтинг произведения\n' +
    '\n' +
    '18+.{{#if (or (eq "18+" "18+") (eq "18+" "NC-21"))}} Всем героям не менее 18 лет.{{/if}}\n' +
    '\n' +
    '## Что нужно сделать\n' +
    '\n' +
    'Перед тобой полный состав персонажей. Спроектируй им «голоса» так, чтобы все звучали по-разному. Опирайся на профессию, биографию, эпоху, регион, социальное положение и возраст из списка и анкеты; учитывай требования жанра и стиля.\n' +
    '\n' +
    'Универсальные паттерны (вопросительные хвосты, уменьшительно-ласкательные, общие междометия) применимы только если у персонажа нет более характерного признака. Если два персонажа естественно приходят к похожему маркеру — переделай минимум одного, чтобы голоса слышались по-разному.\n' +
    '\n' +
    'Маркеры и лексические паттерны не должны нарушать табу из секции «Стиль» (запреты на канцелярит, жаргон, метафоры, конкретную лексику и т.п.). Перед фиксацией паттерна для персонажа сверь его со списком запретов в Стиле; если естественный маркер попадает в табу — выбери другой, который не нарушает стиль.\n' +
    '\n' +
    '## Формат вывода\n' +
    '\n' +
    'Для каждого персонажа из списка — отдельный блок:\n' +
    '\n' +
    '1. Первая строка — `## <Имя>` (две решётки, имя точно такое же, как в списке).\n' +
    '2. Пустая строка.\n' +
    '3. 1–2 предложения о голосе: регистр (формальный / разговорный / просторечный), ритм (отрывистый / плавный / замедленный), отличительный приём (перебивает / переспрашивает / уходит в обстоятельность / цитирует / использует профессиональный жаргон).\n' +
    '4. Пустая строка.\n' +
    '5. 2–3 лексических паттерна с конкретными примерами — типы слов и оборотов, не готовые реплики. Образцы формата: «архаизмы: давеча, надысь, нынче», «инструментальный канцелярит: подтверждаю прибытие, в текущий момент», «обрывает существительные на сложных словах», «иностранные термины в речи: кейс, дедлайн».\n' +
    '\n' +
    'Без выдуманных цитат самого персонажа: описывай ТИПЫ оборотов, не готовые реплики.\n' +
    '\n' +
    '## Бюджет\n' +
    '\n' +
    'Верхняя граница — 1500 слов на ВСЕХ персонажей вместе. Количество слов в выводе не указывай.\n' +
    '\n' +
    '## Прочее\n' +
    '\n' +
    'На русском. Без вступительных и заключительных фраз вокруг блоков.\n' +
    '\n' +
    '## Жанр и регистр\n' +
    '```\n' +
    '{{[Жанр и регистр]}}\n' +
    '```\n' +
    '\n' +
    '## Стиль\n' +
    '```\n' +
    '{{[Стиль]}}\n' +
    '```\n' +
    '\n' +
    '## Мир\n' +
    '```\n' +
    '{{[Мир]}}\n' +
    '```\n' +
    '\n' +
    '## Тема\n' +
    '```\n' +
    '{{[Тема]}}\n' +
    '```\n' +
    '\n' +
    '## Анкета персонажа (структура полей)\n' +
    '```\n' +
    '{{[Анкета персонажа]}}\n' +
    '```\n' +
    '\n' +
    '## Персонажи (список)\n' +
    '```\n' +
    '{{[Персонажи (список)]}}\n' +
    '```'
}
[TextProcessor] regenerating node 12 (title: Голоса персонажей)
Returning '"ollama"...' as value of setting 'current_backend'
Returning '"ollama"...' as value of setting 'current_backend'
Returning '{"ollama":{"bas...' as value of setting 'ai_config'
Returning '{"ollama":{"bas...' as value of setting 'ai_config'
Emit emitOnGenerationEvent
[TextProcessor] generated content length: 2007
Returning 'false...' as value of setting 'auto_generate_summary'
In patch there is a requirement to change status to GENERATED
Emit event plan.node: 12 (patched keys: content, summary, status)
Notifying downstream node 16 (text) of changes in node 12
[regenerateSubtreeNodesContents] node 23 not ready, missing sources: 21,19
[regenerateSubtreeNodesContents] node 24 not ready, missing sources: 21,22,19,23
[regenerateSubtreeNodesContents] willRegenerate=true (regenerateManual=false)
In patch there is a requirement to change status to GENERATING
PROGRESS 1468s Разбиение списка персонажей
Emit event plan.node: 13 (patched keys: status)
Notifying downstream node 14 (for-each) of changes in node 13
[ForEachProcessor] Updating node 14 for new input content (0 items) as content overrides for for-each-input node 15
In patch there is a requirement to change status to OUTDATED
Emit event plan.node: 15 (patched keys: content, status, summary)
Notifying downstream node 16 (text) of changes in node 15
[PlanNodeService] regenerate node.node_type_settings {"partDescription":"Один блок персонажа: заголовок `# Имя` первой строкой, под ним `- Поле: значение` строки для каждого anchor-поля анкеты, затем пустая строка и одна фраза о роли в сюжете и ключевой внутренней черте.","userPrompt":"## Возрастной рейтинг произведения\n\n18+.{{#if (or (eq \"18+\" \"18+\") (eq \"18+\" \"NC-21\"))}} Всем героям не менее 18 лет.{{/if}}\n\n## Что нужно сделать\n\nРаздели список персонажей выше на массив элементов. Каждый блок-персонаж — отдельный элемент массива. Блоки разделены пустой строкой; внутри блока — заголовок `# Имя`, строки полей анкеты `- Поле: значение`, пустая строка, фраза о роли и черте.\n\nНе объединяй несколько персонажей в один элемент, не разбивай одного персонажа на несколько. Сохрани каждый блок целиком как один элемент массива, включая заголовок и все строки полей.\n\n## Список персонажей\n```\n{{[Персонажи (список)]}}\n```"}
[PlanNodeService] regenerate settings {
  partDescription: 'Один блок персонажа: заголовок `# Имя` первой строкой, под ним `- Поле: значение` строки для каждого anchor-поля анкеты, затем пустая строка и одна фраза о роли в сюжете и ключевой внутренней черте.',
  userPrompt: '## Возрастной рейтинг произведения\n' +
    '\n' +
    '18+.{{#if (or (eq "18+" "18+") (eq "18+" "NC-21"))}} Всем героям не менее 18 лет.{{/if}}\n' +
    '\n' +
    '## Что нужно сделать\n' +
    '\n' +
    'Раздели список персонажей выше на массив элементов. Каждый блок-персонаж — отдельный элемент массива. Блоки разделены пустой строкой; внутри блока — заголовок `# Имя`, строки полей анкеты `- Поле: значение`, пустая строка, фраза о роли и черте.\n' +
    '\n' +
    'Не объединяй несколько персонажей в один элемент, не разбивай одного персонажа на несколько. Сохрани каждый блок целиком как один элемент массива, включая заголовок и все строки полей.\n' +
    '\n' +
    '## Список персонажей\n' +
    '```\n' +
    '{{[Персонажи (список)]}}\n' +
    '```'
}
Returning '"ollama"...' as value of setting 'current_backend'
Returning '"ollama"...' as value of setting 'current_backend'
Returning '{"ollama":{"bas...' as value of setting 'ai_config'
Returning '{"ollama":{"bas...' as value of setting 'ai_config'
Emit emitOnGenerationEvent
Returning 'false...' as value of setting 'auto_generate_summary'
In patch there is a requirement to change status to GENERATED
Emit event plan.node: 13 (patched keys: content, summary, status)
Notifying downstream node 14 (for-each) of changes in node 13
[ForEachProcessor] Updating node 14 for new input content (1 items) as content overrides for for-each-input node 15
In patch there is a requirement to change status to OUTDATED
Emit event plan.node: 15 (patched keys: content, status, summary)
Notifying downstream node 16 (text) of changes in node 15
[PlanNodeService] Updating downstream node 14 (for-each) because of changes in node 13: status,content
In patch there is a requirement to change status to OUTDATED
Emit event plan.node: 14 (patched keys: status, content)
[regenerateSubtreeNodesContents] willRegenerate=true (regenerateManual=false)
In patch there is a requirement to change status to GENERATING
PROGRESS 1483s Цикл по персонажам
Emit event plan.node: 14 (patched keys: status)
[PlanNodeService] regenerate node.node_type_settings null
[PlanNodeService] regenerate settings {}
[ForEachProcessor] regenerating node 14, totalIterations=1
Regeneration child nodes content of for-each node 14 'Цикл по персонажам' for iteration 0...
[changeForEachNodePage] node 14, currentIndex=undefined, page=0, overrides before save: [
  {
    '15': {
      content: '# Брат\n' +
        '- Возраст: 23\n' +
        '- Пол: мужской\n' +
        '- Семейная роль: старший брат\n' +
        '- Рост и телосложение: 185 см, жилистое телосложение, позволяющее легко доминировать в пространстве кухни\n' +
        '- Одежда на момент действия: свободная спортивная форма, удобная для стояния у окна или двери\n' +
        '- Профессия/статус: студент, ведущий себя как временный глава семьи\n' +
        '- Отношение к личным границам: воспринимает семейное пространство как свою территорию, где он устанавливает правила\n' +
        '- Инициирует конфликт, выставляя сестру на балкон в одном полотенце, требуя спуститься по пожарной лестнице, чтобы подчеркнуть свою власть и её зависимость от его решений.\n' +
        '\n' +
        '# Сестра\n' +
        '- Возраст: 21\n' +
        '- Пол: женский\n' +
        '- Семейная роль: младшая сестра\n' +
        '- Рост и телосложение: 165 см, хрупкое телосложение, усиливающее ощущение беспомощности на открытом воздухе\n' +
        '- Одежда на момент действия: одно маленькое полотенце, которое ветер уносит далеко во двор, оголяя её полностью\n' +
        '- Профессия/статус: студентка, вынужденная действовать в бытовом регистре\n' +
        '- Реакция на холод/ветер: физиологическая уязвимость, заставляющая её дрожать и инстинктивно сжиматься, усиливая чувство позора\n' +
        '- Отношение к личным границам: изначально считает дом своим безопасным пространством, но сталкивается с потерей автономии, когда её приватность становится публичным достоянием через домофон\n' +
        '- Оказывается в ситуации, где её телесность становится инструментом проверки, а её попытки вернуться в дом сталкиваются с механическим барьером (код домофона), символизирующим её зависимость от воли старшего брата.',
      summary: null,
      word_count: null,
      char_count: null,
      byte_count: null,
      status: 'OUTDATED'
    },
    '16': {
      content: null,
      summary: null,
      word_count: null,
      char_count: null,
      byte_count: null,
      status: 'OUTDATED'
    },
    '17': {
      content: null,
      summary: null,
      word_count: null,
      char_count: null,
      byte_count: null,
      status: 'OUTDATED'
    },
    '18': {
      content: null,
      summary: null,
      word_count: null,
      char_count: null,
      byte_count: null,
      status: 'OUTDATED'
    }
  }
]
[changeForEachNodePage] collected overrides: {
  '15': {
    content: '# Брат\n' +
      '- Возраст: 23\n' +
      '- Пол: мужской\n' +
      '- Семейная роль: старший брат\n' +
      '- Рост и телосложение: 185 см, жилистое телосложение, позволяющее легко доминировать в пространстве кухни\n' +
      '- Одежда на момент действия: свободная спортивная форма, удобная для стояния у окна или двери\n' +
      '- Профессия/статус: студент, ведущий себя как временный глава семьи\n' +
      '- Отношение к личным границам: воспринимает семейное пространство как свою территорию, где он устанавливает правила\n' +
      '- Инициирует конфликт, выставляя сестру на балкон в одном полотенце, требуя спуститься по пожарной лестнице, чтобы подчеркнуть свою власть и её зависимость от его решений.\n' +
      '\n' +
      '# Сестра\n' +
      '- Возраст: 21\n' +
      '- Пол: женский\n' +
      '- Семейная роль: младшая сестра\n' +
      '- Рост и телосложение: 165 см, хрупкое телосложение, усиливающее ощущение беспомощности на открытом воздухе\n' +
      '- Одежда на момент действия: одно маленькое полотенце, которое ветер уносит далеко во двор, оголяя её полностью\n' +
      '- Профессия/статус: студентка, вынужденная действовать в бытовом регистре\n' +
      '- Реакция на холод/ветер: физиологическая уязвимость, заставляющая её дрожать и инстинктивно сжиматься, усиливая чувство позора\n' +
      '- Отношение к личным границам: изначально считает дом своим безопасным пространством, но сталкивается с потерей автономии, когда её приватность становится публичным достоянием через домофон\n' +
      '- Оказывается в ситуации, где её телесность становится инструментом проверки, а её попытки вернуться в дом сталкиваются с механическим барьером (код домофона), символизирующим её зависимость от воли старшего брата.',
    summary: null,
    word_count: 0,
    char_count: 0,
    byte_count: 0,
    status: 'OUTDATED'
  },
  '16': {
    content: null,
    summary: null,
    word_count: 0,
    char_count: 0,
    byte_count: 0,
    status: 'OUTDATED'
  },
  '17': {
    content: null,
    summary: null,
    word_count: 0,
    char_count: 0,
    byte_count: 0,
    status: 'OUTDATED'
  },
  '18': {
    content: '',
    summary: null,
    word_count: 0,
    char_count: 0,
    byte_count: 0,
    status: 'OUTDATED'
  }
}
[changeForEachNodePage] collected keys: [ '15', '16', '17', '18' ]
[changeForEachNodePage] overrides after save: [
  {
    '15': {
      content: '# Брат\n' +
        '- Возраст: 23\n' +
        '- Пол: мужской\n' +
        '- Семейная роль: старший брат\n' +
        '- Рост и телосложение: 185 см, жилистое телосложение, позволяющее легко доминировать в пространстве кухни\n' +
        '- Одежда на момент действия: свободная спортивная форма, удобная для стояния у окна или двери\n' +
        '- Профессия/статус: студент, ведущий себя как временный глава семьи\n' +
        '- Отношение к личным границам: воспринимает семейное пространство как свою территорию, где он устанавливает правила\n' +
        '- Инициирует конфликт, выставляя сестру на балкон в одном полотенце, требуя спуститься по пожарной лестнице, чтобы подчеркнуть свою власть и её зависимость от его решений.\n' +
        '\n' +
        '# Сестра\n' +
        '- Возраст: 21\n' +
        '- Пол: женский\n' +
        '- Семейная роль: младшая сестра\n' +
        '- Рост и телосложение: 165 см, хрупкое телосложение, усиливающее ощущение беспомощности на открытом воздухе\n' +
        '- Одежда на момент действия: одно маленькое полотенце, которое ветер уносит далеко во двор, оголяя её полностью\n' +
        '- Профессия/статус: студентка, вынужденная действовать в бытовом регистре\n' +
        '- Реакция на холод/ветер: физиологическая уязвимость, заставляющая её дрожать и инстинктивно сжиматься, усиливая чувство позора\n' +
        '- Отношение к личным границам: изначально считает дом своим безопасным пространством, но сталкивается с потерей автономии, когда её приватность становится публичным достоянием через домофон\n' +
        '- Оказывается в ситуации, где её телесность становится инструментом проверки, а её попытки вернуться в дом сталкиваются с механическим барьером (код домофона), символизирующим её зависимость от воли старшего брата.',
      summary: null,
      word_count: 0,
      char_count: 0,
      byte_count: 0,
      status: 'OUTDATED'
    },
    '16': {
      content: null,
      summary: null,
      word_count: 0,
      char_count: 0,
      byte_count: 0,
      status: 'OUTDATED'
    },
    '17': {
      content: null,
      summary: null,
      word_count: 0,
      char_count: 0,
      byte_count: 0,
      status: 'OUTDATED'
    },
    '18': {
      content: '',
      summary: null,
      word_count: 0,
      char_count: 0,
      byte_count: 0,
      status: 'OUTDATED'
    }
  }
]
[changeForEachNodePage] overrides[0] keys: [ '15', '16', '17', '18' ]
[changeForEachNodePage] saved content: {"overrides":[{"15":{"content":"# Брат\n- Возраст: 23\n- Пол: мужской\n- Семейная роль: старший брат\n- Рост и телосложение: 185 см, жилистое телосложение, позволяющее легко доминировать в пространстве кухни\n- Одежда на момент действия: свободная спортивная форма, удобная для стояния у окна или двери\n- Профессия/статус: студент, ведущий себя как временный глава семьи\n- Отношение к личным границам: воспринимает семейное пространство как свою территорию, где он устанавливает правила\n- Инициирует конфликт, выставляя сестру на балкон в одном полотенце, требуя спуститься по пожарной лестнице, чтобы подчеркнуть свою власть и её зависимость от его решений.\n\n# Сестра\n- Возраст: 21\n- Пол: женский\n- Семейная роль: младшая сестра\n- Рост и телосложение: 165 см, хрупкое телосложение, усиливающее ощущение беспомощности на открытом воздухе\n- Одежда на момент действия: одно маленькое полотенце, которое ветер уносит далеко во двор, оголяя её полностью\n- Профессия/статус: студентка, вынужденная действовать в бытовом регистре\n- Реакция на холод/ветер: физиологическая уязвимость, заставляющая её дрожать и инстинктивно сжиматься, усиливая чувство позора\n- Отношение к личным границам: изначально считает дом своим безопасным пространством, но сталкивается с потерей автономии, когда её приватность становится публичным достоянием через домофон\n- Оказывается в ситуации, где её телесность становится инструментом проверки, а её попытки вернуться в дом сталкиваются с механическим барьером (код домофона), символизирующим её зависимость от воли старшего брата.","summary":null,"word_count":0,"char_count":0,"byte_count":0,"status":"OUTDATED"},"16":{"content":null,"summary":null,"word_count":0,"char_count":0,"byte_count":0,"status":"OUTDATED"},"17":{"content":null,"summary":null,"word_count":0,"char_count":0,"byte_count":0,"status":"OUTDATED"},"18":{"content":"","summary":null,"word_count":0,"char_count":0,"byte_count":0,"status":"OUTDATED"}}],"length":1,"currentIndex":0}
Emit event plan.node: 14 (changed page in 14)
Emit event plan.node: 15 (changed page in 14)
Emit event plan.node: 16 (changed page in 14)
Emit event plan.node: 17 (changed page in 14)
Emit event plan.node: 18 (changed page in 14)
[regenerateSubtreeNodesContents] Starting regeneration for parentId=14
[regenerateSubtreeNodesContents] willRegenerate=true (regenerateManual=false)
In patch there is a requirement to change status to GENERATING
PROGRESS 1483s Цикл по персонажам / Персонаж
Emit event plan.node: 15 (patched keys: status)
Notifying downstream node 16 (text) of changes in node 15
Returning 'false...' as value of setting 'auto_generate_summary'
In patch there is a requirement to change status to GENERATED
Emit event plan.node: 15 (patched keys: summary, status)
Notifying downstream node 16 (text) of changes in node 15
PROGRESS 1483s Цикл по персонажам
[regenerateSubtreeNodesContents] willRegenerate=true (regenerateManual=false)
In patch there is a requirement to change status to GENERATING
PROGRESS 1483s Цикл по персонажам / Профиль персонажа
Emit event plan.node: 16 (patched keys: status)
[PlanNodeService] regenerate node.node_type_settings {"userPrompt":"## Возрастной рейтинг произведения\n\n18+.{{#if (or (eq \"18+\" \"18+\") (eq \"18+\" \"NC-21\"))}} Всем героям не менее 18 лет.{{/if}}\n\n## Что нужно сделать\n\nРазвернуть профиль персонажа, заданного в секции `## Персонаж (вход)` в самом КОНЦЕ этого сообщения. Имя персонажа — то, что указано в этом блоке (обычно в виде заголовка `# <Имя>` или строки `Имя: <Имя>`). Других персонажей мира — НЕ профилируй, даже если они упомянуты в синопсисе, анкете или контексте мира. Один вызов = ровно один профиль одного персонажа.\n\nПрофиль выстраивай в соответствии с описанием мира. Каноничным персонажам — каноничный голос и биография, с учётом отличий, заявленных в описании мира. Новых или оригинальных персонажей — построй с нуля.\n\n## Структура вывода\n\nПервой строкой: `# <Имя персонажа>`, где `<Имя персонажа>` — имя, взятое из секции `## Персонаж (вход)` в конце сообщения (одна решётка, имя без кавычек). Других `# Имя`-заголовков в выводе быть не должно — только один заголовок верхнего уровня. Затем пустая строка.\n\nДалее секция `## Анкета` — перечислить поля из анкеты, каждое отдельной строкой в формате `- <Имя поля>: <значение>`. **Обязательные** поля — конкретные значения (число, имя, статус); «неизвестно» в обязательном поле недопустимо. Возраст, пол, ключевые биографические факты сверяй с уже принятыми решениями из узла «Персонажи (список)» — они уже согласованы между персонажами и временной шкалой синопсиса; не противоречь и не «доуточняй» вразрез. Если в списке для этого персонажа поле не указано (или указано «неизвестно» вопреки правилу) — выведи разумное значение по контексту жанра, мира и роли. **Опциональные** поля — заполнены, если уместно и информативно для персонажа; если поле не задействовано в сюжете и не помогает раскрыть персонажа — пропусти его полностью, не пиши «не важно для этого персонажа», не оставляй пустых заглушек.\n\nЗатем пустая строка и секция `## Профиль` с развёрнутым описанием по схеме Труби:\n- **хочет** — внешнее желание в сюжете (что персонаж активно преследует);\n- **нужно** — внутренняя потребность (что должно измениться в нём к концу). Между «хочет» и «нужно» должно быть РЕАЛЬНОЕ противоречие: достижение того, чего персонаж добивается, не должно автоматически давать то, что ему на самом деле нужно. Они тянут персонажа в разные стороны. Тест: если одно действие удовлетворяет и «хочет», и «нужно» — это плоскость, переформулируй так, чтобы видна была дилемма. **Исключение**: если в исходном описании из `## Персонаж (вход)` явно сказано «не меняется», «остаётся в роли», «продолжает прежний образ жизни», «без развития», «без конфликта» — это сознательно плоский контрастный персонаж (антагонист, функция, фон). Тогда «нужно» оставь близким к «хочет», но в «недостаток» опиши то, что блокирует его развитие, а в «секрет» — внутреннюю причину остановки. Не приписывай ему трансформацию, которой нет в синопсисе и Списке;\n- **недостаток** — моральная или психологическая ошибка, которая мешает «нужно» (для плоских персонажей — то, что блокирует развитие);\n- **голос** — найди в секции «### Голоса персонажей (готовый план)» ниже блок твоего персонажа (по совпадению имени) и перенеси его описание (1–2 предложения о регистре/ритме/приёме + 2–3 лексических паттерна) в это поле. Можешь расширить: добавь, КОГДА персонаж переходит в этот регистр (под давлением, среди своих, при волнении), или КАК паттерн обнаруживается в типичных для него ситуациях — чтобы голос лучше сочетался с «хочет», «нужно», «недостаток» и «секрет». Не сочиняй свой вариант голоса с нуля и не отбрасывай паттерны из плана: общая палитра голосов в проекте уже сбалансирована между персонажами на этапе «Голоса персонажей»;\n- **секрет** — КОНКРЕТНЫЙ скрытый факт, поступок, предмет или событие, которое можно назвать одной фразой: что именно скрывает и от кого. Не общее ощущение, не «склонность отрицать», не «скрывает чувства» — а узнаваемая сюжетная деталь, которая может всплыть в сцене как поворот или открытие. Если скрывает от себя — назови конкретный вытесненный факт.\n\n## Лексические паттерны vs готовые реплики\n\nВ описании голоса и характера различай две вещи:\n\n**Разрешено и нужно** — примеры ТИПОВ оборотов, отдельных слов или коротких устойчивых выражений как иллюстрации лексических паттернов: «архаизмы: давеча, надысь, нынче», «канцелярит: в текущий момент, подтверждаю прибытие», «уменьшительно-ласкательные: лапочка, доченька», «иностранные термины: кейс, дедлайн», «обрывает существительные на сложных словах». Эти примеры показывают регистр и обеспечивают узнаваемость в сценах. Если лексические паттерны уже даны в плане «Голоса персонажей» — перенеси их сюда (с возможным расширением).\n\n**Запрещено** — готовые реплики персонажа в кавычках: целые фразы или предложения, которые он мог бы сказать в сцене («Я тебе сто раз говорил», «Если ты читаешь это письмо, знай, что…», «Как старший партнёр я требую»). Они приведут к слово-в-слово повторам в прозе.\n\nКаноничные цитаты из источника (если персонаж заимствован из конкретного канона, упомянутого в описании мира) — допустимы и обозначь их как «канонично: …».\n\nПрофильная часть — прозой. Анкета — списком.\n\nБез раздувания, верхняя граница — 1500 слов. Источники и количество слов в выводе не указывай. На русском.\n\n## Контекст (общий для всех персонажей этого проекта; имена из этих секций кого-то профилировать НЕ заставляют)\n\n### Синопсис\n```\n{{[Синопсис]}}\n```\n\n### Тема\n```\n{{[Тема]}}\n```\n\n### Мир\n```\n{{[Мир]}}\n```\n\n### Стиль\n```\n{{[Стиль]}}\n```\n\n### Анкета персонажа (поля для заполнения)\n```\n{{[Анкета персонажа]}}\n```\n\n### Голоса персонажей (готовый план)\n```\n{{[Голоса персонажей]}}\n```\n\n## Персонаж (вход)\n\nПрофилируй именно этого персонажа — никаких других:\n\n```\n{{[Персонаж]}}\n```"}
[PlanNodeService] regenerate settings {
  userPrompt: '## Возрастной рейтинг произведения\n' +
    '\n' +
    '18+.{{#if (or (eq "18+" "18+") (eq "18+" "NC-21"))}} Всем героям не менее 18 лет.{{/if}}\n' +
    '\n' +
    '## Что нужно сделать\n' +
    '\n' +
    'Развернуть профиль персонажа, заданного в секции `## Персонаж (вход)` в самом КОНЦЕ этого сообщения. Имя персонажа — то, что указано в этом блоке (обычно в виде заголовка `# <Имя>` или строки `Имя: <Имя>`). Других персонажей мира — НЕ профилируй, даже если они упомянуты в синопсисе, анкете или контексте мира. Один вызов = ровно один профиль одного персонажа.\n' +
    '\n' +
    'Профиль выстраивай в соответствии с описанием мира. Каноничным персонажам — каноничный голос и биография, с учётом отличий, заявленных в описании мира. Новых или оригинальных персонажей — построй с нуля.\n' +
    '\n' +
    '## Структура вывода\n' +
    '\n' +
    'Первой строкой: `# <Имя персонажа>`, где `<Имя персонажа>` — имя, взятое из секции `## Персонаж (вход)` в конце сообщения (одна решётка, имя без кавычек). Других `# Имя`-заголовков в выводе быть не должно — только один заголовок верхнего уровня. Затем пустая строка.\n' +
    '\n' +
    'Далее секция `## Анкета` — перечислить поля из анкеты, каждое отдельной строкой в формате `- <Имя поля>: <значение>`. **Обязательные** поля — конкретные значения (число, имя, статус); «неизвестно» в обязательном поле недопустимо. Возраст, пол, ключевые биографические факты сверяй с уже принятыми решениями из узла «Персонажи (список)» — они уже согласованы между персонажами и временной шкалой синопсиса; не противоречь и не «доуточняй» вразрез. Если в списке для этого персонажа поле не указано (или указано «неизвестно» вопреки правилу) — выведи разумное значение по контексту жанра, мира и роли. **Опциональные** поля — заполнены, если уместно и информативно для персонажа; если поле не задействовано в сюжете и не помогает раскрыть персонажа — пропусти его полностью, не пиши «не важно для этого персонажа», не оставляй пустых заглушек.\n' +
    '\n' +
    'Затем пустая строка и секция `## Профиль` с развёрнутым описанием по схеме Труби:\n' +
    '- **хочет** — внешнее желание в сюжете (что персонаж активно преследует);\n' +
    '- **нужно** — внутренняя потребность (что должно измениться в нём к концу). Между «хочет» и «нужно» должно быть РЕАЛЬНОЕ противоречие: достижение того, чего персонаж добивается, не должно автоматически давать то, что ему на самом деле нужно. Они тянут персонажа в разные стороны. Тест: если одно действие удовлетворяет и «хочет», и «нужно» — это плоскость, переформулируй так, чтобы видна была дилемма. **Исключение**: если в исходном описании из `## Персонаж (вход)` явно сказано «не меняется», «остаётся в роли», «продолжает прежний образ жизни», «без развития», «без конфликта» — это сознательно плоский контрастный персонаж (антагонист, функция, фон). Тогда «нужно» оставь близким к «хочет», но в «недостаток» опиши то, что блокирует его развитие, а в «секрет» — внутреннюю причину остановки. Не приписывай ему трансформацию, которой нет в синопсисе и Списке;\n' +
    '- **недостаток** — моральная или психологическая ошибка, которая мешает «нужно» (для плоских персонажей — то, что блокирует развитие);\n' +
    '- **голос** — найди в секции «### Голоса персонажей (готовый план)» ниже блок твоего персонажа (по совпадению имени) и перенеси его описание (1–2 предложения о регистре/ритме/приёме + 2–3 лексических паттерна) в это поле. Можешь расширить: добавь, КОГДА персонаж переходит в этот регистр (под давлением, среди своих, при волнении), или КАК паттерн обнаруживается в типичных для него ситуациях — чтобы голос лучше сочетался с «хочет», «нужно», «недостаток» и «секрет». Не сочиняй свой вариант голоса с нуля и не отбрасывай паттерны из плана: общая палитра голосов в проекте уже сбалансирована между персонажами на этапе «Голоса персонажей»;\n' +
    '- **секрет** — КОНКРЕТНЫЙ скрытый факт, поступок, предмет или событие, которое можно назвать одной фразой: что именно скрывает и от кого. Не общее ощущение, не «склонность отрицать», не «скрывает чувства» — а узнаваемая сюжетная деталь, которая может всплыть в сцене как поворот или открытие. Если скрывает от себя — назови конкретный вытесненный факт.\n' +
    '\n' +
    '## Лексические паттерны vs готовые реплики\n' +
    '\n' +
    'В описании голоса и характера различай две вещи:\n' +
    '\n' +
    '**Разрешено и нужно** — примеры ТИПОВ оборотов, отдельных слов или коротких устойчивых выражений как иллюстрации лексических паттернов: «архаизмы: давеча, надысь, нынче», «канцелярит: в текущий момент, подтверждаю прибытие», «уменьшительно-ласкательные: лапочка, доченька», «иностранные термины: кейс, дедлайн», «обрывает существительные на сложных словах». Эти примеры показывают регистр и обеспечивают узнаваемость в сценах. Если лексические паттерны уже даны в плане «Голоса персонажей» — перенеси их сюда (с возможным расширением).\n' +
    '\n' +
    '**Запрещено** — готовые реплики персонажа в кавычках: целые фразы или предложения, которые он мог бы сказать в сцене («Я тебе сто раз говорил», «Если ты читаешь это письмо, знай, что…», «Как старший партнёр я требую»). Они приведут к слово-в-слово повторам в прозе.\n' +
    '\n' +
    'Каноничные цитаты из источника (если персонаж заимствован из конкретного канона, упомянутого в описании мира) — допустимы и обозначь их как «канонично: …».\n' +
    '\n' +
    'Профильная часть — прозой. Анкета — списком.\n' +
    '\n' +
    'Без раздувания, верхняя граница — 1500 слов. Источники и количество слов в выводе не указывай. На русском.\n' +
    '\n' +
    '## Контекст (общий для всех персонажей этого проекта; имена из этих секций кого-то профилировать НЕ заставляют)\n' +
    '\n' +
    '### Синопсис\n' +
    '```\n' +
    '{{[Синопсис]}}\n' +
    '```\n' +
    '\n' +
    '### Тема\n' +
    '```\n' +
    '{{[Тема]}}\n' +
    '```\n' +
    '\n' +
    '### Мир\n' +
    '```\n' +
    '{{[Мир]}}\n' +
    '```\n' +
    '\n' +
    '### Стиль\n' +
    '```\n' +
    '{{[Стиль]}}\n' +
    '```\n' +
    '\n' +
    '### Анкета персонажа (поля для заполнения)\n' +
    '```\n' +
    '{{[Анкета персонажа]}}\n' +
    '```\n' +
    '\n' +
    '### Голоса персонажей (готовый план)\n' +
    '```\n' +
    '{{[Голоса персонажей]}}\n' +
    '```\n' +
    '\n' +
    '## Персонаж (вход)\n' +
    '\n' +
    'Профилируй именно этого персонажа — никаких других:\n' +
    '\n' +
    '```\n' +
    '{{[Персонаж]}}\n' +
    '```'
}
[TextProcessor] regenerating node 16 (title: Профиль персонажа)
Returning '"ollama"...' as value of setting 'current_backend'
Returning '"ollama"...' as value of setting 'current_backend'
Returning '{"ollama":{"bas...' as value of setting 'ai_config'
Returning '{"ollama":{"bas...' as value of setting 'ai_config'
Emit emitOnGenerationEvent
[TextProcessor] generated content length: 5397
Returning 'false...' as value of setting 'auto_generate_summary'
In patch there is a requirement to change status to GENERATED
Emit event plan.node: 16 (patched keys: content, summary, status)
PROGRESS 1584s Цикл по персонажам
[regenerateSubtreeNodesContents] willRegenerate=true (regenerateManual=false)
In patch there is a requirement to change status to GENERATING
PROGRESS 1584s Цикл по персонажам / Ревью персонажа
Emit event plan.node: 17 (patched keys: status)
Notifying downstream node 18 (for-each-output) of changes in node 17
[PlanNodeService] regenerate node.node_type_settings {"maxIterations":1,"minSeverityToFix":40,"foundProblemsTemplate":"Найденные проблемы","aiUserInstructionsToFindProblems":"## Возрастной рейтинг произведения\n\n18+.{{#if (or (eq \"18+\" \"18+\") (eq \"18+\" \"NC-21\"))}} Всем героям не менее 18 лет.{{/if}}\n\n## Что искать\n\nНайди проблемы в профиле персонажа (профиль и исходный персонаж — в самом конце сообщения):\n- имя в первом заголовке `# <Имя>` профиля НЕ совпадает с именем, заявленным в секции `## Персонаж (вход исходный)`. Severity 95 (блокер: профиль про другого человека). Имя «совпадает» если совпадают имя+фамилия, либо имя+отчество, либо имя в обычной форме (Маша = Мария);\n- в профиле больше одного `# <Имя>`-заголовка верхнего уровня (профилей разных персонажей в одном выводе быть не должно). Severity 95;\n- незаполненные или пропущенные обязательные поля анкеты (особенно возраст и пол);\n- плоскость: нет внутреннего конфликта между «хочет» и «нужно». **Это проблема только для персонажей с траекторией.** Если в исходном описании из `## Персонаж (вход исходный)` явно сказано «не меняется», «остаётся в роли», «продолжает прежний образ жизни», «без развития» — это сознательно плоский контрастный персонаж, и совпадающие «хочет/нужно» допустимы; не флагай как проблему;\n- противоречия в характере, голосе, биографии;\n- общие места: трюизмы, штампы, безголосые формулировки;\n- расхождения с правилами стиля;\n- размытый секрет (без секрета, или секрет «вообще»);\n- неподтверждённые декларации («сильный», «умный», «загадочный» без подкрепления конкретикой);\n- готовые реплики персонажа в кавычках — целые фразы или предложения, которые могут попасть слово-в-слово в сцену («Я тебе сто раз говорил», «Если ты читаешь это…», «Как старший партнёр я требую»). Это **не относится** к коротким лексическим примерам — отдельным словам, оборотам или устойчивым выражениям как иллюстрациям паттернов («архаизмы: давеча, нынче», «канцелярит: в текущий момент», «уменьшительные: лапочка, доченька»). Они допустимы и нужны для узнаваемости голоса. Цитаты с пометкой «канонично:» — тоже допустимы;\n- вставки иностранного языка вместо русского: непереведённые английские термины («mid-act twist», «point of view»), нерусифицированные имена там, где они должны быть кириллицей, англицизмы без оснований.\n\nКаждой найденной проблеме укажи severity 0–100. Пропущенные обязательные поля анкеты — severity не ниже 80 (это блокер для дальнейшей генерации). Выдуманные цитаты и иноязычные вставки — severity не ниже 70.\n\n## Стиль (для справки)\n```\n{{[Стиль]}}\n```\n\n## Анкета персонажа (обязательные и опциональные поля)\n```\n{{[Анкета персонажа]}}\n```\n\n## Персонаж (вход исходный)\n```\n{{[Персонаж]}}\n```\n\n## Профиль персонажа (проверить)\n```\n{{[Профиль персонажа]}}\n```","aiUserInstructionsToFixProblems":"## Возрастной рейтинг произведения\n\n18+.{{#if (or (eq \"18+\" \"18+\") (eq \"18+\" \"NC-21\"))}} Всем героям не менее 18 лет.{{/if}}\n\n## Что нужно сделать\n\nПерепиши профиль персонажа, исправив проблемы, указанные в секции «Найденные проблемы» в конце сообщения. Сохрани структуру (заголовок `# <Имя>` первой строкой, секции `## Анкета` и `## Профиль`). Имя в `# <Имя>` должно совпадать с именем из секции `## Персонаж (вход исходный)` — если в найденных проблемах указано несоответствие имени, перепиши профиль на правильного персонажа. Заполни все обязательные поля анкеты, если они были пропущены. Удали выдуманные цитаты из описания голоса — оставь только характеристику манеры; каноничные цитаты, помеченные «канонично:», сохрани. Выводи только исправленный профиль.\n\n## Стиль (для справки)\n```\n{{[Стиль]}}\n```\n\n## Анкета персонажа (обязательные и опциональные поля)\n```\n{{[Анкета персонажа]}}\n```\n\n## Персонаж (вход исходный)\n```\n{{[Персонаж]}}\n```\n\n## Профиль персонажа\n```\n{{[Профиль персонажа]}}\n```\n\n## Найденные проблемы\n```\n{{[Найденные проблемы]}}\n```","sourceNodeIdToFix":16}
[PlanNodeService] regenerate settings {
  maxIterations: 1,
  minSeverityToFix: 40,
  foundProblemsTemplate: 'Найденные проблемы',
  aiUserInstructionsToFindProblems: '## Возрастной рейтинг произведения\n' +
    '\n' +
    '18+.{{#if (or (eq "18+" "18+") (eq "18+" "NC-21"))}} Всем героям не менее 18 лет.{{/if}}\n' +
    '\n' +
    '## Что искать\n' +
    '\n' +
    'Найди проблемы в профиле персонажа (профиль и исходный персонаж — в самом конце сообщения):\n' +
    '- имя в первом заголовке `# <Имя>` профиля НЕ совпадает с именем, заявленным в секции `## Персонаж (вход исходный)`. Severity 95 (блокер: профиль про другого человека). Имя «совпадает» если совпадают имя+фамилия, либо имя+отчество, либо имя в обычной форме (Маша = Мария);\n' +
    '- в профиле больше одного `# <Имя>`-заголовка верхнего уровня (профилей разных персонажей в одном выводе быть не должно). Severity 95;\n' +
    '- незаполненные или пропущенные обязательные поля анкеты (особенно возраст и пол);\n' +
    '- плоскость: нет внутреннего конфликта между «хочет» и «нужно». **Это проблема только для персонажей с траекторией.** Если в исходном описании из `## Персонаж (вход исходный)` явно сказано «не меняется», «остаётся в роли», «продолжает прежний образ жизни», «без развития» — это сознательно плоский контрастный персонаж, и совпадающие «хочет/нужно» допустимы; не флагай как проблему;\n' +
    '- противоречия в характере, голосе, биографии;\n' +
    '- общие места: трюизмы, штампы, безголосые формулировки;\n' +
    '- расхождения с правилами стиля;\n' +
    '- размытый секрет (без секрета, или секрет «вообще»);\n' +
    '- неподтверждённые декларации («сильный», «умный», «загадочный» без подкрепления конкретикой);\n' +
    '- готовые реплики персонажа в кавычках — целые фразы или предложения, которые могут попасть слово-в-слово в сцену («Я тебе сто раз говорил», «Если ты читаешь это…», «Как старший партнёр я требую»). Это **не относится** к коротким лексическим примерам — отдельным словам, оборотам или устойчивым выражениям как иллюстрациям паттернов («архаизмы: давеча, нынче», «канцелярит: в текущий момент», «уменьшительные: лапочка, доченька»). Они допустимы и нужны для узнаваемости голоса. Цитаты с пометкой «канонично:» — тоже допустимы;\n' +
    '- вставки иностранного языка вместо русского: непереведённые английские термины («mid-act twist», «point of view»), нерусифицированные имена там, где они должны быть кириллицей, англицизмы без оснований.\n' +
    '\n' +
    'Каждой найденной проблеме укажи severity 0–100. Пропущенные обязательные поля анкеты — severity не ниже 80 (это блокер для дальнейшей генерации). Выдуманные цитаты и иноязычные вставки — severity не ниже 70.\n' +
    '\n' +
    '## Стиль (для справки)\n' +
    '```\n' +
    '{{[Стиль]}}\n' +
    '```\n' +
    '\n' +
    '## Анкета персонажа (обязательные и опциональные поля)\n' +
    '```\n' +
    '{{[Анкета персонажа]}}\n' +
    '```\n' +
    '\n' +
    '## Персонаж (вход исходный)\n' +
    '```\n' +
    '{{[Персонаж]}}\n' +
    '```\n' +
    '\n' +
    '## Профиль персонажа (проверить)\n' +
    '```\n' +
    '{{[Профиль персонажа]}}\n' +
    '```',
  aiUserInstructionsToFixProblems: '## Возрастной рейтинг произведения\n' +
    '\n' +
    '18+.{{#if (or (eq "18+" "18+") (eq "18+" "NC-21"))}} Всем героям не менее 18 лет.{{/if}}\n' +
    '\n' +
    '## Что нужно сделать\n' +
    '\n' +
    'Перепиши профиль персонажа, исправив проблемы, указанные в секции «Найденные проблемы» в конце сообщения. Сохрани структуру (заголовок `# <Имя>` первой строкой, секции `## Анкета` и `## Профиль`). Имя в `# <Имя>` должно совпадать с именем из секции `## Персонаж (вход исходный)` — если в найденных проблемах указано несоответствие имени, перепиши профиль на правильного персонажа. Заполни все обязательные поля анкеты, если они были пропущены. Удали выдуманные цитаты из описания голоса — оставь только характеристику манеры; каноничные цитаты, помеченные «канонично:», сохрани. Выводи только исправленный профиль.\n' +
    '\n' +
    '## Стиль (для справки)\n' +
    '```\n' +
    '{{[Стиль]}}\n' +
    '```\n' +
    '\n' +
    '## Анкета персонажа (обязательные и опциональные поля)\n' +
    '```\n' +
    '{{[Анкета персонажа]}}\n' +
    '```\n' +
    '\n' +
    '## Персонаж (вход исходный)\n' +
    '```\n' +
    '{{[Персонаж]}}\n' +
    '```\n' +
    '\n' +
    '## Профиль персонажа\n' +
    '```\n' +
    '{{[Профиль персонажа]}}\n' +
    '```\n' +
    '\n' +
    '## Найденные проблемы\n' +
    '```\n' +
    '{{[Найденные проблемы]}}\n' +
    '```',
  sourceNodeIdToFix: 16
}
[FixProblemsProcessor] regenerate node {
  id: 17,
  parent_id: 14,
  title: 'Ревью персонажа',
  content: null,
  position: 2,
  created_at: '2026-08-25 14:51:55',
  type: 'fix-problems',
  x: 600,
  y: 180,
  summary: null,
  ai_sync_info: null,
  word_count: 0,
  char_count: 0,
  byte_count: 0,
  review_base_content: null,
  ai_improve_instruction: null,
  node_type_settings: '{"maxIterations":1,"minSeverityToFix":40,"foundProblemsTemplate":"Найденные проблемы","aiUserInstructionsToFindProblems":"## Возрастной рейтинг произведения\\n\\n18+.{{#if (or (eq \\"18+\\" \\"18+\\") (eq \\"18+\\" \\"NC-21\\"))}} Всем героям не менее 18 лет.{{/if}}\\n\\n## Что искать\\n\\nНайди проблемы в профиле персонажа (профиль и исходный персонаж — в самом конце сообщения):\\n- имя в первом заголовке `# <Имя>` профиля НЕ совпадает с именем, заявленным в секции `## Персонаж (вход исходный)`. Severity 95 (блокер: профиль про другого человека). Имя «совпадает» если совпадают имя+фамилия, либо имя+отчество, либо имя в обычной форме (Маша = Мария);\\n- в профиле больше одного `# <Имя>`-заголовка верхнего уровня (профилей разных персонажей в одном выводе быть не должно). Severity 95;\\n- незаполненные или пропущенные обязательные поля анкеты (особенно возраст и пол);\\n- плоскость: нет внутреннего конфликта между «хочет» и «нужно». **Это проблема только для персонажей с траекторией.** Если в исходном описании из `## Персонаж (вход исходный)` явно сказано «не меняется», «остаётся в роли», «продолжает прежний образ жизни», «без развития» — это сознательно плоский контрастный персонаж, и совпадающие «хочет/нужно» допустимы; не флагай как проблему;\\n- противоречия в характере, голосе, биографии;\\n- общие места: трюизмы, штампы, безголосые формулировки;\\n- расхождения с правилами стиля;\\n- размытый секрет (без секрета, или секрет «вообще»);\\n- неподтверждённые декларации («сильный», «умный», «загадочный» без подкрепления конкретикой);\\n- готовые реплики персонажа в кавычках — целые фразы или предложения, которые могут попасть слово-в-слово в сцену («Я тебе сто раз говорил», «Если ты читаешь это…», «Как старший партнёр я требую»). Это **не относится** к коротким лексическим примерам — отдельным словам, оборотам или устойчивым выражениям как иллюстрациям паттернов («архаизмы: давеча, нынче», «канцелярит: в текущий момент», «уменьшительные: лапочка, доченька»). Они допустимы и нужны для узнаваемости голоса. Цитаты с пометкой «канонично:» — тоже допустимы;\\n- вставки иностранного языка вместо русского: непереведённые английские термины («mid-act twist», «point of view»), нерусифицированные имена там, где они должны быть кириллицей, англицизмы без оснований.\\n\\nКаждой найденной проблеме укажи severity 0–100. Пропущенные обязательные поля анкеты — severity не ниже 80 (это блокер для дальнейшей генерации). Выдуманные цитаты и иноязычные вставки — severity не ниже 70.\\n\\n## Стиль (для справки)\\n```\\n{{[Стиль]}}\\n```\\n\\n## Анкета персонажа (обязательные и опциональные поля)\\n```\\n{{[Анкета персонажа]}}\\n```\\n\\n## Персонаж (вход исходный)\\n```\\n{{[Персонаж]}}\\n```\\n\\n## Профиль персонажа (проверить)\\n```\\n{{[Профиль персонажа]}}\\n```","aiUserInstructionsToFixProblems":"## Возрастной рейтинг произведения\\n\\n18+.{{#if (or (eq \\"18+\\" \\"18+\\") (eq \\"18+\\" \\"NC-21\\"))}} Всем героям не менее 18 лет.{{/if}}\\n\\n## Что нужно сделать\\n\\nПерепиши профиль персонажа, исправив проблемы, указанные в секции «Найденные проблемы» в конце сообщения. Сохрани структуру (заголовок `# <Имя>` первой строкой, секции `## Анкета` и `## Профиль`). Имя в `# <Имя>` должно совпадать с именем из секции `## Персонаж (вход исходный)` — если в найденных проблемах указано несоответствие имени, перепиши профиль на правильного персонажа. Заполни все обязательные поля анкеты, если они были пропущены. Удали выдуманные цитаты из описания голоса — оставь только характеристику манеры; каноничные цитаты, помеченные «канонично:», сохрани. Выводи только исправленный профиль.\\n\\n## Стиль (для справки)\\n```\\n{{[Стиль]}}\\n```\\n\\n## Анкета персонажа (обязательные и опциональные поля)\\n```\\n{{[Анкета персонажа]}}\\n```\\n\\n## Персонаж (вход исходный)\\n```\\n{{[Персонаж]}}\\n```\\n\\n## Профиль персонажа\\n```\\n{{[Профиль персонажа]}}\\n```\\n\\n## Найденные проблемы\\n```\\n{{[Найденные проблемы]}}\\n```","sourceNodeIdToFix":16}',
  status: 'GENERATING',
  ai_settings: null,
  in_review: 0,
  width: 200,
  height: 80
}
[FixProblemsProcessor] regenerate settings {
  maxIterations: 1,
  minSeverityToFix: 40,
  foundProblemsTemplate: 'Найденные проблемы',
  aiUserInstructionsToFindProblems: '## Возрастной рейтинг произведения\n' +
    '\n' +
    '18+.{{#if (or (eq "18+" "18+") (eq "18+" "NC-21"))}} Всем героям не менее 18 лет.{{/if}}\n' +
    '\n' +
    '## Что искать\n' +
    '\n' +
    'Найди проблемы в профиле персонажа (профиль и исходный персонаж — в самом конце сообщения):\n' +
    '- имя в первом заголовке `# <Имя>` профиля НЕ совпадает с именем, заявленным в секции `## Персонаж (вход исходный)`. Severity 95 (блокер: профиль про другого человека). Имя «совпадает» если совпадают имя+фамилия, либо имя+отчество, либо имя в обычной форме (Маша = Мария);\n' +
    '- в профиле больше одного `# <Имя>`-заголовка верхнего уровня (профилей разных персонажей в одном выводе быть не должно). Severity 95;\n' +
    '- незаполненные или пропущенные обязательные поля анкеты (особенно возраст и пол);\n' +
    '- плоскость: нет внутреннего конфликта между «хочет» и «нужно». **Это проблема только для персонажей с траекторией.** Если в исходном описании из `## Персонаж (вход исходный)` явно сказано «не меняется», «остаётся в роли», «продолжает прежний образ жизни», «без развития» — это сознательно плоский контрастный персонаж, и совпадающие «хочет/нужно» допустимы; не флагай как проблему;\n' +
    '- противоречия в характере, голосе, биографии;\n' +
    '- общие места: трюизмы, штампы, безголосые формулировки;\n' +
    '- расхождения с правилами стиля;\n' +
    '- размытый секрет (без секрета, или секрет «вообще»);\n' +
    '- неподтверждённые декларации («сильный», «умный», «загадочный» без подкрепления конкретикой);\n' +
    '- готовые реплики персонажа в кавычках — целые фразы или предложения, которые могут попасть слово-в-слово в сцену («Я тебе сто раз говорил», «Если ты читаешь это…», «Как старший партнёр я требую»). Это **не относится** к коротким лексическим примерам — отдельным словам, оборотам или устойчивым выражениям как иллюстрациям паттернов («архаизмы: давеча, нынче», «канцелярит: в текущий момент», «уменьшительные: лапочка, доченька»). Они допустимы и нужны для узнаваемости голоса. Цитаты с пометкой «канонично:» — тоже допустимы;\n' +
    '- вставки иностранного языка вместо русского: непереведённые английские термины («mid-act twist», «point of view»), нерусифицированные имена там, где они должны быть кириллицей, англицизмы без оснований.\n' +
    '\n' +
    'Каждой найденной проблеме укажи severity 0–100. Пропущенные обязательные поля анкеты — severity не ниже 80 (это блокер для дальнейшей генерации). Выдуманные цитаты и иноязычные вставки — severity не ниже 70.\n' +
    '\n' +
    '## Стиль (для справки)\n' +
    '```\n' +
    '{{[Стиль]}}\n' +
    '```\n' +
    '\n' +
    '## Анкета персонажа (обязательные и опциональные поля)\n' +
    '```\n' +
    '{{[Анкета персонажа]}}\n' +
    '```\n' +
    '\n' +
    '## Персонаж (вход исходный)\n' +
    '```\n' +
    '{{[Персонаж]}}\n' +
    '```\n' +
    '\n' +
    '## Профиль персонажа (проверить)\n' +
    '```\n' +
    '{{[Профиль персонажа]}}\n' +
    '```',
  aiUserInstructionsToFixProblems: '## Возрастной рейтинг произведения\n' +
    '\n' +
    '18+.{{#if (or (eq "18+" "18+") (eq "18+" "NC-21"))}} Всем героям не менее 18 лет.{{/if}}\n' +
    '\n' +
    '## Что нужно сделать\n' +
    '\n' +
    'Перепиши профиль персонажа, исправив проблемы, указанные в секции «Найденные проблемы» в конце сообщения. Сохрани структуру (заголовок `# <Имя>` первой строкой, секции `## Анкета` и `## Профиль`). Имя в `# <Имя>` должно совпадать с именем из секции `## Персонаж (вход исходный)` — если в найденных проблемах указано несоответствие имени, перепиши профиль на правильного персонажа. Заполни все обязательные поля анкеты, если они были пропущены. Удали выдуманные цитаты из описания голоса — оставь только характеристику манеры; каноничные цитаты, помеченные «канонично:», сохрани. Выводи только исправленный профиль.\n' +
    '\n' +
    '## Стиль (для справки)\n' +
    '```\n' +
    '{{[Стиль]}}\n' +
    '```\n' +
    '\n' +
    '## Анкета персонажа (обязательные и опциональные поля)\n' +
    '```\n' +
    '{{[Анкета персонажа]}}\n' +
    '```\n' +
    '\n' +
    '## Персонаж (вход исходный)\n' +
    '```\n' +
    '{{[Персонаж]}}\n' +
    '```\n' +
    '\n' +
    '## Профиль персонажа\n' +
    '```\n' +
    '{{[Профиль персонажа]}}\n' +
    '```\n' +
    '\n' +
    '## Найденные проблемы\n' +
    '```\n' +
    '{{[Найденные проблемы]}}\n' +
    '```',
  sourceNodeIdToFix: 16
}
Returning '"ollama"...' as value of setting 'current_backend'
Returning '"ollama"...' as value of setting 'current_backend'
Returning '{"ollama":{"bas...' as value of setting 'ai_config'
Returning '{"ollama":{"bas...' as value of setting 'ai_config'
Emit emitOnGenerationEvent
Returning '"ollama"...' as value of setting 'current_backend'
Returning '"ollama"...' as value of setting 'current_backend'
Returning '{"ollama":{"bas...' as value of setting 'ai_config'
Returning '{"ollama":{"bas...' as value of setting 'ai_config'
Emit emitOnGenerationEvent
Returning 'false...' as value of setting 'auto_generate_summary'
In patch there is a requirement to change status to GENERATED
Emit event plan.node: 17 (patched keys: content, status, summary)
Notifying downstream node 18 (for-each-output) of changes in node 17
[PlanNodeService] Updating downstream node 18 (for-each-output) because of changes in node 17: status,content,summary
In patch there is a requirement to change status to OUTDATED
Invoking onUpdate handler for node 18 of type for-each-output
Emit event plan.node: 18 (patched keys: status, content, summary)
PROGRESS 1957s Цикл по персонажам
[regenerateSubtreeNodesContents] willRegenerate=true (regenerateManual=false)
In patch there is a requirement to change status to GENERATING
Invoking onUpdate handler for node 18 of type for-each-output
PROGRESS 1957s Цикл по персонажам / Выход
Emit event plan.node: 18 (patched keys: status)
[PlanNodeService] regenerate node.node_type_settings null
[PlanNodeService] regenerate settings {}
Returning 'false...' as value of setting 'auto_generate_summary'
In patch there is a requirement to change status to GENERATED
Invoking onUpdate handler for node 18 of type for-each-output
Emit event plan.node: 18 (patched keys: id, parent_id, title, content, position, created_at, type, x, y, summary, ai_sync_info, word_count, char_count, byte_count, review_base_content, ai_improve_instruction, node_type_settings, status, ai_settings, in_review, width, height)
PROGRESS 1957s Цикл по персонажам
Regeneration child nodes content of for-each node 14 'Цикл по персонажам' for iteration 0... Done
[ForEachProcessor] regeneration completed, restoring page to 0
[changeForEachNodePage] node 14, currentIndex=0, page=0, overrides before save: [
  {
    '15': {
      content: '# Брат\n' +
        '- Возраст: 23\n' +
        '- Пол: мужской\n' +
        '- Семейная роль: старший брат\n' +
        '- Рост и телосложение: 185 см, жилистое телосложение, позволяющее легко доминировать в пространстве кухни\n' +
        '- Одежда на момент действия: свободная спортивная форма, удобная для стояния у окна или двери\n' +
        '- Профессия/статус: студент, ведущий себя как временный глава семьи\n' +
        '- Отношение к личным границам: воспринимает семейное пространство как свою территорию, где он устанавливает правила\n' +
        '- Инициирует конфликт, выставляя сестру на балкон в одном полотенце, требуя спуститься по пожарной лестнице, чтобы подчеркнуть свою власть и её зависимость от его решений.\n' +
        '\n' +
        '# Сестра\n' +
        '- Возраст: 21\n' +
        '- Пол: женский\n' +
        '- Семейная роль: младшая сестра\n' +
        '- Рост и телосложение: 165 см, хрупкое телосложение, усиливающее ощущение беспомощности на открытом воздухе\n' +
        '- Одежда на момент действия: одно маленькое полотенце, которое ветер уносит далеко во двор, оголяя её полностью\n' +
        '- Профессия/статус: студентка, вынужденная действовать в бытовом регистре\n' +
        '- Реакция на холод/ветер: физиологическая уязвимость, заставляющая её дрожать и инстинктивно сжиматься, усиливая чувство позора\n' +
        '- Отношение к личным границам: изначально считает дом своим безопасным пространством, но сталкивается с потерей автономии, когда её приватность становится публичным достоянием через домофон\n' +
        '- Оказывается в ситуации, где её телесность становится инструментом проверки, а её попытки вернуться в дом сталкиваются с механическим барьером (код домофона), символизирующим её зависимость от воли старшего брата.',
      summary: null,
      word_count: 0,
      char_count: 0,
      byte_count: 0,
      status: 'OUTDATED'
    },
    '16': {
      content: null,
      summary: null,
      word_count: 0,
      char_count: 0,
      byte_count: 0,
      status: 'OUTDATED'
    },
    '17': {
      content: null,
      summary: null,
      word_count: 0,
      char_count: 0,
      byte_count: 0,
      status: 'OUTDATED'
    },
    '18': {
      content: '',
      summary: null,
      word_count: 0,
      char_count: 0,
      byte_count: 0,
      status: 'OUTDATED'
    }
  }
]
[changeForEachNodePage] collected overrides: {
  '15': {
    content: '# Брат\n' +
      '- Возраст: 23\n' +
      '- Пол: мужской\n' +
      '- Семейная роль: старший брат\n' +
      '- Рост и телосложение: 185 см, жилистое телосложение, позволяющее легко доминировать в пространстве кухни\n' +
      '- Одежда на момент действия: свободная спортивная форма, удобная для стояния у окна или двери\n' +
      '- Профессия/статус: студент, ведущий себя как временный глава семьи\n' +
      '- Отношение к личным границам: воспринимает семейное пространство как свою территорию, где он устанавливает правила\n' +
      '- Инициирует конфликт, выставляя сестру на балкон в одном полотенце, требуя спуститься по пожарной лестнице, чтобы подчеркнуть свою власть и её зависимость от его решений.\n' +
      '\n' +
      '# Сестра\n' +
      '- Возраст: 21\n' +
      '- Пол: женский\n' +
      '- Семейная роль: младшая сестра\n' +
      '- Рост и телосложение: 165 см, хрупкое телосложение, усиливающее ощущение беспомощности на открытом воздухе\n' +
      '- Одежда на момент действия: одно маленькое полотенце, которое ветер уносит далеко во двор, оголяя её полностью\n' +
      '- Профессия/статус: студентка, вынужденная действовать в бытовом регистре\n' +
      '- Реакция на холод/ветер: физиологическая уязвимость, заставляющая её дрожать и инстинктивно сжиматься, усиливая чувство позора\n' +
      '- Отношение к личным границам: изначально считает дом своим безопасным пространством, но сталкивается с потерей автономии, когда её приватность становится публичным достоянием через домофон\n' +
      '- Оказывается в ситуации, где её телесность становится инструментом проверки, а её попытки вернуться в дом сталкиваются с механическим барьером (код домофона), символизирующим её зависимость от воли старшего брата.',
    summary: null,
    word_count: 0,
    char_count: 0,
    byte_count: 0,
    status: 'GENERATED'
  },
  '16': {
    content: '# Брат\n' +
      '\n' +
      '## Анкета\n' +
      '- Возраст: 23\n' +
      '- Пол: мужской\n' +
      '- Семейная роль: старший брат\n' +
      '- Рост и телосложение: 185 см, жилистое телосложение, высокая осанка, плечи расправлены, руки вытянуты вперед, готовность к немедленному действию\n' +
      '- Одежда на момент действия: серая спортивная форма (двубортка, штаны), босиком или в носках, что подчеркивает интимность момента и отсутствие «парадной» одежды\n' +
      '- Профессия/статус: студент-техник, ведущий себя как временный глава семьи, администратор бытового пространства\n' +
      '- Специфические навыки/привычки: привычка контролировать все процессы, даже самые мелкие; склонность преуменьшать значимость происходящего, называя сложную ситуацию «бытовой логистикой»\n' +
      '- Отношение к личным границам: воспринимает семейное пространство как свою территорию, где он устанавливает правила; считает, что интимность не является препятствием для взаимодействия, если это продиктовано «логикой»\n' +
      '- Отличительная черта: привычка держать одну руку за спинку стула или дверную косяк, создавая визуальный барьер между собой и объектом наблюдения\n' +
      '\n' +
      '## Профиль\n' +
      '\n' +
      '**Хочет**: Завершить цикл проверки, подтвердив, что сестра способна следовать инструкции до конца и вернуться в исходное состояние («приказ выполнен»). Он хочет увидеть, как она пройдет весь путь: спуск, обход, подъем к подъезду, обращение с домофоном. Для него это не наказание, а процедура фиксации статуса: она должна доказать, что готова подчиниться механике дома, которую он контролирует. Его желание — получить визуальное и вербальное подтверждение того, что система работает, а объект подконтролен.\n' +
      '\n' +
      '**Нужно**: Осознать, что его «административный» контроль над телом и пространством сестры создает новую, хрупкую форму зависимости, которую он сам же и генерирует. Ему нужно перестать воспринимать сестру как пассивный элемент интерьера и начать видеть в ней субъекта, который реагирует на его волю не механически, а физиологически и эмоционально. Ему нужно понять, что владея дверью и кодом, он владеет ее достоинством, и этот рычаг власти тяжелее, чем ему кажется.\n' +
      '\n' +
      'Между «хочет» и «нужно» существует резкое противоречие: чем успешнее он контролирует процесс (хочет), тем больше он обнажает свою зависимость от отклика сестры (нужно). Если она идеально выполняет команду, он чувствует пустоту, потому что она становится частью механизма. Если она сбивается, дрожит или задает уточняющие вопросы, он чувствует тревогу, потому что механизм начинает сопротивляться. Его внешнее спокойствие и сухость команд (хочет) маскируют внутреннюю потребность в признании своей роли не как тирана, а как партнера в несправедливых правилах (нужно). Достижение внешнего порядка не дает ему внутреннего покоя, так как он не может разрешить конфликт, не отказавшись от позиции «диспетчера».\n' +
      '\n' +
      '**Недостаток**: Склонность к инструментализации чувств и отношений. Он путает бытовую целесообразность с человеческой близостью. Его моральная ошибка заключается в вере в то, что если действие логично (нужно спуститься по пожарной лестнице, потому что дверь заперта), то оно и эмоционально нейтрально. Он не учитывает человеческий фактор: стыд, холод, уязвимость. Для него тело сестры — это объект, который нужно транспортировать из точки А в точку Б, а не живой человек, для которого эта транспортировка становится испытанием на выживание. Это мешает ему увидеть, что его «логика» разрушает доверие, которое ему нужно для сохранения отношений.\n' +
      '\n' +
      '**Голос**:\n' +
      'Голос выдержан в сухом, командно-административном регистре, имитирующем речь диспетчера или строгого проверяющего. Ритм речи отрывистый, синтаксис построен на кратких императивах, лишённых интонационной теплоты и эмоциональных модуляций. Отличительный приём — механическое диктование действий и переспрашивание, направленное не на уточнение сути, а на фиксацию подчинения и контроль над процессом. Голос звучит сухо, как будто он диктует стенографистке, а не сестре. Под давлением (например, когда домофон заедает) его интонация становится еще более монотонной, словно он пытается успокоить систему, которая выходит из строя. Он использует терминологию технических регламентов и бытовой логистики: «фиксация положения», «зафиксировать», «узел доступа», «механизм засова», «параграф правил». Он избегает местоимений, предпочитая сухие предписания без эмоциональной окраски: «Повторить код», «Нажать кнопку», «Сделать шаг назад», «Обеспечить визуальный контакт». Формулы подтверждения статуса и последовательности: «Приказ выполнен», «Точка контроля пройдена», «Дальнейшие действия согласно инструкции», «Статус объекта подтверждён». В моменты, когда сестра задает личный вопрос («Холодно»), он переводит ответ в плоскость физики: «Температура допустима. Продолжайте».\n' +
      '\n' +
      '**Секрет**: Он не запер дверь балкона случайно или чтобы «наказать» ее. Секрет заключается в том, что он сам забыл ключ от двери между комнатой и балконом, оставив его в кармане спортивной формы, которая висит вешалке в прихожей. Когда он увидел, как она осталась на балконе, он испугался, что она попытается открыть дверь и обнаружит отсутствие ключа (что подтвердило бы его неловкость). Поэтому он задал тон «проверки», превратив свою забывчивость в методическое испытание. Он скрывает от сестры (и от себя), что у него нет альтернативного способа открыть дверь, кроме как ждать, пока она доберется до домофона в подъезде. Его контроль — это маска, скрывающая страх того, что без его команды она не сможет войти в собственный дом.',
    summary: null,
    word_count: 0,
    char_count: 0,
    byte_count: 0,
    status: 'GENERATED'
  },
  '17': {
    content: '{"iterations":[{"input":"# Брат\\n\\n## Анкета\\n- Возраст: 23\\n- Пол: мужской\\n- Семейная роль: старший брат\\n- Рост и телосложение: 185 см, жилистое телосложение, высокая осанка, плечи расправлены, руки вытянуты вперед, готовность к немедленному действию\\n- Одежда на момент действия: серая спортивная форма (двубортка, штаны), босиком или в носках, что подчеркивает интимность момента и отсутствие «парадной» одежды\\n- Профессия/статус: студент-техник, ведущий себя как временный глава семьи, администратор бытового пространства\\n- Специфические навыки/привычки: привычка контролировать все процессы, даже самые мелкие; склонность преуменьшать значимость происходящего, называя сложную ситуацию «бытовой логистикой»\\n- Отношение к личным границам: воспринимает семейное пространство как свою территорию, где он устанавливает правила; считает, что интимность не является препятствием для взаимодействия, если это продиктовано «логикой»\\n- Отличительная черта: привычка держать одну руку за спинку стула или дверную косяк, создавая визуальный барьер между собой и объектом наблюдения\\n\\n## Профиль\\n\\n**Хочет**: Завершить цикл проверки, подтвердив, что сестра способна следовать инструкции до конца и вернуться в исходное состояние («приказ выполнен»). Он хочет увидеть, как она пройдет весь путь: спуск, обход, подъем к подъезду, обращение с домофоном. Для него это не наказание, а процедура фиксации статуса: она должна доказать, что готова подчиниться механике дома, которую он контролирует. Его желание — получить визуальное и вербальное подтверждение того, что система работает, а объект подконтролен.\\n\\n**Нужно**: Осознать, что его «административный» контроль над телом и пространством сестры создает новую, хрупкую форму зависимости, которую он сам же и генерирует. Ему нужно перестать воспринимать сестру как пассивный элемент интерьера и начать видеть в ней субъекта, который реагирует на его волю не механически, а физиологически и эмоционально. Ему нужно понять, что владея дверью и кодом, он владеет ее достоинством, и этот рычаг власти тяжелее, чем ему кажется.\\n\\nМежду «хочет» и «нужно» существует резкое противоречие: чем успешнее он контролирует процесс (хочет), тем больше он обнажает свою зависимость от отклика сестры (нужно). Если она идеально выполняет команду, он чувствует пустоту, потому что она становится частью механизма. Если она сбивается, дрожит или задает уточняющие вопросы, он чувствует тревогу, потому что механизм начинает сопротивляться. Его внешнее спокойствие и сухость команд (хочет) маскируют внутреннюю потребность в признании своей роли не как тирана, а как партнера в несправедливых правилах (нужно). Достижение внешнего порядка не дает ему внутреннего покоя, так как он не может разрешить конфликт, не отказавшись от позиции «диспетчера».\\n\\n**Недостаток**: Склонность к инструментализации чувств и отношений. Он путает бытовую целесообразность с человеческой близостью. Его моральная ошибка заключается в вере в то, что если действие логично (нужно спуститься по пожарной лестнице, потому что дверь заперта), то оно и эмоционально нейтрально. Он не учитывает человеческий фактор: стыд, холод, уязвимость. Для него тело сестры — это объект, который нужно транспортировать из точки А в точку Б, а не живой человек, для которого эта транспортировка становится испытанием на выживание. Это мешает ему увидеть, что его «логика» разрушает доверие, которое ему нужно для сохранения отношений.\\n\\n**Голос**:\\nГолос выдержан в сухом, командно-административном регистре, имитирующем речь диспетчера или строгого проверяющего. Ритм речи отрывистый, синтаксис построен на кратких императивах, лишённых интонационной теплоты и эмоциональных модуляций. Отличительный приём — механическое диктование действий и переспрашивание, направленное не на уточнение сути, а на фиксацию подчинения и контроль над процессом. Голос звучит сухо, как будто он диктует стенографистке, а не сестре. Под давлением (например, когда домофон заедает) его интонация становится еще более монотонной, словно он пытается успокоить систему, которая выходит из строя. Он использует терминологию технических регламентов и бытовой логистики: «фиксация положения», «зафиксировать», «узел доступа», «механизм засова», «параграф правил». Он избегает местоимений, предпочитая сухие предписания без эмоциональной окраски: «Повторить код», «Нажать кнопку», «Сделать шаг назад», «Обеспечить визуальный контакт». Формулы подтверждения статуса и последовательности: «Приказ выполнен», «Точка контроля пройдена», «Дальнейшие действия согласно инструкции», «Статус объекта подтверждён». В моменты, когда сестра задает личный вопрос («Холодно»), он переводит ответ в плоскость физики: «Температура допустима. Продолжайте».\\n\\n**Секрет**: Он не запер дверь балкона случайно или чтобы «наказать» ее. Секрет заключается в том, что он сам забыл ключ от двери между комнатой и балконом, оставив его в кармане спортивной формы, которая висит вешалке в прихожей. Когда он увидел, как она осталась на балконе, он испугался, что она попытается открыть дверь и обнаружит отсутствие ключа (что подтвердило бы его неловкость). Поэтому он задал тон «проверки», превратив свою забывчивость в методическое испытание. Он скрывает от сестры (и от себя), что у него нет альтернативного способа открыть дверь, кроме как ждать, пока она доберется до домофона в подъезде. Его контроль — это маска, скрывающая страх того, что без его команды она не сможет войти в собственный дом.","findProblemsResult":{"foundProblems":[{"severity":75,"description":"Противоречие с исходным описанием в анquete. В исходном тексте (`## Персонаж (вход исходный)`) одежда описана просто как «свободная спортивная форма». В профиле (`## Анкета`) добавлено: «серая спортивная форма (двубортка, штаны)». Слово «двубортка» (twice-bar) обычно относится к пиджакам или пальто, а не к стандартной спортивной форме (футболка/шорты или худи/джоггеры). Это неточное, выдуманное конкретизация, не согласующаяся с исходником.","fixProposal":"Исправить описание одежды в анкете на: «Свободная спортивная форма (штаны, верхняя часть)» или просто «Свободная спортивная форма», исключив термин «двубортка», если это не пиджак."},{"severity":70,"description":"Использование иностранных терминов/англицизмов в описании голоса и стиля. В разделе «Голос» используются слова «императива» (латинизм/термин) и «стенографистке». Само по себе это допустимо, но фраза «имитирующем речь диспетчера» и использование «бытовой логистики» близко к канцеляризму, что может противоречить стилю (стиль запрещает канцеляриты, если это не сатира). Однако основная проблема — в списке «предпочитая сухие предписания...» перечислены фразы «Повторить код», «Нажать кнопку» и т.д. Это готовые реплики-команды. Стиль требует избегать готовых реплик, если они не короткие лексические примеры. Фразы «Приказ выполнен» и «Статус объекта подтверждён» — это полноценные предложения/фразы, которые могут слово-в-слово попасть в текст.","fixProposal":"Убрать длинные готовые фразы из описания голоса или указать их как примеры паттерна, а не обязательные реплики. Лучше описать стиль речи (короткие, сухие, безличные команды), не приводя длинные цитаты. Оставить только короткие слова/обороты: «фиксация», «допуск», «статус»."},{"severity":65,"description":"Нарушение стиля: в описании «Голос» упоминается «терминология технических регламентов... „узел доступа“, „механизм засова“». В стиле сказано: «Запрещено использование канцеляризмов... если они не используются как инструмент сатиры». Здесь это используется как характеристика голоса, что корректно, но в анкете «Специфические навыки/привычки» написано: «называя сложную ситуацию „бытовой логистикой“». Термин «логистика» в бытовом контексте 2020-х годов — это англицизм/термин, который звучит неестественно для студента-брата, если он не специфический типаж. Однако, учитывая стиль (сатира на административный регистр), это допустимо. Но есть более заметная проблема: в стиле запрещено использование психологических терминов в тексте (в мыслях героини), но в профиле брата используется «инструментализация чувств», «моральная ошибка». Это описания для автора, так что допустимо.","fixProposal":"Проверить, что при генерации диалога брата не используются слишком сложные технические термины («узел доступа»), если это не специфическая деталь. Возможно, заменить на более бытовые слова: «замок», «засов», «код». «Логистика» можно оставить как стилистический прием."},{"severity":80,"description":"Незаполненное/слабо заполненное обязательное поле анкеты: «Специфические навыки/привычки» указано как «при значимости», но в данном контексте оно важно (управление домофоном, знание кода). В исходнике его не было явно, но в профиле добавлено. Однако есть проблема с полем «Отношение к личным границам»: оно заполнено. «Рост и телосложение» заполнено. «Одежда» заполнена. «Профессия» заполнена. «Возраст/Пол/Семейная роль» заполнены. Все обязательные поля заполнены. Но: в стиле сказано «Избегать психологических терминов». В профиле: «Ему нужно перестать воспринимать сестру как пассивный элемент интерьера...». Это описательная часть, не реплика. Значит, проблема не в заполненности полей, а в формулировках.","fixProposal":"Проверка обязательных полей пройдена успешно (все заполнены). Severity снижено до 50 (предупреждение о стилистических терминах в описании мотивации, что допустимо для профиля, но не для текста)."},{"severity":90,"description":"Плоскость: проблема с внутренним конфликтом. В секции «Хочет» и «Нужно» описан конфликт. «Хочет»: получить подтверждение, что система работает. «Нужно»: осознать, что он создает зависимость. Конфликт присутствует. Однако в стиле сказано: «Плоскость: нет внутреннего конфликта между „хочет“ и „нужно“. Это проблема только для персонажей с траекторией.» Брат — персонаж с траекторией (он меняется/развивается в моменте). Его конфликт описан четко: хочет контроля/статуса, а нужно принять уязвимость/связанность. Это соответствует требованиям. Проблема не в плоскости.","fixProposal":"Конфликт опи'... 9059 more characters,
    summary: null,
    word_count: 0,
    char_count: 0,
    byte_count: 0,
    status: 'GENERATED'
  },
  '18': {
    content: '# Брат\n' +
      '\n' +
      '## Анкета\n' +
      '- Возраст: 23\n' +
      '- Пол: мужской\n' +
      '- Семейная роль: старший брат\n' +
      '- Рост и телосложение: 185 см, жилистое телосложение\n' +
      '- Одежда на момент действия: свободная серая спортивная форма (штаны, верхняя часть), босиком или в носках\n' +
      '- Профессия/статус: студент (техническое мышление, склонность к регламентам), ведущий себя как временный глава семьи, администратор бытового пространства\n' +
      '- Специфические навыки/привычки: привычка контролировать все процессы, даже самые мелкие; склонность преуменьшать значимость происходящего, называя сложную ситуацию «бытовой логистикой»\n' +
      '- Отношение к личным границам: воспринимает семейное пространство как свою территорию, где он устанавливает правила; считает, что интимность не является препятствием для взаимодействия, если это продиктовано «логикой»\n' +
      '- Отличительная черта: привычка держать одну руку за спинку стула или дверную косяк, создавая визуальный барьер между собой и объектом наблюдения\n' +
      '\n' +
      '## Профиль\n' +
      '\n' +
      '**Хочет**: Завершить цикл проверки, подтвердив, что сестра способна следовать инструкции до конца и вернуться в исходное состояние («приказ выполнен»). Он хочет увидеть, как она пройдет весь путь: спуск, обход, подъем к подъезду, обращение с домофоном. Для него это не наказание, а процедура фиксации статуса: она должна доказать, что готова подчиниться механике дома, которую он контролирует. Его желание — получить визуальное и вербальное подтверждение того, что система работает, а объект подконтролен.\n' +
      '\n' +
      '**Нужно**: Осознать, что его «административный» контроль над телом и пространством сестры создает новую, хрупкую форму зависимости, которую он сам же и генерирует. Ему нужно перестать воспринимать сестру как пассивный элемент интерьера и начать видеть в ней субъекта, который реагирует на его волю не механически, а физиологически и эмоционально. Ему нужно понять, что владея дверью и кодом, он владеет ее достоинством, и этот рычаг власти тяжелее, чем ему кажется.\n' +
      '\n' +
      'Между «хочет» и «нужно» существует резкое противоречие: чем успешнее он контролирует процесс (хочет), тем больше он обнажает свою зависимость от отклика сестры (нужно). Если она идеально выполняет команду, он чувствует пустоту, потому что она становится частью механизма. Если она сбивается, дрожит или задает уточняющие вопросы, он чувствует тревогу, потому что механизм начинает сопротивляться. Его внешнее спокойствие и сухость команд (хочет) маскируют внутреннюю потребность в признании своей роли не как тирана, а как партнера в несправедливых правилах (нужно). Достижение внешнего порядка не дает ему внутреннего покоя, так как он не может разрешить конфликт, не отказавшись от позиции «диспетчера».\n' +
      '\n' +
      '**Недостаток**: Склонность к инструментализации чувств и отношений. Он путает бытовую целесообразность с человеческой близостью. Его моральная ошибка заключается в вере в то, что если действие логично (нужно спуститься по пожарной лестнице, потому что дверь заперта), то оно и эмоционально нейтрально. Он не учитывает человеческий фактор: стыд, холод, уязвимость. Для него тело сестры — это объект, который нужно транспортировать из точки А в точку Б, а не живой человек, для которого эта транспортировка становится испытанием на выживание. Это мешает ему увидеть, что его «логика» разрушает доверие, которое ему нужно для сохранения отношений.\n' +
      '\n' +
      '**Голос**:\n' +
      'Голос выдержан в сухом, командно-административном регистре, имитирующем речь диспетчера или строгого проверяющего. Ритм речи отрывистый, синтаксис построен на кратких императивах, лишённых интонационной теплоты и эмоциональных модуляций. Отличительный приём — механическое диктование действий и переспрашивание, направленное не на уточнение сути, а на фиксацию подчинения и контроль над процессом. Голос звучит сухо, как будто он диктует стенографистке, а не сестре. Под давлением (например, когда домофон заедает) его интонация становится еще более монотонной, словно он пытается успокоить систему, которая выходит из строя. Он использует терминологию технических регламентов и бытовой логистики: «фиксация», «допуск», «статус». Он избегает местоимений, предпочитая сухие предписания без эмоциональной окраски: «Повторить код», «Нажать кнопку», «Сделать шаг назад», «Обеспечить визуальный контакт». В моменты, когда сестра задает личный вопрос («Холодно»), он переводит ответ в плоскость физики: «Температура в норме», «Дальше».\n' +
      '\n' +
      '**Секрет**: Он не запер дверь балкона случайно или чтобы «наказать» ее. Секрет заключается в том, что он сам забыл ключ от двери между комнатой и балконом, оставив его в кармане спортивной формы, которая висит на вешалке в прихожей. Когда он увидел, как она осталась на балконе, он испугался, что она попытается открыть дверь и обнаружит отсутствие ключа (что подтвердило бы его неловкость). Поэтому он задал тон «проверки», превратив свою забывчивость в методическое испытание. Он скрывает от сестры (и от себя), что у него нет альтернативного способа открыть дверь, кроме как ждать, пока она доберется до домофона в подъезде. Его контроль — это маска, скрывающая страх того, что без его команды она не сможет войти в собственный дом.',
    summary: null,
    word_count: 0,
    char_count: 0,
    byte_count: 0,
    status: 'GENERATED'
  }
}
[changeForEachNodePage] collected keys: [ '15', '16', '17', '18' ]
[changeForEachNodePage] overrides after save: [
  {
    '15': {
      content: '# Брат\n' +
        '- Возраст: 23\n' +
        '- Пол: мужской\n' +
        '- Семейная роль: старший брат\n' +
        '- Рост и телосложение: 185 см, жилистое телосложение, позволяющее легко доминировать в пространстве кухни\n' +
        '- Одежда на момент действия: свободная спортивная форма, удобная для стояния у окна или двери\n' +
        '- Профессия/статус: студент, ведущий себя как временный глава семьи\n' +
        '- Отношение к личным границам: воспринимает семейное пространство как свою территорию, где он устанавливает правила\n' +
        '- Инициирует конфликт, выставляя сестру на балкон в одном полотенце, требуя спуститься по пожарной лестнице, чтобы подчеркнуть свою власть и её зависимость от его решений.\n' +
        '\n' +
        '# Сестра\n' +
        '- Возраст: 21\n' +
        '- Пол: женский\n' +
        '- Семейная роль: младшая сестра\n' +
        '- Рост и телосложение: 165 см, хрупкое телосложение, усиливающее ощущение беспомощности на открытом воздухе\n' +
        '- Одежда на момент действия: одно маленькое полотенце, которое ветер уносит далеко во двор, оголяя её полностью\n' +
        '- Профессия/статус: студентка, вынужденная действовать в бытовом регистре\n' +
        '- Реакция на холод/ветер: физиологическая уязвимость, заставляющая её дрожать и инстинктивно сжиматься, усиливая чувство позора\n' +
        '- Отношение к личным границам: изначально считает дом своим безопасным пространством, но сталкивается с потерей автономии, когда её приватность становится публичным достоянием через домофон\n' +
        '- Оказывается в ситуации, где её телесность становится инструментом проверки, а её попытки вернуться в дом сталкиваются с механическим барьером (код домофона), символизирующим её зависимость от воли старшего брата.',
      summary: null,
      word_count: 0,
      char_count: 0,
      byte_count: 0,
      status: 'GENERATED'
    },
    '16': {
      content: '# Брат\n' +
        '\n' +
        '## Анкета\n' +
        '- Возраст: 23\n' +
        '- Пол: мужской\n' +
        '- Семейная роль: старший брат\n' +
        '- Рост и телосложение: 185 см, жилистое телосложение, высокая осанка, плечи расправлены, руки вытянуты вперед, готовность к немедленному действию\n' +
        '- Одежда на момент действия: серая спортивная форма (двубортка, штаны), босиком или в носках, что подчеркивает интимность момента и отсутствие «парадной» одежды\n' +
        '- Профессия/статус: студент-техник, ведущий себя как временный глава семьи, администратор бытового пространства\n' +
        '- Специфические навыки/привычки: привычка контролировать все процессы, даже самые мелкие; склонность преуменьшать значимость происходящего, называя сложную ситуацию «бытовой логистикой»\n' +
        '- Отношение к личным границам: воспринимает семейное пространство как свою территорию, где он устанавливает правила; считает, что интимность не является препятствием для взаимодействия, если это продиктовано «логикой»\n' +
        '- Отличительная черта: привычка держать одну руку за спинку стула или дверную косяк, создавая визуальный барьер между собой и объектом наблюдения\n' +
        '\n' +
        '## Профиль\n' +
        '\n' +
        '**Хочет**: Завершить цикл проверки, подтвердив, что сестра способна следовать инструкции до конца и вернуться в исходное состояние («приказ выполнен»). Он хочет увидеть, как она пройдет весь путь: спуск, обход, подъем к подъезду, обращение с домофоном. Для него это не наказание, а процедура фиксации статуса: она должна доказать, что готова подчиниться механике дома, которую он контролирует. Его желание — получить визуальное и вербальное подтверждение того, что система работает, а объект подконтролен.\n' +
        '\n' +
        '**Нужно**: Осознать, что его «административный» контроль над телом и пространством сестры создает новую, хрупкую форму зависимости, которую он сам же и генерирует. Ему нужно перестать воспринимать сестру как пассивный элемент интерьера и начать видеть в ней субъекта, который реагирует на его волю не механически, а физиологически и эмоционально. Ему нужно понять, что владея дверью и кодом, он владеет ее достоинством, и этот рычаг власти тяжелее, чем ему кажется.\n' +
        '\n' +
        'Между «хочет» и «нужно» существует резкое противоречие: чем успешнее он контролирует процесс (хочет), тем больше он обнажает свою зависимость от отклика сестры (нужно). Если она идеально выполняет команду, он чувствует пустоту, потому что она становится частью механизма. Если она сбивается, дрожит или задает уточняющие вопросы, он чувствует тревогу, потому что механизм начинает сопротивляться. Его внешнее спокойствие и сухость команд (хочет) маскируют внутреннюю потребность в признании своей роли не как тирана, а как партнера в несправедливых правилах (нужно). Достижение внешнего порядка не дает ему внутреннего покоя, так как он не может разрешить конфликт, не отказавшись от позиции «диспетчера».\n' +
        '\n' +
        '**Недостаток**: Склонность к инструментализации чувств и отношений. Он путает бытовую целесообразность с человеческой близостью. Его моральная ошибка заключается в вере в то, что если действие логично (нужно спуститься по пожарной лестнице, потому что дверь заперта), то оно и эмоционально нейтрально. Он не учитывает человеческий фактор: стыд, холод, уязвимость. Для него тело сестры — это объект, который нужно транспортировать из точки А в точку Б, а не живой человек, для которого эта транспортировка становится испытанием на выживание. Это мешает ему увидеть, что его «логика» разрушает доверие, которое ему нужно для сохранения отношений.\n' +
        '\n' +
        '**Голос**:\n' +
        'Голос выдержан в сухом, командно-административном регистре, имитирующем речь диспетчера или строгого проверяющего. Ритм речи отрывистый, синтаксис построен на кратких императивах, лишённых интонационной теплоты и эмоциональных модуляций. Отличительный приём — механическое диктование действий и переспрашивание, направленное не на уточнение сути, а на фиксацию подчинения и контроль над процессом. Голос звучит сухо, как будто он диктует стенографистке, а не сестре. Под давлением (например, когда домофон заедает) его интонация становится еще более монотонной, словно он пытается успокоить систему, которая выходит из строя. Он использует терминологию технических регламентов и бытовой логистики: «фиксация положения», «зафиксировать», «узел доступа», «механизм засова», «параграф правил». Он избегает местоимений, предпочитая сухие предписания без эмоциональной окраски: «Повторить код», «Нажать кнопку», «Сделать шаг назад», «Обеспечить визуальный контакт». Формулы подтверждения статуса и последовательности: «Приказ выполнен», «Точка контроля пройдена», «Дальнейшие действия согласно инструкции», «Статус объекта подтверждён». В моменты, когда сестра задает личный вопрос («Холодно»), он переводит ответ в плоскость физики: «Температура допустима. Продолжайте».\n' +
        '\n' +
        '**Секрет**: Он не запер дверь балкона случайно или чтобы «наказать» ее. Секрет заключается в том, что он сам забыл ключ от двери между комнатой и балконом, оставив его в кармане спортивной формы, которая висит вешалке в прихожей. Когда он увидел, как она осталась на балконе, он испугался, что она попытается открыть дверь и обнаружит отсутствие ключа (что подтвердило бы его неловкость). Поэтому он задал тон «проверки», превратив свою забывчивость в методическое испытание. Он скрывает от сестры (и от себя), что у него нет альтернативного способа открыть дверь, кроме как ждать, пока она доберется до домофона в подъезде. Его контроль — это маска, скрывающая страх того, что без его команды она не сможет войти в собственный дом.',
      summary: null,
      word_count: 0,
      char_count: 0,
      byte_count: 0,
      status: 'GENERATED'
    },
    '17': {
      content: '{"iterations":[{"input":"# Брат\\n\\n## Анкета\\n- Возраст: 23\\n- Пол: мужской\\n- Семейная роль: старший брат\\n- Рост и телосложение: 185 см, жилистое телосложение, высокая осанка, плечи расправлены, руки вытянуты вперед, готовность к немедленному действию\\n- Одежда на момент действия: серая спортивная форма (двубортка, штаны), босиком или в носках, что подчеркивает интимность момента и отсутствие «парадной» одежды\\n- Профессия/статус: студент-техник, ведущий себя как временный глава семьи, администратор бытового пространства\\n- Специфические навыки/привычки: привычка контролировать все процессы, даже самые мелкие; склонность преуменьшать значимость происходящего, называя сложную ситуацию «бытовой логистикой»\\n- Отношение к личным границам: воспринимает семейное пространство как свою территорию, где он устанавливает правила; считает, что интимность не является препятствием для взаимодействия, если это продиктовано «логикой»\\n- Отличительная черта: привычка держать одну руку за спинку стула или дверную косяк, создавая визуальный барьер между собой и объектом наблюдения\\n\\n## Профиль\\n\\n**Хочет**: Завершить цикл проверки, подтвердив, что сестра способна следовать инструкции до конца и вернуться в исходное состояние («приказ выполнен»). Он хочет увидеть, как она пройдет весь путь: спуск, обход, подъем к подъезду, обращение с домофоном. Для него это не наказание, а процедура фиксации статуса: она должна доказать, что готова подчиниться механике дома, которую он контролирует. Его желание — получить визуальное и вербальное подтверждение того, что система работает, а объект подконтролен.\\n\\n**Нужно**: Осознать, что его «административный» контроль над телом и пространством сестры создает новую, хрупкую форму зависимости, которую он сам же и генерирует. Ему нужно перестать воспринимать сестру как пассивный элемент интерьера и начать видеть в ней субъекта, который реагирует на его волю не механически, а физиологически и эмоционально. Ему нужно понять, что владея дверью и кодом, он владеет ее достоинством, и этот рычаг власти тяжелее, чем ему кажется.\\n\\nМежду «хочет» и «нужно» существует резкое противоречие: чем успешнее он контролирует процесс (хочет), тем больше он обнажает свою зависимость от отклика сестры (нужно). Если она идеально выполняет команду, он чувствует пустоту, потому что она становится частью механизма. Если она сбивается, дрожит или задает уточняющие вопросы, он чувствует тревогу, потому что механизм начинает сопротивляться. Его внешнее спокойствие и сухость команд (хочет) маскируют внутреннюю потребность в признании своей роли не как тирана, а как партнера в несправедливых правилах (нужно). Достижение внешнего порядка не дает ему внутреннего покоя, так как он не может разрешить конфликт, не отказавшись от позиции «диспетчера».\\n\\n**Недостаток**: Склонность к инструментализации чувств и отношений. Он путает бытовую целесообразность с человеческой близостью. Его моральная ошибка заключается в вере в то, что если действие логично (нужно спуститься по пожарной лестнице, потому что дверь заперта), то оно и эмоционально нейтрально. Он не учитывает человеческий фактор: стыд, холод, уязвимость. Для него тело сестры — это объект, который нужно транспортировать из точки А в точку Б, а не живой человек, для которого эта транспортировка становится испытанием на выживание. Это мешает ему увидеть, что его «логика» разрушает доверие, которое ему нужно для сохранения отношений.\\n\\n**Голос**:\\nГолос выдержан в сухом, командно-административном регистре, имитирующем речь диспетчера или строгого проверяющего. Ритм речи отрывистый, синтаксис построен на кратких императивах, лишённых интонационной теплоты и эмоциональных модуляций. Отличительный приём — механическое диктование действий и переспрашивание, направленное не на уточнение сути, а на фиксацию подчинения и контроль над процессом. Голос звучит сухо, как будто он диктует стенографистке, а не сестре. Под давлением (например, когда домофон заедает) его интонация становится еще более монотонной, словно он пытается успокоить систему, которая выходит из строя. Он использует терминологию технических регламентов и бытовой логистики: «фиксация положения», «зафиксировать», «узел доступа», «механизм засова», «параграф правил». Он избегает местоимений, предпочитая сухие предписания без эмоциональной окраски: «Повторить код», «Нажать кнопку», «Сделать шаг назад», «Обеспечить визуальный контакт». Формулы подтверждения статуса и последовательности: «Приказ выполнен», «Точка контроля пройдена», «Дальнейшие действия согласно инструкции», «Статус объекта подтверждён». В моменты, когда сестра задает личный вопрос («Холодно»), он переводит ответ в плоскость физики: «Температура допустима. Продолжайте».\\n\\n**Секрет**: Он не запер дверь балкона случайно или чтобы «наказать» ее. Секрет заключается в том, что он сам забыл ключ от двери между комнатой и балконом, оставив его в кармане спортивной формы, которая висит вешалке в прихожей. Когда он увидел, как она осталась на балконе, он испугался, что она попытается открыть дверь и обнаружит отсутствие ключа (что подтвердило бы его неловкость). Поэтому он задал тон «проверки», превратив свою забывчивость в методическое испытание. Он скрывает от сестры (и от себя), что у него нет альтернативного способа открыть дверь, кроме как ждать, пока она доберется до домофона в подъезде. Его контроль — это маска, скрывающая страх того, что без его команды она не сможет войти в собственный дом.","findProblemsResult":{"foundProblems":[{"severity":75,"description":"Противоречие с исходным описанием в анquete. В исходном тексте (`## Персонаж (вход исходный)`) одежда описана просто как «свободная спортивная форма». В профиле (`## Анкета`) добавлено: «серая спортивная форма (двубортка, штаны)». Слово «двубортка» (twice-bar) обычно относится к пиджакам или пальто, а не к стандартной спортивной форме (футболка/шорты или худи/джоггеры). Это неточное, выдуманное конкретизация, не согласующаяся с исходником.","fixProposal":"Исправить описание одежды в анкете на: «Свободная спортивная форма (штаны, верхняя часть)» или просто «Свободная спортивная форма», исключив термин «двубортка», если это не пиджак."},{"severity":70,"description":"Использование иностранных терминов/англицизмов в описании голоса и стиля. В разделе «Голос» используются слова «императива» (латинизм/термин) и «стенографистке». Само по себе это допустимо, но фраза «имитирующем речь диспетчера» и использование «бытовой логистики» близко к канцеляризму, что может противоречить стилю (стиль запрещает канцеляриты, если это не сатира). Однако основная проблема — в списке «предпочитая сухие предписания...» перечислены фразы «Повторить код», «Нажать кнопку» и т.д. Это готовые реплики-команды. Стиль требует избегать готовых реплик, если они не короткие лексические примеры. Фразы «Приказ выполнен» и «Статус объекта подтверждён» — это полноценные предложения/фразы, которые могут слово-в-слово попасть в текст.","fixProposal":"Убрать длинные готовые фразы из описания голоса или указать их как примеры паттерна, а не обязательные реплики. Лучше описать стиль речи (короткие, сухие, безличные команды), не приводя длинные цитаты. Оставить только короткие слова/обороты: «фиксация», «допуск», «статус»."},{"severity":65,"description":"Нарушение стиля: в описании «Голос» упоминается «терминология технических регламентов... „узел доступа“, „механизм засова“». В стиле сказано: «Запрещено использование канцеляризмов... если они не используются как инструмент сатиры». Здесь это используется как характеристика голоса, что корректно, но в анкете «Специфические навыки/привычки» написано: «называя сложную ситуацию „бытовой логистикой“». Термин «логистика» в бытовом контексте 2020-х годов — это англицизм/термин, который звучит неестественно для студента-брата, если он не специфический типаж. Однако, учитывая стиль (сатира на административный регистр), это допустимо. Но есть более заметная проблема: в стиле запрещено использование психологических терминов в тексте (в мыслях героини), но в профиле брата используется «инструментализация чувств», «моральная ошибка». Это описания для автора, так что допустимо.","fixProposal":"Проверить, что при генерации диалога брата не используются слишком сложные технические термины («узел доступа»), если это не специфическая деталь. Возможно, заменить на более бытовые слова: «замок», «засов», «код». «Логистика» можно оставить как стилистический прием."},{"severity":80,"description":"Незаполненное/слабо заполненное обязательное поле анкеты: «Специфические навыки/привычки» указано как «при значимости», но в данном контексте оно важно (управление домофоном, знание кода). В исходнике его не было явно, но в профиле добавлено. Однако есть проблема с полем «Отношение к личным границам»: оно заполнено. «Рост и телосложение» заполнено. «Одежда» заполнена. «Профессия» заполнена. «Возраст/Пол/Семейная роль» заполнены. Все обязательные поля заполнены. Но: в стиле сказано «Избегать психологических терминов». В профиле: «Ему нужно перестать воспринимать сестру как пассивный элемент интерьера...». Это описательная часть, не реплика. Значит, проблема не в заполненности полей, а в формулировках.","fixProposal":"Проверка обязательных полей пройдена успешно (все заполнены). Severity снижено до 50 (предупреждение о стилистических терминах в описании мотивации, что допустимо для профиля, но не для текста)."},{"severity":90,"description":"Плоскость: проблема с внутренним конфликтом. В секции «Хочет» и «Нужно» описан конфликт. «Хочет»: получить подтверждение, что система работает. «Нужно»: осознать, что он создает зависимость. Конфликт присутствует. Однако в стиле сказано: «Плоскость: нет внутреннего конфликта между „хочет“ и „нужно“. Это проблема только для персонажей с траекторией.» Брат — персонаж с траекторией (он меняется/развивается в моменте). Его конфликт описан четко: хочет контроля/статуса, а нужно принять уязвимость/связанность. Это соответствует требованиям. Проблема не в плоскости.","fixProposal":"Конфликт опи'... 9059 more characters,
      summary: null,
      word_count: 0,
      char_count: 0,
      byte_count: 0,
      status: 'GENERATED'
    },
    '18': {
      content: '# Брат\n' +
        '\n' +
        '## Анкета\n' +
        '- Возраст: 23\n' +
        '- Пол: мужской\n' +
        '- Семейная роль: старший брат\n' +
        '- Рост и телосложение: 185 см, жилистое телосложение\n' +
        '- Одежда на момент действия: свободная серая спортивная форма (штаны, верхняя часть), босиком или в носках\n' +
        '- Профессия/статус: студент (техническое мышление, склонность к регламентам), ведущий себя как временный глава семьи, администратор бытового пространства\n' +
        '- Специфические навыки/привычки: привычка контролировать все процессы, даже самые мелкие; склонность преуменьшать значимость происходящего, называя сложную ситуацию «бытовой логистикой»\n' +
        '- Отношение к личным границам: воспринимает семейное пространство как свою территорию, где он устанавливает правила; считает, что интимность не является препятствием для взаимодействия, если это продиктовано «логикой»\n' +
        '- Отличительная черта: привычка держать одну руку за спинку стула или дверную косяк, создавая визуальный барьер между собой и объектом наблюдения\n' +
        '\n' +
        '## Профиль\n' +
        '\n' +
        '**Хочет**: Завершить цикл проверки, подтвердив, что сестра способна следовать инструкции до конца и вернуться в исходное состояние («приказ выполнен»). Он хочет увидеть, как она пройдет весь путь: спуск, обход, подъем к подъезду, обращение с домофоном. Для него это не наказание, а процедура фиксации статуса: она должна доказать, что готова подчиниться механике дома, которую он контролирует. Его желание — получить визуальное и вербальное подтверждение того, что система работает, а объект подконтролен.\n' +
        '\n' +
        '**Нужно**: Осознать, что его «административный» контроль над телом и пространством сестры создает новую, хрупкую форму зависимости, которую он сам же и генерирует. Ему нужно перестать воспринимать сестру как пассивный элемент интерьера и начать видеть в ней субъекта, который реагирует на его волю не механически, а физиологически и эмоционально. Ему нужно понять, что владея дверью и кодом, он владеет ее достоинством, и этот рычаг власти тяжелее, чем ему кажется.\n' +
        '\n' +
        'Между «хочет» и «нужно» существует резкое противоречие: чем успешнее он контролирует процесс (хочет), тем больше он обнажает свою зависимость от отклика сестры (нужно). Если она идеально выполняет команду, он чувствует пустоту, потому что она становится частью механизма. Если она сбивается, дрожит или задает уточняющие вопросы, он чувствует тревогу, потому что механизм начинает сопротивляться. Его внешнее спокойствие и сухость команд (хочет) маскируют внутреннюю потребность в признании своей роли не как тирана, а как партнера в несправедливых правилах (нужно). Достижение внешнего порядка не дает ему внутреннего покоя, так как он не может разрешить конфликт, не отказавшись от позиции «диспетчера».\n' +
        '\n' +
        '**Недостаток**: Склонность к инструментализации чувств и отношений. Он путает бытовую целесообразность с человеческой близостью. Его моральная ошибка заключается в вере в то, что если действие логично (нужно спуститься по пожарной лестнице, потому что дверь заперта), то оно и эмоционально нейтрально. Он не учитывает человеческий фактор: стыд, холод, уязвимость. Для него тело сестры — это объект, который нужно транспортировать из точки А в точку Б, а не живой человек, для которого эта транспортировка становится испытанием на выживание. Это мешает ему увидеть, что его «логика» разрушает доверие, которое ему нужно для сохранения отношений.\n' +
        '\n' +
        '**Голос**:\n' +
        'Голос выдержан в сухом, командно-административном регистре, имитирующем речь диспетчера или строгого проверяющего. Ритм речи отрывистый, синтаксис построен на кратких императивах, лишённых интонационной теплоты и эмоциональных модуляций. Отличительный приём — механическое диктование действий и переспрашивание, направленное не на уточнение сути, а на фиксацию подчинения и контроль над процессом. Голос звучит сухо, как будто он диктует стенографистке, а не сестре. Под давлением (например, когда домофон заедает) его интонация становится еще более монотонной, словно он пытается успокоить систему, которая выходит из строя. Он использует терминологию технических регламентов и бытовой логистики: «фиксация», «допуск», «статус». Он избегает местоимений, предпочитая сухие предписания без эмоциональной окраски: «Повторить код», «Нажать кнопку», «Сделать шаг назад», «Обеспечить визуальный контакт». В моменты, когда сестра задает личный вопрос («Холодно»), он переводит ответ в плоскость физики: «Температура в норме», «Дальше».\n' +
        '\n' +
        '**Секрет**: Он не запер дверь балкона случайно или чтобы «наказать» ее. Секрет заключается в том, что он сам забыл ключ от двери между комнатой и балконом, оставив его в кармане спортивной формы, которая висит на вешалке в прихожей. Когда он увидел, как она осталась на балконе, он испугался, что она попытается открыть дверь и обнаружит отсутствие ключа (что подтвердило бы его неловкость). Поэтому он задал тон «проверки», превратив свою забывчивость в методическое испытание. Он скрывает от сестры (и от себя), что у него нет альтернативного способа открыть дверь, кроме как ждать, пока она доберется до домофона в подъезде. Его контроль — это маска, скрывающая страх того, что без его команды она не сможет войти в собственный дом.',
      summary: null,
      word_count: 0,
      char_count: 0,
      byte_count: 0,
      status: 'GENERATED'
    }
  }
]
[changeForEachNodePage] overrides[0] keys: [ '15', '16', '17', '18' ]
[changeForEachNodePage] saved content: {"overrides":[{"15":{"content":"# Брат\n- Возраст: 23\n- Пол: мужской\n- Семейная роль: старший брат\n- Рост и телосложение: 185 см, жилистое телосложение, позволяющее легко доминировать в пространстве кухни\n- Одежда на момент действия: свободная спортивная форма, удобная для стояния у окна или двери\n- Профессия/статус: студент, ведущий себя как временный глава семьи\n- Отношение к личным границам: воспринимает семейное пространство как свою территорию, где он устанавливает правила\n- Инициирует конфликт, выставляя сестру на балкон в одном полотенце, требуя спуститься по пожарной лестнице, чтобы подчеркнуть свою власть и её зависимость от его решений.\n\n# Сестра\n- Возраст: 21\n- Пол: женский\n- Семейная роль: младшая сестра\n- Рост и телосложение: 165 см, хрупкое телосложение, усиливающее ощущение беспомощности на открытом воздухе\n- Одежда на момент действия: одно маленькое полотенце, которое ветер уносит далеко во двор, оголяя её полностью\n- Профессия/статус: студентка, вынужденная действовать в бытовом регистре\n- Реакция на холод/ветер: физиологическая уязвимость, заставляющая её дрожать и инстинктивно сжиматься, усиливая чувство позора\n- Отношение к личным границам: изначально считает дом своим безопасным пространством, но сталкивается с потерей автономии, когда её приватность становится публичным достоянием через домофон\n- Оказывается в ситуации, где её телесность становится инструментом проверки, а её попытки вернуться в дом сталкиваются с механическим барьером (код домофона), символизирующим её зависимость от воли старшего брата.","summary":null,"word_count":0,"char_count":0,"byte_count":0,"status":"GENERATED"},"16":{"content":"# Брат\n\n## Анкета\n- Возраст: 23\n- Пол: мужской\n- Семейная роль: старший брат\n- Рост и телосложение: 185 см, жилистое телосложение, высокая осанка, плечи расправлены, руки вытянуты вперед, готовность к немедленному действию\n- Одежда на момент действия: серая спортивная форма (двубортка, штаны), босиком или в носках, что подчеркивает интимность момента и отсутствие «парадной» одежды\n- Профессия/статус: студент-техник, ведущий себя как временный глава семьи, администратор бытового пространства\n- Специфические навыки/привычки: привычка контролировать все процессы, даже самые мелкие; склонность преуменьшать значимость происходящего, называя сложную ситуацию «бытовой логистикой»\n- Отношение к личным границам: воспринимает семейное пространство как свою территорию, где он устанавливает правила; считает, что интимность не является препятствием для взаимодействия, если это продиктовано «логикой»\n- Отличительная черта: привычка держать одну руку за спинку стула или дверную косяк, создавая визуальный барьер между собой и объектом наблюдения\n\n## Профиль\n\n**Хочет**: Завершить цикл проверки, подтвердив, что сестра способна следовать инструкции до конца и вернуться в исходное состояние («приказ выполнен»). Он хочет увидеть, как она пройдет весь путь: спуск, обход, подъем к подъезду, обращение с домофоном. Для него это не наказание, а процедура фиксации статуса: она должна доказать, что готова подчиниться механике дома, которую он контролирует. Его желание — получить визуальное и вербальное подтверждение того, что система работает, а объект подконтролен.\n\n**Нужно**: Осознать, что его «административный» контроль над телом и пространством сестры создает новую, хрупкую форму зависимости, которую он сам же и генерирует. Ему нужно перестать воспринимать сестру как пассивный элемент интерьера и начать видеть в ней субъекта, который реагирует на его волю не механически, а физиологически и эмоционально. Ему нужно понять, что владея дверью и кодом, он владеет ее достоинством, и этот рычаг власти тяжелее, чем ему кажется.\n\nМежду «хочет» и «нужно» существует резкое противоречие: чем успешнее он контролирует процесс (хочет), тем больше он обнажает свою зависимость от отклика сестры (нужно). Если она идеально выполняет команду, он чувствует пустоту, потому что она становится частью механизма. Если она сбивается, дрожит или задает уточняющие вопросы, он чувствует тревогу, потому что механизм начинает сопротивляться. Его внешнее спокойствие и сухость команд (хочет) маскируют внутреннюю потребность в признании своей роли не как тирана, а как партнера в несправедливых правилах (нужно). Достижение внешнего порядка не дает ему внутреннего покоя, так как он не может разрешить конфликт, не отказавшись от позиции «диспетчера».\n\n**Недостаток**: Склонность к инструментализации чувств и отношений. Он путает бытовую целесообразность с человеческой близостью. Его моральная ошибка заключается в вере в то, что если действие логично (нужно спуститься по пожарной лестнице, потому что дверь заперта), то оно и эмоционально нейтрально. Он не учитывает человеческий фактор: стыд, холод, уязвимость. Для него тело сестры — это объект, который нужно транспортировать из точки А в точку Б, а не живой человек, для которого эта транспортировка становится испытанием на выживание. Это мешает ему увидеть, что его «логика» разрушает доверие, которое ему нужно для сохранения отношений.\n\n**Голос**:\nГолос выдержан в сухом, командно-административном регистре, имитирующем речь диспетчера или строгого проверяющего. Ритм речи отрывистый, синтаксис построен на кратких императивах, лишённых интонационной теплоты и эмоциональных модуляций. Отличительный приём — механическое диктование действий и переспрашивание, направленное не на уточнение сути, а на фиксацию подчинения и контроль над процессом. Голос звучит сухо, как будто он диктует стенографистке, а не сестре. Под давлением (например, когда домофон заедает) его интонация становится еще более монотонной, словно он пытается успокоить систему, которая выходит из строя. Он использует терминологию технических регламентов и бытовой логистики: «фиксация положения», «зафиксировать», «узел доступа», «механизм засова», «параграф правил». Он избегает местоимений, предпочитая сухие предписания без эмоциональной окраски: «Повторить код», «Нажать кнопку», «Сделать шаг назад», «Обеспечить визуальный контакт». Формулы подтверждения статуса и последовательности: «Приказ выполнен», «Точка контроля пройдена», «Дальнейшие действия согласно инструкции», «Статус объекта подтверждён». В моменты, когда сестра задает личный вопрос («Холодно»), он переводит ответ в плоскость физики: «Температура допустима. Продолжайте».\n\n**Секрет**: Он не запер дверь балкона случайно или чтобы «наказать» ее. Секрет заключается в том, что он сам забыл ключ от двери между комнатой и балконом, оставив его в кармане спортивной формы, которая висит вешалке в прихожей. Когда он увидел, как она осталась на балконе, он испугался, что она попытается открыть дверь и обнаружит отсутствие ключа (что подтвердило бы его неловкость). Поэтому он задал тон «проверки», превратив свою забывчивость в методическое испытание. Он скрывает от сестры (и от себя), что у него нет альтернативного способа открыть дверь, кроме как ждать, пока она доберется до домофона в подъезде. Его контроль — это маска, скрывающая страх того, что без его команды она не сможет войти в собственный дом.","summary":null,"word_count":0,"char_count":0,"byte_count":0,"status":"GENERATED"},"17":{"content":"{\"iterations\":[{\"input\":\"# Брат\\n\\n## Анкета\\n- Возраст: 23\\n- Пол: мужской\\n- Семейная роль: старший брат\\n- Рост и телосложение: 185 см, жилистое телосложение, высокая осанка, плечи расправлены, руки вытянуты вперед, готовность к немедленному действию\\n- Одежда на момент действия: серая спортивная форма (двубортка, штаны), босиком или в носках, что подчеркивает интимность момента и отсутствие «парадной» одежды\\n- Профессия/статус: студент-техник, ведущий себя как временный глава семьи, администратор бытового пространства\\n- Специфические навыки/привычки: привычка контролировать все процессы, даже самые мелкие; склонность преуменьшать значимость происходящего, называя сложную ситуацию «бытовой логистикой»\\n- Отношение к личным границам: воспринимает семейное пространство как свою территорию, где он устанавливает правила; считает, что интимность не является препятствием для взаимодействия, если это продиктовано «логикой»\\n- Отличительная черта: привычка держать одну руку за спинку стула или дверную косяк, создавая визуальный барьер между собой и объектом наблюдения\\n\\n## Профиль\\n\\n**Хочет**: Завершить цикл проверки, подтвердив, что сестра способна следовать инструкции до конца и вернуться в исходное состояние («приказ выполнен»). Он хочет увидеть, как она пройдет весь путь: спуск, обход, подъем к подъезду, обращение с домофоном. Для него это не наказание, а процедура фиксации статуса: она должна доказать, что готова подчиниться механике дома, которую он контролирует. Его желание — получить визуальное и вербальное подтверждение того, что система работает, а объект подконтролен.\\n\\n**Нужно**: Осознать, что его «административный» контроль над телом и пространством сестры создает новую, хрупкую форму зависимости, которую он сам же и генерирует. Ему нужно перестать воспринимать сестру как пассивный элемент интерьера и начать видеть в ней субъекта, который реагирует на его волю не механически, а физиологически и эмоционально. Ему нужно понять, что владея дверью и кодом, он владеет ее достоинством, и этот рычаг власти тяжелее, чем ему кажется.\\n\\nМежду «хочет» и «нужно» существует резкое противоречие: чем успешнее он контролирует процесс (хочет), тем больше он обнажает свою зависимость от отклика сестры (нужно). Если она идеально выполняет команду, он чувствует пустоту, потому что она становится частью механизма. Если она сбивается, дрожит или задает уточняющие вопросы, он чувствует тревогу, потому что механизм начинает сопротивляться. Его внешнее спокойствие и сухость команд (хочет) маскируют внутреннюю потребность в признании своей роли не как тирана, а как партнера в несправедливых правилах (нужно). Достижение внешнего порядка не дает ему внутреннего покоя, так как он не может разрешить конфликт, не отказавшись от позиции «диспетчера».\\n\\n**Недостаток**: Склонность к инструментализации чувств и отношений. Он путает бытовую целесообразность с человеческой близостью. Его моральная ошибка заключается в вере в то, что если действие логично (нужно спуститься по пожарной лестнице, потому что дверь заперта), то оно и эмоционально нейтрально. Он не учитывает человеческий фактор: стыд, холод, уязвимость. Для него тело сестры — это объект, который нужно транспортировать из точки А в точку Б, а не живой человек, для которого эта транспортировка становится испытанием на выживание. Это мешает ему увидеть, что его «логика» разрушает доверие, которое ему нужно для сохранения отношений.\\n\\n**Голос**:\\nГолос выдержан в сухом, командно-административном регистре, имитирующем речь диспетчера или строгого проверяющего. Ритм речи отрывистый, синтаксис построен на кратких императивах, лишённых интонационной теплоты и эмоциональных модуляций. Отличительный приём — механическое диктование действий и переспрашивание, направленное не на уточнение сути, а на фиксацию подчинения и контроль над процессом. Голос звучит сухо, как будто он диктует стенографистке, а не сестре. Под давлением (например, когда домофон заедает) его интонация становится еще более монотонной, словно он пытается успокоить систему, которая выходит из строя. Он использует терминологию технических регламентов и бытовой логистики: «фиксация положения», «зафиксировать», «узел доступа», «механизм засова», «параграф правил». Он избегает местоимений, предпочитая сухие предписания без эмоциональной окраски: «Повторить код», «Нажать кнопку», «Сделать шаг назад», «Обеспечить визуальный контакт». Формулы подтверждения статуса и последовательности: «Приказ выполнен», «Точка контроля пройдена», «Дальнейшие действия согласно инструкции», «Статус объекта подтверждён». В моменты, когда сестра задает личный вопрос («Холодно»), он переводит ответ в плоскость физики: «Температура допустима. Продолжайте».\\n\\n**Секрет**: Он не запер дверь балкона случайно или чтобы «наказать» ее. Секрет заключается в том, что он сам забыл ключ от двери между комнатой и балконом, оставив его в кармане спортивной формы, которая висит вешалке в прихожей. Когда он увидел, как она осталась на балконе, он испугался, что она попытается открыть дверь и обнаружит отсутствие ключа (что подтвердило бы его неловкость). Поэтому он задал тон «проверки», превратив свою забывчивость в методическое испытание. Он скрывает от сестры (и от себя), что у него нет альтернативного способа открыть дверь, кроме как ждать, пока она доберется до домофона в подъезде. Его контроль — это маска, скрывающая страх того, что без его команды она не сможет войти в собственный дом.\",\"findProblemsResult\":{\"foundProblems\":[{\"severity\":75,\"description\":\"Противоречие с исходным описанием в анquete. В исходном тексте (`## Персонаж (вход исходный)`) одежда описана просто как «свободная спортивная форма». В профиле (`## Анкета`) добавлено: «серая спортивная форма (двубортка, штаны)». Слово «двубортка» (twice-bar) обычно относится к пиджакам или пальто, а не к стандартной спортивной форме (футболка/шорты или худи/джоггеры). Это неточное, выдуманное конкретизация, не согласующаяся с исходником.\",\"fixProposal\":\"Исправить описание одежды в анкете на: «Свободная спортивная форма (штаны, верхняя часть)» или просто «Свободная спортивная форма», исключив термин «двубортка», если это не пиджак.\"},{\"severity\":70,\"description\":\"Использование иностранных терминов/англицизмов в описании голоса и стиля. В разделе «Голос» используются слова «императива» (латинизм/термин) и «стенографистке». Само по себе это допустимо, но фраза «имитирующем речь диспетчера» и использование «бытовой логистики» близко к канцеляризму, что может противоречить стилю (стиль запрещает канцеляриты, если это не сатира). Однако основная проблема — в списке «предпочитая сухие предписания...» перечислены фразы «Повторить код», «Нажать кнопку» и т.д. Это готовые реплики-команды. Стиль требует избегать готовых реплик, если они не короткие лексические примеры. Фразы «Приказ выполнен» и «Статус объекта подтверждён» — это полноценные предложения/фразы, которые могут слово-в-слово попасть в текст.\",\"fixProposal\":\"Убрать длинные готовые фразы из описания голоса или указать их как примеры паттерна, а не обязательные реплики. Лучше описать стиль речи (короткие, сухие, безличные команды), не приводя длинные цитаты. Оставить только короткие слова/обороты: «фиксация», «допуск», «статус».\"},{\"severity\":65,\"description\":\"Нарушение стиля: в описании «Голос» упоминается «терминология технических регламентов... „узел доступа“, „механизм засова“». В стиле сказано: «Запрещено использование канцеляризмов... если они не используются как инструмент сатиры». Здесь это используется как характеристика голоса, что корректно, но в анкете «Специфические навыки/привычки» написано: «называя сложную ситуацию „бытовой логистикой“». Термин «логистика» в бытовом контексте 2020-х годов — это англицизм/термин, который звучит неестественно для студента-брата, если он не специфический типаж. Однако, учитывая стиль (сатира на административный регистр), это допустимо. Но есть более заметная проблема: в стиле запрещено использование психологических терминов в тексте (в мыслях героини), но в профиле брата используется «инструментализация чувств», «моральная ошибка». Это описания для автора, так что допустимо.\",\"fixProposal\":\"Проверить, что при генерации диалога брата не используются слишком сложные технические термины («узел доступа»), если это не специфическая деталь. Возможно, заменить на более бытовые слова: «замок», «засов», «код». «Логистика» можно оставить как стилистический прием.\"},{\"severity\":80,\"description\":\"Незаполненное/слабо заполненное обязательное поле анкеты: «Специфические навыки/привычки» указано как «при значимости», но в данном контексте оно важно (управление домофоном, знание кода). В исходнике его не было явно, но в профиле добавлено. Однако есть проблема с полем «Отношение к личным границам»: оно заполнено. «Рост и телосложение» заполнено. «Одежда» заполнена. «Профессия» заполнена. «Возраст/Пол/Семейная роль» заполнены. Все обязательные поля заполнены. Но: в стиле сказано «Избегать психологических терминов». В профиле: «Ему нужно перестать воспринимать сестру как пассивный элемент интерьера...». Это описательная часть, не реплика. Значит, проблема не в заполненности полей, а в формулировках.\",\"fixProposal\":\"Проверка обязательных полей пройдена успешно (все заполнены). Severity снижено до 50 (предупреждение о стилистических терминах в описании мотивации, что допустимо для профиля, но не для текста).\"},{\"severity\":90,\"description\":\"Плоскость: проблема с внутренним конфликтом. В секции «Хочет» и «Нужно» описан конфликт. «Хочет»: получить подтверждение, что система работает. «Нужно»: осознать, что он создает зависимость. Конфликт присутствует. Однако в стиле сказано: «Плоскость: нет внутреннего конфликта между „хочет“ и „нужно“. Это проблема только для персонажей с траекторией.» Брат — персонаж с траекторией (он меняется/развивается в моменте). Его конфликт описан четко: хочет контроля/статуса, а нужно принять уязвимость/связанность. Это соответствует требованиям. Проблема не в плоскости.\",\"fixProposal\":\"Конфликт описан корректно. Ошибки не выявлено.\"},{\"severity\":70,\"description\":\"Готовые реплики в профиле. В разделе «Голос» приведены целые фразы: «Температура допустима. Продолжайте», «Повторить код», «Нажать кнопку». По правилам, готовые реплики (целые фразы/предложения) нежелательны, если они могут попасть слово-в-слово. Особенно «Температура допустима. Продолжайте» — это сложная конструкция, очень специфичная. Если она будет использована в сцене, она станет штампом этого персонажа. Лучше описать паттерн: «Переводит эмоции в физику/логистику».\",\"fixProposal\":\"Заменить описание на: «Использует сухие, безличные команды. Переводит эмоциональные запросы (например, „Холодно“) в техническую плоскость („Температура в норме“, „Дальше“).»\"},{\"severity\":75,\"description\":\"Имя в заголовке `# Брат` совпадает с именем в исходнике `# Брат`. Совпадение есть (имя «Брат» как обозначение роли/персонажа). Это допустимо, так как в исходнике имя не указано, а только роль. В профиле имя/роль сохранены. Совпадение есть.\",\"fixProposal\":\"Проверка имени пройдена успешно.\"},{\"severity\":95,\"description\":\"Нарушение правила: «в профиле больше одного `# <Имя>`-заголовка верхнего уровня». В профиле есть только один заголовок `# Брат`. Однако в исходном тексте (`## Персонаж (вход исходный)`) есть два заголовка: `# Брат` и `# Сестра`. Но задача — проверить **профиль персонажа**. В профиле (`## Профиль персонажа (проверить)`) есть только один заголовок `# Брат`. Значит, правило соблюдено. Мы проверяем профиль брата, а не обеих сестры. В исходнике у нас вход для одного персонажа (Брат), хотя там описаны оба, но вход — это просто контекст. В самом профиле, который мы проверяем, только один заголовок. Значит, проблемы с количеством заголовков нет.\",\"fixProposal\":\"Проверка структуры заголовков пройдена успешно. В профиле только один H1.\"},{\"severity\":70,\"description\":\"Неподтвержденные декларации. «Студент-техник» — в исходнике просто «студент». «Администратор бытового пространства» — это интерпретация. «Высокая осанка, плечи расправлены» — добавлено в анкету, хотя в исходнике только «жилистое телосложение». Это допустимое развитие, но «студент-техник» — выдумка (в исходнике не указан курс/специальность). Если это важно для голоса (технический регистр), то нужно подтвердить в исходнике или смягчить до «студент с технической складкой ума».\",\"fixProposal\":\"Заменить «студент-техник» на «студент (техническое мышление, склонность к регламентам)» или оставить «студент» и добавить в навыки: «привычка думать категориями инструкций».\"},{\"severity\":60,\"description\":\"Секрет: «Он сам забыл ключ... оставив его в кармане спортивной формы, которая висит вешалке в прихожей». Это конкретика. Секрет четкий. «Маска, скрывающая страх...». Хороший секрет. Проблем не вижу.\",\"fixProposal\":\"Секрет описан четко и подтвержден деталями.\"},{\"severity\":50,\"description\":\"Стиль: «Избегайте бранных клише...». В профиле нет брани. «Прямые обращения к читателю исключены». В профиле обращений нет. «Автор не комментирует действия героев оценочными прилагательными». В профиле: «Его внешнее спокойствие и сухость команд... маскируют внутреннюю потребность». Это описание для генерации, допустимо.\",\"fixProposal\":\"Стилистические ограничения соблюдены в описании.\"},{\"severity\":85,\"description\":\"Критическая ошибка в анкете: «Одежда на момент действия: серая спортивная форма (двубортка, штаны)». Как уже отмечал, «двубортка» — это пиджак. Спортивная форма не бывает «двуборткой». Это явное противоречие в понятиях. Кроме того, в исходнике «свободная спортивная форма». «Двубортка» — это узкий термин для верхней одежды (пиджак, пальто), которая обычно не является «свободной спортивной». Это искажает образ (брат в пиджаке? или в худи?). Если он в «двубортке», то он не в спортивной форме. Если в спортивной, то не в двубортке.\",\"fixProposal\":\"Убрать слово «двубортка». Заменить на: «Серая спортивная форма (штаны, худи/футболка)» или просто «Свободная серая спортивная форма».\"}]},\"fixProblemsResult\":\"# Брат\\n\\n## Анкета\\n- Возраст: 23\\n- Пол: мужской\\n- Семейная роль: старший брат\\n- Рост и телосложение: 185 см, жилистое телосложение\\n- Одежда на момент действия: свободная серая спортивная форма (штаны, верхняя часть), босиком или в носках\\n- Профессия/статус: студент (техническое мышление, склонность к регламентам), ведущий себя как временный глава семьи, администратор бытового пространства\\n- Специфические навыки/привычки: привычка контролировать все процессы, даже самые мелкие; склонность преуменьшать значимость происходящего, называя сложную ситуацию «бытовой логистикой»\\n- Отношение к личным границам: воспринимает семейное пространство как свою территорию, где он устанавливает правила; считает, что интимность не является препятствием для взаимодействия, если это продиктовано «логикой»\\n- Отличительная черта: привычка держать одну руку за спинку стула или дверную косяк, создавая визуальный барьер между собой и объектом наблюдения\\n\\n## Профиль\\n\\n**Хочет**: Завершить цикл проверки, подтвердив, что сестра способна следовать инструкции до конца и вернуться в исходное состояние («приказ выполнен»). Он хочет увидеть, как она пройдет весь путь: спуск, обход, подъем к подъезду, обращение с домофоном. Для него это не наказание, а процедура фиксации статуса: она должна доказать, что готова подчиниться механике дома, которую он контролирует. Его желание — получить визуальное и вербальное подтверждение того, что система работает, а объект подконтролен.\\n\\n**Нужно**: Осознать, что его «административный» контроль над телом и пространством сестры создает новую, хрупкую форму зависимости, которую он сам же и генерирует. Ему нужно перестать воспринимать сестру как пассивный элемент интерьера и начать видеть в ней субъекта, который реагирует на его волю не механически, а физиологически и эмоционально. Ему нужно понять, что владея дверью и кодом, он владеет ее достоинством, и этот рычаг власти тяжелее, чем ему кажется.\\n\\nМежду «хочет» и «нужно» существует резкое противоречие: чем успешнее он контролирует процесс (хочет), тем больше он обнажает свою зависимость от отклика сестры (нужно). Если она идеально выполняет команду, он чувствует пустоту, потому что она становится частью механизма. Если она сбивается, дрожит или задает уточняющие вопросы, он чувствует тревогу, потому что механизм начинает сопротивляться. Его внешнее спокойствие и сухость команд (хочет) маскируют внутреннюю потребность в признании своей роли не как тирана, а как партнера в несправедливых правилах (нужно). Достижение внешнего порядка не дает ему внутреннего покоя, так как он не может разрешить конфликт, не отказавшись от позиции «диспетчера».\\n\\n**Недостаток**: Склонность к инструментализации чувств и отношений. Он путает бытовую целесообразность с человеческой близостью. Его моральная ошибка заключается в вере в то, что если действие логично (нужно спуститься по пожарной лестнице, потому что дверь заперта), то оно и эмоционально нейтрально. Он не учитывает человеческий фактор: стыд, холод, уязвимость. Для него тело сестры — это объект, который нужно транспортировать из точки А в точку Б, а не живой человек, для которого эта транспортировка становится испытанием на выживание. Это мешает ему увидеть, что его «логика» разрушает доверие, которое ему нужно для сохранения отношений.\\n\\n**Голос**:\\nГолос выдержан в сухом, командно-административном регистре, имитирующем речь диспетчера или строгого проверяющего. Ритм речи отрывистый, синтаксис построен на кратких императивах, лишённых интонационной теплоты и эмоциональных модуляций. Отличительный приём — механическое диктование действий и переспрашивание, направленное не на уточнение сути, а на фиксацию подчинения и контроль над процессом. Голос звучит сухо, как будто он диктует стенографистке, а не сестре. Под давлением (например, когда домофон заедает) его интонация становится еще более монотонной, словно он пытается успокоить систему, которая выходит из строя. Он использует терминологию технических регламентов и бытовой логистики: «фиксация», «допуск», «статус». Он избегает местоимений, предпочитая сухие предписания без эмоциональной окраски: «Повторить код», «Нажать кнопку», «Сделать шаг назад», «Обеспечить визуальный контакт». В моменты, когда сестра задает личный вопрос («Холодно»), он переводит ответ в плоскость физики: «Температура в норме», «Дальше».\\n\\n**Секрет**: Он не запер дверь балкона случайно или чтобы «наказать» ее. Секрет заключается в том, что он сам забыл ключ от двери между комнатой и балконом, оставив его в кармане спортивной формы, которая висит на вешалке в прихожей. Когда он увидел, как она осталась на балконе, он испугался, что она попытается открыть дверь и обнаружит отсутствие ключа (что подтвердило бы его неловкость). Поэтому он задал тон «проверки», превратив свою забывчивость в методическое испытание. Он скрывает от сестры (и от себя), что у него нет альтернативного способа открыть дверь, кроме как ждать, пока она доберется до домофона в подъезде. Его контроль — это маска, скрывающая страх того, что без его команды она не сможет войти в собственный дом.\"}]}","summary":null,"word_count":0,"char_count":0,"byte_count":0,"status":"GENERATED"},"18":{"content":"# Брат\n\n## Анкета\n- Возраст: 23\n- Пол: мужской\n- Семейная роль: старший брат\n- Рост и телосложение: 185 см, жилистое телосложение\n- Одежда на момент действия: свободная серая спортивная форма (штаны, верхняя часть), босиком или в носках\n- Профессия/статус: студент (техническое мышление, склонность к регламентам), ведущий себя как временный глава семьи, администратор бытового пространства\n- Специфические навыки/привычки: привычка контролировать все процессы, даже самые мелкие; склонность преуменьшать значимость происходящего, называя сложную ситуацию «бытовой логистикой»\n- Отношение к личным границам: воспринимает семейное пространство как свою территорию, где он устанавливает правила; считает, что интимность не является препятствием для взаимодействия, если это продиктовано «логикой»\n- Отличительная черта: привычка держать одну руку за спинку стула или дверную косяк, создавая визуальный барьер между собой и объектом наблюдения\n\n## Профиль\n\n**Хочет**: Завершить цикл проверки, подтвердив, что сестра способна следовать инструкции до конца и вернуться в исходное состояние («приказ выполнен»). Он хочет увидеть, как она пройдет весь путь: спуск, обход, подъем к подъезду, обращение с домофоном. Для него это не наказание, а процедура фиксации статуса: она должна доказать, что готова подчиниться механике дома, которую он контролирует. Его желание — получить визуальное и вербальное подтверждение того, что система работает, а объект подконтролен.\n\n**Нужно**: Осознать, что его «административный» контроль над телом и пространством сестры создает новую, хрупкую форму зависимости, которую он сам же и генерирует. Ему нужно перестать воспринимать сестру как пассивный элемент интерьера и начать видеть в ней субъекта, который реагирует на его волю не механически, а физиологически и эмоционально. Ему нужно понять, что владея дверью и кодом, он владеет ее достоинством, и этот рычаг власти тяжелее, чем ему кажется.\n\nМежду «хочет» и «нужно» существует резкое противоречие: чем успешнее он контролирует процесс (хочет), тем больше он обнажает свою зависимость от отклика сестры (нужно). Если она идеально выполняет команду, он чувствует пустоту, потому что она становится частью механизма. Если она сбивается, дрожит или задает уточняющие вопросы, он чувствует тревогу, потому что механизм начинает сопротивляться. Его внешнее спокойствие и сухость команд (хочет) маскируют внутреннюю потребность в признании своей роли не как тирана, а как партнера в несправедливых правилах (нужно). Достижение внешнего порядка не дает ему внутреннего покоя, так как он не может разрешить конфликт, не отказавшись от позиции «диспетчера».\n\n**Недостаток**: Склонность к инструментализации чувств и отношений. Он путает бытовую целесообразность с человеческой близостью. Его моральная ошибка заключается в вере в то, что если действие логично (нужно спуститься по пожарной лестнице, потому что дверь заперта), то оно и эмоционально нейтрально. Он не учитывает человеческий фактор: стыд, холод, уязвимость. Для него тело сестры — это объект, который нужно транспортировать из точки А в точку Б, а не живой человек, для которого эта транспортировка становится испытанием на выживание. Это мешает ему увидеть, что его «логика» разрушает доверие, которое ему нужно для сохранения отношений.\n\n**Голос**:\nГолос выдержан в сухом, командно-административном регистре, имитирующем речь диспетчера или строгого проверяющего. Ритм речи отрывистый, синтаксис построен на кратких императивах, лишённых интонационной теплоты и эмоциональных модуляций. Отличительный приём — механическое диктование действий и переспрашивание, направленное не на уточнение сути, а на фиксацию подчинения и контроль над процессом. Голос звучит сухо, как будто он диктует стенографистке, а не сестре. Под давлением (например, когда домофон заедает) его интонация становится еще более монотонной, словно он пытается успокоить систему, которая выходит из строя. Он использует терминологию технических регламентов и бытовой логистики: «фиксация», «допуск», «статус». Он избегает местоимений, предпочитая сухие предписания без эмоциональной окраски: «Повторить код», «Нажать кнопку», «Сделать шаг назад», «Обеспечить визуальный контакт». В моменты, когда сестра задает личный вопрос («Холодно»), он переводит ответ в плоскость физики: «Температура в норме», «Дальше».\n\n**Секрет**: Он не запер дверь балкона случайно или чтобы «наказать» ее. Секрет заключается в том, что он сам забыл ключ от двери между комнатой и балконом, оставив его в кармане спортивной формы, которая висит на вешалке в прихожей. Когда он увидел, как она осталась на балконе, он испугался, что она попытается открыть дверь и обнаружит отсутствие ключа (что подтвердило бы его неловкость). Поэтому он задал тон «проверки», превратив свою забывчивость в методическое испытание. Он скрывает от сестры (и от себя), что у него нет альтернативного способа открыть дверь, кроме как ждать, пока она доберется до домофона в подъезде. Его контроль — это маска, скрывающая страх того, что без его команды она не сможет войти в собственный дом.","summary":null,"word_count":0,"char_count":0,"byte_count":0,"status":"GENERATED"}}],"length":1,"currentIndex":0}
Emit event plan.node: 14 (changed page in 14)
Emit event plan.node: 15 (changed page in 14)
Emit event plan.node: 16 (changed page in 14)
Emit event plan.node: 17 (changed page in 14)
Emit event plan.node: 18 (changed page in 14)
[ForEachProcessor] getOutput for node 14, overrides length: 1
[ForEachProcessor] outputNode.id: 18, outputNode.content: # Брат

## Анкета
- Возраст: 23
- Пол: мужской
- Семейная роль: старший брат
- Рост и телосложение: 185 см, жилистое телосложение
- Одежда на момент действия: свободная серая спортивная форма (штаны, верхняя часть), босиком или в носках
- Профессия/статус: студент (техническое мышление, склонность к регламентам), ведущий себя как временный глава семьи, администратор бытового пространства
- Специфические навыки/привычки: привычка контролировать все процессы, даже самые мелкие; склонность преуменьшать значимость происходящего, называя сложную ситуацию «бытовой логистикой»
- Отношение к личным границам: воспринимает семейное пространство как свою территорию, где он устанавливает правила; считает, что интимность не является препятствием для взаимодействия, если это продиктовано «логикой»
- Отличительная черта: привычка держать одну руку за спинку стула или дверную косяк, создавая визуальный барьер между собой и объектом наблюдения

## Профиль

**Хочет**: Завершить цикл проверки, подтвердив, что сестра способна следовать инструкции до конца и вернуться в исходное состояние («приказ выполнен»). Он хочет увидеть, как она пройдет весь путь: спуск, обход, подъем к подъезду, обращение с домофоном. Для него это не наказание, а процедура фиксации статуса: она должна доказать, что готова подчиниться механике дома, которую он контролирует. Его желание — получить визуальное и вербальное подтверждение того, что система работает, а объект подконтролен.

**Нужно**: Осознать, что его «административный» контроль над телом и пространством сестры создает новую, хрупкую форму зависимости, которую он сам же и генерирует. Ему нужно перестать воспринимать сестру как пассивный элемент интерьера и начать видеть в ней субъекта, который реагирует на его волю не механически, а физиологически и эмоционально. Ему нужно понять, что владея дверью и кодом, он владеет ее достоинством, и этот рычаг власти тяжелее, чем ему кажется.

Между «хочет» и «нужно» существует резкое противоречие: чем успешнее он контролирует процесс (хочет), тем больше он обнажает свою зависимость от отклика сестры (нужно). Если она идеально выполняет команду, он чувствует пустоту, потому что она становится частью механизма. Если она сбивается, дрожит или задает уточняющие вопросы, он чувствует тревогу, потому что механизм начинает сопротивляться. Его внешнее спокойствие и сухость команд (хочет) маскируют внутреннюю потребность в признании своей роли не как тирана, а как партнера в несправедливых правилах (нужно). Достижение внешнего порядка не дает ему внутреннего покоя, так как он не может разрешить конфликт, не отказавшись от позиции «диспетчера».

**Недостаток**: Склонность к инструментализации чувств и отношений. Он путает бытовую целесообразность с человеческой близостью. Его моральная ошибка заключается в вере в то, что если действие логично (нужно спуститься по пожарной лестнице, потому что дверь заперта), то оно и эмоционально нейтрально. Он не учитывает человеческий фактор: стыд, холод, уязвимость. Для него тело сестры — это объект, который нужно транспортировать из точки А в точку Б, а не живой человек, для которого эта транспортировка становится испытанием на выживание. Это мешает ему увидеть, что его «логика» разрушает доверие, которое ему нужно для сохранения отношений.

**Голос**:
Голос выдержан в сухом, командно-административном регистре, имитирующем речь диспетчера или строгого проверяющего. Ритм речи отрывистый, синтаксис построен на кратких императивах, лишённых интонационной теплоты и эмоциональных модуляций. Отличительный приём — механическое диктование действий и переспрашивание, направленное не на уточнение сути, а на фиксацию подчинения и контроль над процессом. Голос звучит сухо, как будто он диктует стенографистке, а не сестре. Под давлением (например, когда домофон заедает) его интонация становится еще более монотонной, словно он пытается успокоить систему, которая выходит из строя. Он использует терминологию технических регламентов и бытовой логистики: «фиксация», «допуск», «статус». Он избегает местоимений, предпочитая сухие предписания без эмоциональной окраски: «Повторить код», «Нажать кнопку», «Сделать шаг назад», «Обеспечить визуальный контакт». В моменты, когда сестра задает личный вопрос («Холодно»), он переводит ответ в плоскость физики: «Температура в норме», «Дальше».

**Секрет**: Он не запер дверь балкона случайно или чтобы «наказать» ее. Секрет заключается в том, что он сам забыл ключ от двери между комнатой и балконом, оставив его в кармане спортивной формы, которая висит на вешалке в прихожей. Когда он увидел, как она осталась на балконе, он испугался, что она попытается открыть дверь и обнаружит отсутствие ключа (что подтвердило бы его неловкость). Поэтому он задал тон «проверки», превратив свою забывчивость в методическое испытание. Он скрывает от сестры (и от себя), что у него нет альтернативного способа открыть дверь, кроме как ждать, пока она доберется до домофона в подъезде. Его контроль — это маска, скрывающая страх того, что без его команды она не сможет войти в собственный дом.
[ForEachProcessor] override[0]: {
  '15': {
    content: '# Брат\n' +
      '- Возраст: 23\n' +
      '- Пол: мужской\n' +
      '- Семейная роль: старший брат\n' +
      '- Рост и телосложение: 185 см, жилистое телосложение, позволяющее легко доминировать в пространстве кухни\n' +
      '- Одежда на момент действия: свободная спортивная форма, удобная для стояния у окна или двери\n' +
      '- Профессия/статус: студент, ведущий себя как временный глава семьи\n' +
      '- Отношение к личным границам: воспринимает семейное пространство как свою территорию, где он устанавливает правила\n' +
      '- Инициирует конфликт, выставляя сестру на балкон в одном полотенце, требуя спуститься по пожарной лестнице, чтобы подчеркнуть свою власть и её зависимость от его решений.\n' +
      '\n' +
      '# Сестра\n' +
      '- Возраст: 21\n' +
      '- Пол: женский\n' +
      '- Семейная роль: младшая сестра\n' +
      '- Рост и телосложение: 165 см, хрупкое телосложение, усиливающее ощущение беспомощности на открытом воздухе\n' +
      '- Одежда на момент действия: одно маленькое полотенце, которое ветер уносит далеко во двор, оголяя её полностью\n' +
      '- Профессия/статус: студентка, вынужденная действовать в бытовом регистре\n' +
      '- Реакция на холод/ветер: физиологическая уязвимость, заставляющая её дрожать и инстинктивно сжиматься, усиливая чувство позора\n' +
      '- Отношение к личным границам: изначально считает дом своим безопасным пространством, но сталкивается с потерей автономии, когда её приватность становится публичным достоянием через домофон\n' +
      '- Оказывается в ситуации, где её телесность становится инструментом проверки, а её попытки вернуться в дом сталкиваются с механическим барьером (код домофона), символизирующим её зависимость от воли старшего брата.',
    summary: null,
    word_count: 0,
    char_count: 0,
    byte_count: 0,
    status: 'GENERATED'
  },
  '16': {
    content: '# Брат\n' +
      '\n' +
      '## Анкета\n' +
      '- Возраст: 23\n' +
      '- Пол: мужской\n' +
      '- Семейная роль: старший брат\n' +
      '- Рост и телосложение: 185 см, жилистое телосложение, высокая осанка, плечи расправлены, руки вытянуты вперед, готовность к немедленному действию\n' +
      '- Одежда на момент действия: серая спортивная форма (двубортка, штаны), босиком или в носках, что подчеркивает интимность момента и отсутствие «парадной» одежды\n' +
      '- Профессия/статус: студент-техник, ведущий себя как временный глава семьи, администратор бытового пространства\n' +
      '- Специфические навыки/привычки: привычка контролировать все процессы, даже самые мелкие; склонность преуменьшать значимость происходящего, называя сложную ситуацию «бытовой логистикой»\n' +
      '- Отношение к личным границам: воспринимает семейное пространство как свою территорию, где он устанавливает правила; считает, что интимность не является препятствием для взаимодействия, если это продиктовано «логикой»\n' +
      '- Отличительная черта: привычка держать одну руку за спинку стула или дверную косяк, создавая визуальный барьер между собой и объектом наблюдения\n' +
      '\n' +
      '## Профиль\n' +
      '\n' +
      '**Хочет**: Завершить цикл проверки, подтвердив, что сестра способна следовать инструкции до конца и вернуться в исходное состояние («приказ выполнен»). Он хочет увидеть, как она пройдет весь путь: спуск, обход, подъем к подъезду, обращение с домофоном. Для него это не наказание, а процедура фиксации статуса: она должна доказать, что готова подчиниться механике дома, которую он контролирует. Его желание — получить визуальное и вербальное подтверждение того, что система работает, а объект подконтролен.\n' +
      '\n' +
      '**Нужно**: Осознать, что его «административный» контроль над телом и пространством сестры создает новую, хрупкую форму зависимости, которую он сам же и генерирует. Ему нужно перестать воспринимать сестру как пассивный элемент интерьера и начать видеть в ней субъекта, который реагирует на его волю не механически, а физиологически и эмоционально. Ему нужно понять, что владея дверью и кодом, он владеет ее достоинством, и этот рычаг власти тяжелее, чем ему кажется.\n' +
      '\n' +
      'Между «хочет» и «нужно» существует резкое противоречие: чем успешнее он контролирует процесс (хочет), тем больше он обнажает свою зависимость от отклика сестры (нужно). Если она идеально выполняет команду, он чувствует пустоту, потому что она становится частью механизма. Если она сбивается, дрожит или задает уточняющие вопросы, он чувствует тревогу, потому что механизм начинает сопротивляться. Его внешнее спокойствие и сухость команд (хочет) маскируют внутреннюю потребность в признании своей роли не как тирана, а как партнера в несправедливых правилах (нужно). Достижение внешнего порядка не дает ему внутреннего покоя, так как он не может разрешить конфликт, не отказавшись от позиции «диспетчера».\n' +
      '\n' +
      '**Недостаток**: Склонность к инструментализации чувств и отношений. Он путает бытовую целесообразность с человеческой близостью. Его моральная ошибка заключается в вере в то, что если действие логично (нужно спуститься по пожарной лестнице, потому что дверь заперта), то оно и эмоционально нейтрально. Он не учитывает человеческий фактор: стыд, холод, уязвимость. Для него тело сестры — это объект, который нужно транспортировать из точки А в точку Б, а не живой человек, для которого эта транспортировка становится испытанием на выживание. Это мешает ему увидеть, что его «логика» разрушает доверие, которое ему нужно для сохранения отношений.\n' +
      '\n' +
      '**Голос**:\n' +
      'Голос выдержан в сухом, командно-административном регистре, имитирующем речь диспетчера или строгого проверяющего. Ритм речи отрывистый, синтаксис построен на кратких императивах, лишённых интонационной теплоты и эмоциональных модуляций. Отличительный приём — механическое диктование действий и переспрашивание, направленное не на уточнение сути, а на фиксацию подчинения и контроль над процессом. Голос звучит сухо, как будто он диктует стенографистке, а не сестре. Под давлением (например, когда домофон заедает) его интонация становится еще более монотонной, словно он пытается успокоить систему, которая выходит из строя. Он использует терминологию технических регламентов и бытовой логистики: «фиксация положения», «зафиксировать», «узел доступа», «механизм засова», «параграф правил». Он избегает местоимений, предпочитая сухие предписания без эмоциональной окраски: «Повторить код», «Нажать кнопку», «Сделать шаг назад», «Обеспечить визуальный контакт». Формулы подтверждения статуса и последовательности: «Приказ выполнен», «Точка контроля пройдена», «Дальнейшие действия согласно инструкции», «Статус объекта подтверждён». В моменты, когда сестра задает личный вопрос («Холодно»), он переводит ответ в плоскость физики: «Температура допустима. Продолжайте».\n' +
      '\n' +
      '**Секрет**: Он не запер дверь балкона случайно или чтобы «наказать» ее. Секрет заключается в том, что он сам забыл ключ от двери между комнатой и балконом, оставив его в кармане спортивной формы, которая висит вешалке в прихожей. Когда он увидел, как она осталась на балконе, он испугался, что она попытается открыть дверь и обнаружит отсутствие ключа (что подтвердило бы его неловкость). Поэтому он задал тон «проверки», превратив свою забывчивость в методическое испытание. Он скрывает от сестры (и от себя), что у него нет альтернативного способа открыть дверь, кроме как ждать, пока она доберется до домофона в подъезде. Его контроль — это маска, скрывающая страх того, что без его команды она не сможет войти в собственный дом.',
    summary: null,
    word_count: 0,
    char_count: 0,
    byte_count: 0,
    status: 'GENERATED'
  },
  '17': {
    content: '{"iterations":[{"input":"# Брат\\n\\n## Анкета\\n- Возраст: 23\\n- Пол: мужской\\n- Семейная роль: старший брат\\n- Рост и телосложение: 185 см, жилистое телосложение, высокая осанка, плечи расправлены, руки вытянуты вперед, готовность к немедленному действию\\n- Одежда на момент действия: серая спортивная форма (двубортка, штаны), босиком или в носках, что подчеркивает интимность момента и отсутствие «парадной» одежды\\n- Профессия/статус: студент-техник, ведущий себя как временный глава семьи, администратор бытового пространства\\n- Специфические навыки/привычки: привычка контролировать все процессы, даже самые мелкие; склонность преуменьшать значимость происходящего, называя сложную ситуацию «бытовой логистикой»\\n- Отношение к личным границам: воспринимает семейное пространство как свою территорию, где он устанавливает правила; считает, что интимность не является препятствием для взаимодействия, если это продиктовано «логикой»\\n- Отличительная черта: привычка держать одну руку за спинку стула или дверную косяк, создавая визуальный барьер между собой и объектом наблюдения\\n\\n## Профиль\\n\\n**Хочет**: Завершить цикл проверки, подтвердив, что сестра способна следовать инструкции до конца и вернуться в исходное состояние («приказ выполнен»). Он хочет увидеть, как она пройдет весь путь: спуск, обход, подъем к подъезду, обращение с домофоном. Для него это не наказание, а процедура фиксации статуса: она должна доказать, что готова подчиниться механике дома, которую он контролирует. Его желание — получить визуальное и вербальное подтверждение того, что система работает, а объект подконтролен.\\n\\n**Нужно**: Осознать, что его «административный» контроль над телом и пространством сестры создает новую, хрупкую форму зависимости, которую он сам же и генерирует. Ему нужно перестать воспринимать сестру как пассивный элемент интерьера и начать видеть в ней субъекта, который реагирует на его волю не механически, а физиологически и эмоционально. Ему нужно понять, что владея дверью и кодом, он владеет ее достоинством, и этот рычаг власти тяжелее, чем ему кажется.\\n\\nМежду «хочет» и «нужно» существует резкое противоречие: чем успешнее он контролирует процесс (хочет), тем больше он обнажает свою зависимость от отклика сестры (нужно). Если она идеально выполняет команду, он чувствует пустоту, потому что она становится частью механизма. Если она сбивается, дрожит или задает уточняющие вопросы, он чувствует тревогу, потому что механизм начинает сопротивляться. Его внешнее спокойствие и сухость команд (хочет) маскируют внутреннюю потребность в признании своей роли не как тирана, а как партнера в несправедливых правилах (нужно). Достижение внешнего порядка не дает ему внутреннего покоя, так как он не может разрешить конфликт, не отказавшись от позиции «диспетчера».\\n\\n**Недостаток**: Склонность к инструментализации чувств и отношений. Он путает бытовую целесообразность с человеческой близостью. Его моральная ошибка заключается в вере в то, что если действие логично (нужно спуститься по пожарной лестнице, потому что дверь заперта), то оно и эмоционально нейтрально. Он не учитывает человеческий фактор: стыд, холод, уязвимость. Для него тело сестры — это объект, который нужно транспортировать из точки А в точку Б, а не живой человек, для которого эта транспортировка становится испытанием на выживание. Это мешает ему увидеть, что его «логика» разрушает доверие, которое ему нужно для сохранения отношений.\\n\\n**Голос**:\\nГолос выдержан в сухом, командно-административном регистре, имитирующем речь диспетчера или строгого проверяющего. Ритм речи отрывистый, синтаксис построен на кратких императивах, лишённых интонационной теплоты и эмоциональных модуляций. Отличительный приём — механическое диктование действий и переспрашивание, направленное не на уточнение сути, а на фиксацию подчинения и контроль над процессом. Голос звучит сухо, как будто он диктует стенографистке, а не сестре. Под давлением (например, когда домофон заедает) его интонация становится еще более монотонной, словно он пытается успокоить систему, которая выходит из строя. Он использует терминологию технических регламентов и бытовой логистики: «фиксация положения», «зафиксировать», «узел доступа», «механизм засова», «параграф правил». Он избегает местоимений, предпочитая сухие предписания без эмоциональной окраски: «Повторить код», «Нажать кнопку», «Сделать шаг назад», «Обеспечить визуальный контакт». Формулы подтверждения статуса и последовательности: «Приказ выполнен», «Точка контроля пройдена», «Дальнейшие действия согласно инструкции», «Статус объекта подтверждён». В моменты, когда сестра задает личный вопрос («Холодно»), он переводит ответ в плоскость физики: «Температура допустима. Продолжайте».\\n\\n**Секрет**: Он не запер дверь балкона случайно или чтобы «наказать» ее. Секрет заключается в том, что он сам забыл ключ от двери между комнатой и балконом, оставив его в кармане спортивной формы, которая висит вешалке в прихожей. Когда он увидел, как она осталась на балконе, он испугался, что она попытается открыть дверь и обнаружит отсутствие ключа (что подтвердило бы его неловкость). Поэтому он задал тон «проверки», превратив свою забывчивость в методическое испытание. Он скрывает от сестры (и от себя), что у него нет альтернативного способа открыть дверь, кроме как ждать, пока она доберется до домофона в подъезде. Его контроль — это маска, скрывающая страх того, что без его команды она не сможет войти в собственный дом.","findProblemsResult":{"foundProblems":[{"severity":75,"description":"Противоречие с исходным описанием в анquete. В исходном тексте (`## Персонаж (вход исходный)`) одежда описана просто как «свободная спортивная форма». В профиле (`## Анкета`) добавлено: «серая спортивная форма (двубортка, штаны)». Слово «двубортка» (twice-bar) обычно относится к пиджакам или пальто, а не к стандартной спортивной форме (футболка/шорты или худи/джоггеры). Это неточное, выдуманное конкретизация, не согласующаяся с исходником.","fixProposal":"Исправить описание одежды в анкете на: «Свободная спортивная форма (штаны, верхняя часть)» или просто «Свободная спортивная форма», исключив термин «двубортка», если это не пиджак."},{"severity":70,"description":"Использование иностранных терминов/англицизмов в описании голоса и стиля. В разделе «Голос» используются слова «императива» (латинизм/термин) и «стенографистке». Само по себе это допустимо, но фраза «имитирующем речь диспетчера» и использование «бытовой логистики» близко к канцеляризму, что может противоречить стилю (стиль запрещает канцеляриты, если это не сатира). Однако основная проблема — в списке «предпочитая сухие предписания...» перечислены фразы «Повторить код», «Нажать кнопку» и т.д. Это готовые реплики-команды. Стиль требует избегать готовых реплик, если они не короткие лексические примеры. Фразы «Приказ выполнен» и «Статус объекта подтверждён» — это полноценные предложения/фразы, которые могут слово-в-слово попасть в текст.","fixProposal":"Убрать длинные готовые фразы из описания голоса или указать их как примеры паттерна, а не обязательные реплики. Лучше описать стиль речи (короткие, сухие, безличные команды), не приводя длинные цитаты. Оставить только короткие слова/обороты: «фиксация», «допуск», «статус»."},{"severity":65,"description":"Нарушение стиля: в описании «Голос» упоминается «терминология технических регламентов... „узел доступа“, „механизм засова“». В стиле сказано: «Запрещено использование канцеляризмов... если они не используются как инструмент сатиры». Здесь это используется как характеристика голоса, что корректно, но в анкете «Специфические навыки/привычки» написано: «называя сложную ситуацию „бытовой логистикой“». Термин «логистика» в бытовом контексте 2020-х годов — это англицизм/термин, который звучит неестественно для студента-брата, если он не специфический типаж. Однако, учитывая стиль (сатира на административный регистр), это допустимо. Но есть более заметная проблема: в стиле запрещено использование психологических терминов в тексте (в мыслях героини), но в профиле брата используется «инструментализация чувств», «моральная ошибка». Это описания для автора, так что допустимо.","fixProposal":"Проверить, что при генерации диалога брата не используются слишком сложные технические термины («узел доступа»), если это не специфическая деталь. Возможно, заменить на более бытовые слова: «замок», «засов», «код». «Логистика» можно оставить как стилистический прием."},{"severity":80,"description":"Незаполненное/слабо заполненное обязательное поле анкеты: «Специфические навыки/привычки» указано как «при значимости», но в данном контексте оно важно (управление домофоном, знание кода). В исходнике его не было явно, но в профиле добавлено. Однако есть проблема с полем «Отношение к личным границам»: оно заполнено. «Рост и телосложение» заполнено. «Одежда» заполнена. «Профессия» заполнена. «Возраст/Пол/Семейная роль» заполнены. Все обязательные поля заполнены. Но: в стиле сказано «Избегать психологических терминов». В профиле: «Ему нужно перестать воспринимать сестру как пассивный элемент интерьера...». Это описательная часть, не реплика. Значит, проблема не в заполненности полей, а в формулировках.","fixProposal":"Проверка обязательных полей пройдена успешно (все заполнены). Severity снижено до 50 (предупреждение о стилистических терминах в описании мотивации, что допустимо для профиля, но не для текста)."},{"severity":90,"description":"Плоскость: проблема с внутренним конфликтом. В секции «Хочет» и «Нужно» описан конфликт. «Хочет»: получить подтверждение, что система работает. «Нужно»: осознать, что он создает зависимость. Конфликт присутствует. Однако в стиле сказано: «Плоскость: нет внутреннего конфликта между „хочет“ и „нужно“. Это проблема только для персонажей с траекторией.» Брат — персонаж с траекторией (он меняется/развивается в моменте). Его конфликт описан четко: хочет контроля/статуса, а нужно принять уязвимость/связанность. Это соответствует требованиям. Проблема не в плоскости.","fixProposal":"Конфликт опи'... 9059 more characters,
    summary: null,
    word_count: 0,
    char_count: 0,
    byte_count: 0,
    status: 'GENERATED'
  },
  '18': {
    content: '# Брат\n' +
      '\n' +
      '## Анкета\n' +
      '- Возраст: 23\n' +
      '- Пол: мужской\n' +
      '- Семейная роль: старший брат\n' +
      '- Рост и телосложение: 185 см, жилистое телосложение\n' +
      '- Одежда на момент действия: свободная серая спортивная форма (штаны, верхняя часть), босиком или в носках\n' +
      '- Профессия/статус: студент (техническое мышление, склонность к регламентам), ведущий себя как временный глава семьи, администратор бытового пространства\n' +
      '- Специфические навыки/привычки: привычка контролировать все процессы, даже самые мелкие; склонность преуменьшать значимость происходящего, называя сложную ситуацию «бытовой логистикой»\n' +
      '- Отношение к личным границам: воспринимает семейное пространство как свою территорию, где он устанавливает правила; считает, что интимность не является препятствием для взаимодействия, если это продиктовано «логикой»\n' +
      '- Отличительная черта: привычка держать одну руку за спинку стула или дверную косяк, создавая визуальный барьер между собой и объектом наблюдения\n' +
      '\n' +
      '## Профиль\n' +
      '\n' +
      '**Хочет**: Завершить цикл проверки, подтвердив, что сестра способна следовать инструкции до конца и вернуться в исходное состояние («приказ выполнен»). Он хочет увидеть, как она пройдет весь путь: спуск, обход, подъем к подъезду, обращение с домофоном. Для него это не наказание, а процедура фиксации статуса: она должна доказать, что готова подчиниться механике дома, которую он контролирует. Его желание — получить визуальное и вербальное подтверждение того, что система работает, а объект подконтролен.\n' +
      '\n' +
      '**Нужно**: Осознать, что его «административный» контроль над телом и пространством сестры создает новую, хрупкую форму зависимости, которую он сам же и генерирует. Ему нужно перестать воспринимать сестру как пассивный элемент интерьера и начать видеть в ней субъекта, который реагирует на его волю не механически, а физиологически и эмоционально. Ему нужно понять, что владея дверью и кодом, он владеет ее достоинством, и этот рычаг власти тяжелее, чем ему кажется.\n' +
      '\n' +
      'Между «хочет» и «нужно» существует резкое противоречие: чем успешнее он контролирует процесс (хочет), тем больше он обнажает свою зависимость от отклика сестры (нужно). Если она идеально выполняет команду, он чувствует пустоту, потому что она становится частью механизма. Если она сбивается, дрожит или задает уточняющие вопросы, он чувствует тревогу, потому что механизм начинает сопротивляться. Его внешнее спокойствие и сухость команд (хочет) маскируют внутреннюю потребность в признании своей роли не как тирана, а как партнера в несправедливых правилах (нужно). Достижение внешнего порядка не дает ему внутреннего покоя, так как он не может разрешить конфликт, не отказавшись от позиции «диспетчера».\n' +
      '\n' +
      '**Недостаток**: Склонность к инструментализации чувств и отношений. Он путает бытовую целесообразность с человеческой близостью. Его моральная ошибка заключается в вере в то, что если действие логично (нужно спуститься по пожарной лестнице, потому что дверь заперта), то оно и эмоционально нейтрально. Он не учитывает человеческий фактор: стыд, холод, уязвимость. Для него тело сестры — это объект, который нужно транспортировать из точки А в точку Б, а не живой человек, для которого эта транспортировка становится испытанием на выживание. Это мешает ему увидеть, что его «логика» разрушает доверие, которое ему нужно для сохранения отношений.\n' +
      '\n' +
      '**Голос**:\n' +
      'Голос выдержан в сухом, командно-административном регистре, имитирующем речь диспетчера или строгого проверяющего. Ритм речи отрывистый, синтаксис построен на кратких императивах, лишённых интонационной теплоты и эмоциональных модуляций. Отличительный приём — механическое диктование действий и переспрашивание, направленное не на уточнение сути, а на фиксацию подчинения и контроль над процессом. Голос звучит сухо, как будто он диктует стенографистке, а не сестре. Под давлением (например, когда домофон заедает) его интонация становится еще более монотонной, словно он пытается успокоить систему, которая выходит из строя. Он использует терминологию технических регламентов и бытовой логистики: «фиксация», «допуск», «статус». Он избегает местоимений, предпочитая сухие предписания без эмоциональной окраски: «Повторить код», «Нажать кнопку», «Сделать шаг назад», «Обеспечить визуальный контакт». В моменты, когда сестра задает личный вопрос («Холодно»), он переводит ответ в плоскость физики: «Температура в норме», «Дальше».\n' +
      '\n' +
      '**Секрет**: Он не запер дверь балкона случайно или чтобы «наказать» ее. Секрет заключается в том, что он сам забыл ключ от двери между комнатой и балконом, оставив его в кармане спортивной формы, которая висит на вешалке в прихожей. Когда он увидел, как она осталась на балконе, он испугался, что она попытается открыть дверь и обнаружит отсутствие ключа (что подтвердило бы его неловкость). Поэтому он задал тон «проверки», превратив свою забывчивость в методическое испытание. Он скрывает от сестры (и от себя), что у него нет альтернативного способа открыть дверь, кроме как ждать, пока она доберется до домофона в подъезде. Его контроль — это маска, скрывающая страх того, что без его команды она не сможет войти в собственный дом.',
    summary: null,
    word_count: 0,
    char_count: 0,
    byte_count: 0,
    status: 'GENERATED'
  }
}
[ForEachProcessor]   output content: # Брат

## Анкета
- Возраст: 23
- Пол: мужской
- Семейная роль: старший брат
- Рост и телосложение: 185 см, жилистое телосложение
- Одежда на момент действия: свободная серая спортивная форма (штаны, верхняя часть), босиком или в носках
- Профессия/статус: студент (техническое мышление, склонность к регламентам), ведущий себя как временный глава семьи, администратор бытового пространства
- Специфические навыки/привычки: привычка контролировать все процессы, даже самые мелкие; склонность преуменьшать значимость происходящего, называя сложную ситуацию «бытовой логистикой»
- Отношение к личным границам: воспринимает семейное пространство как свою территорию, где он устанавливает правила; считает, что интимность не является препятствием для взаимодействия, если это продиктовано «логикой»
- Отличительная черта: привычка держать одну руку за спинку стула или дверную косяк, создавая визуальный барьер между собой и объектом наблюдения

## Профиль

**Хочет**: Завершить цикл проверки, подтвердив, что сестра способна следовать инструкции до конца и вернуться в исходное состояние («приказ выполнен»). Он хочет увидеть, как она пройдет весь путь: спуск, обход, подъем к подъезду, обращение с домофоном. Для него это не наказание, а процедура фиксации статуса: она должна доказать, что готова подчиниться механике дома, которую он контролирует. Его желание — получить визуальное и вербальное подтверждение того, что система работает, а объект подконтролен.

**Нужно**: Осознать, что его «административный» контроль над телом и пространством сестры создает новую, хрупкую форму зависимости, которую он сам же и генерирует. Ему нужно перестать воспринимать сестру как пассивный элемент интерьера и начать видеть в ней субъекта, который реагирует на его волю не механически, а физиологически и эмоционально. Ему нужно понять, что владея дверью и кодом, он владеет ее достоинством, и этот рычаг власти тяжелее, чем ему кажется.

Между «хочет» и «нужно» существует резкое противоречие: чем успешнее он контролирует процесс (хочет), тем больше он обнажает свою зависимость от отклика сестры (нужно). Если она идеально выполняет команду, он чувствует пустоту, потому что она становится частью механизма. Если она сбивается, дрожит или задает уточняющие вопросы, он чувствует тревогу, потому что механизм начинает сопротивляться. Его внешнее спокойствие и сухость команд (хочет) маскируют внутреннюю потребность в признании своей роли не как тирана, а как партнера в несправедливых правилах (нужно). Достижение внешнего порядка не дает ему внутреннего покоя, так как он не может разрешить конфликт, не отказавшись от позиции «диспетчера».

**Недостаток**: Склонность к инструментализации чувств и отношений. Он путает бытовую целесообразность с человеческой близостью. Его моральная ошибка заключается в вере в то, что если действие логично (нужно спуститься по пожарной лестнице, потому что дверь заперта), то оно и эмоционально нейтрально. Он не учитывает человеческий фактор: стыд, холод, уязвимость. Для него тело сестры — это объект, который нужно транспортировать из точки А в точку Б, а не живой человек, для которого эта транспортировка становится испытанием на выживание. Это мешает ему увидеть, что его «логика» разрушает доверие, которое ему нужно для сохранения отношений.

**Голос**:
Голос выдержан в сухом, командно-административном регистре, имитирующем речь диспетчера или строгого проверяющего. Ритм речи отрывистый, синтаксис построен на кратких императивах, лишённых интонационной теплоты и эмоциональных модуляций. Отличительный приём — механическое диктование действий и переспрашивание, направленное не на уточнение сути, а на фиксацию подчинения и контроль над процессом. Голос звучит сухо, как будто он диктует стенографистке, а не сестре. Под давлением (например, когда домофон заедает) его интонация становится еще более монотонной, словно он пытается успокоить систему, которая выходит из строя. Он использует терминологию технических регламентов и бытовой логистики: «фиксация», «допуск», «статус». Он избегает местоимений, предпочитая сухие предписания без эмоциональной окраски: «Повторить код», «Нажать кнопку», «Сделать шаг назад», «Обеспечить визуальный контакт». В моменты, когда сестра задает личный вопрос («Холодно»), он переводит ответ в плоскость физики: «Температура в норме», «Дальше».

**Секрет**: Он не запер дверь балкона случайно или чтобы «наказать» ее. Секрет заключается в том, что он сам забыл ключ от двери между комнатой и балконом, оставив его в кармане спортивной формы, которая висит на вешалке в прихожей. Когда он увидел, как она осталась на балконе, он испугался, что она попытается открыть дверь и обнаружит отсутствие ключа (что подтвердило бы его неловкость). Поэтому он задал тон «проверки», превратив свою забывчивость в методическое испытание. Он скрывает от сестры (и от себя), что у него нет альтернативного способа открыть дверь, кроме как ждать, пока она доберется до домофона в подъезде. Его контроль — это маска, скрывающая страх того, что без его команды она не сможет войти в собственный дом.
Returning 'false...' as value of setting 'auto_generate_summary'
In patch there is a requirement to change status to GENERATED
Emit event plan.node: 14 (patched keys: id, parent_id, title, content, position, created_at, type, x, y, summary, ai_sync_info, word_count, char_count, byte_count, review_base_content, ai_improve_instruction, node_type_settings, status, ai_settings, in_review, width, height)
[regenerateSubtreeNodesContents] node 20 not ready, missing sources: 19
[regenerateSubtreeNodesContents] node 25 not ready, missing sources: 24,19
[regenerateSubtreeNodesContents] node 27 not ready, missing sources: 26,20,22,19,23
[regenerateSubtreeNodesContents] node 23 not ready, missing sources: 21,19
[regenerateSubtreeNodesContents] node 24 not ready, missing sources: 21,22,19,23
[regenerateSubtreeNodesContents] willRegenerate=true (regenerateManual=false)
In patch there is a requirement to change status to GENERATING
PROGRESS 1957s Сводка по персонажам
Emit event plan.node: 19 (patched keys: status)
Notifying downstream node 20 (text) of changes in node 19
Notifying downstream node 22 (text) of changes in node 19
Notifying downstream node 23 (text) of changes in node 19
Notifying downstream node 32 (text) of changes in node 19
Notifying downstream node 35 (text) of changes in node 19
Notifying downstream node 36 (text) of changes in node 19
[PlanNodeService] regenerate node.node_type_settings {"includeNodeTitle":false,"includeInputTitles":false,"fixHeaders":false}
[PlanNodeService] regenerate settings {
  includeNodeTitle: false,
  includeInputTitles: false,
  fixHeaders: false
}
[ForEachProcessor] getOutput for node 14, overrides length: 1
[ForEachProcessor] outputNode.id: 18, outputNode.content: # Брат

## Анкета
- Возраст: 23
- Пол: мужской
- Семейная роль: старший брат
- Рост и телосложение: 185 см, жилистое телосложение
- Одежда на момент действия: свободная серая спортивная форма (штаны, верхняя часть), босиком или в носках
- Профессия/статус: студент (техническое мышление, склонность к регламентам), ведущий себя как временный глава семьи, администратор бытового пространства
- Специфические навыки/привычки: привычка контролировать все процессы, даже самые мелкие; склонность преуменьшать значимость происходящего, называя сложную ситуацию «бытовой логистикой»
- Отношение к личным границам: воспринимает семейное пространство как свою территорию, где он устанавливает правила; считает, что интимность не является препятствием для взаимодействия, если это продиктовано «логикой»
- Отличительная черта: привычка держать одну руку за спинку стула или дверную косяк, создавая визуальный барьер между собой и объектом наблюдения

## Профиль

**Хочет**: Завершить цикл проверки, подтвердив, что сестра способна следовать инструкции до конца и вернуться в исходное состояние («приказ выполнен»). Он хочет увидеть, как она пройдет весь путь: спуск, обход, подъем к подъезду, обращение с домофоном. Для него это не наказание, а процедура фиксации статуса: она должна доказать, что готова подчиниться механике дома, которую он контролирует. Его желание — получить визуальное и вербальное подтверждение того, что система работает, а объект подконтролен.

**Нужно**: Осознать, что его «административный» контроль над телом и пространством сестры создает новую, хрупкую форму зависимости, которую он сам же и генерирует. Ему нужно перестать воспринимать сестру как пассивный элемент интерьера и начать видеть в ней субъекта, который реагирует на его волю не механически, а физиологически и эмоционально. Ему нужно понять, что владея дверью и кодом, он владеет ее достоинством, и этот рычаг власти тяжелее, чем ему кажется.

Между «хочет» и «нужно» существует резкое противоречие: чем успешнее он контролирует процесс (хочет), тем больше он обнажает свою зависимость от отклика сестры (нужно). Если она идеально выполняет команду, он чувствует пустоту, потому что она становится частью механизма. Если она сбивается, дрожит или задает уточняющие вопросы, он чувствует тревогу, потому что механизм начинает сопротивляться. Его внешнее спокойствие и сухость команд (хочет) маскируют внутреннюю потребность в признании своей роли не как тирана, а как партнера в несправедливых правилах (нужно). Достижение внешнего порядка не дает ему внутреннего покоя, так как он не может разрешить конфликт, не отказавшись от позиции «диспетчера».

**Недостаток**: Склонность к инструментализации чувств и отношений. Он путает бытовую целесообразность с человеческой близостью. Его моральная ошибка заключается в вере в то, что если действие логично (нужно спуститься по пожарной лестнице, потому что дверь заперта), то оно и эмоционально нейтрально. Он не учитывает человеческий фактор: стыд, холод, уязвимость. Для него тело сестры — это объект, который нужно транспортировать из точки А в точку Б, а не живой человек, для которого эта транспортировка становится испытанием на выживание. Это мешает ему увидеть, что его «логика» разрушает доверие, которое ему нужно для сохранения отношений.

**Голос**:
Голос выдержан в сухом, командно-административном регистре, имитирующем речь диспетчера или строгого проверяющего. Ритм речи отрывистый, синтаксис построен на кратких императивах, лишённых интонационной теплоты и эмоциональных модуляций. Отличительный приём — механическое диктование действий и переспрашивание, направленное не на уточнение сути, а на фиксацию подчинения и контроль над процессом. Голос звучит сухо, как будто он диктует стенографистке, а не сестре. Под давлением (например, когда домофон заедает) его интонация становится еще более монотонной, словно он пытается успокоить систему, которая выходит из строя. Он использует терминологию технических регламентов и бытовой логистики: «фиксация», «допуск», «статус». Он избегает местоимений, предпочитая сухие предписания без эмоциональной окраски: «Повторить код», «Нажать кнопку», «Сделать шаг назад», «Обеспечить визуальный контакт». В моменты, когда сестра задает личный вопрос («Холодно»), он переводит ответ в плоскость физики: «Температура в норме», «Дальше».

**Секрет**: Он не запер дверь балкона случайно или чтобы «наказать» ее. Секрет заключается в том, что он сам забыл ключ от двери между комнатой и балконом, оставив его в кармане спортивной формы, которая висит на вешалке в прихожей. Когда он увидел, как она осталась на балконе, он испугался, что она попытается открыть дверь и обнаружит отсутствие ключа (что подтвердило бы его неловкость). Поэтому он задал тон «проверки», превратив свою забывчивость в методическое испытание. Он скрывает от сестры (и от себя), что у него нет альтернативного способа открыть дверь, кроме как ждать, пока она доберется до домофона в подъезде. Его контроль — это маска, скрывающая страх того, что без его команды она не сможет войти в собственный дом.
[ForEachProcessor] override[0]: {
  '15': {
    content: '# Брат\n' +
      '- Возраст: 23\n' +
      '- Пол: мужской\n' +
      '- Семейная роль: старший брат\n' +
      '- Рост и телосложение: 185 см, жилистое телосложение, позволяющее легко доминировать в пространстве кухни\n' +
      '- Одежда на момент действия: свободная спортивная форма, удобная для стояния у окна или двери\n' +
      '- Профессия/статус: студент, ведущий себя как временный глава семьи\n' +
      '- Отношение к личным границам: воспринимает семейное пространство как свою территорию, где он устанавливает правила\n' +
      '- Инициирует конфликт, выставляя сестру на балкон в одном полотенце, требуя спуститься по пожарной лестнице, чтобы подчеркнуть свою власть и её зависимость от его решений.\n' +
      '\n' +
      '# Сестра\n' +
      '- Возраст: 21\n' +
      '- Пол: женский\n' +
      '- Семейная роль: младшая сестра\n' +
      '- Рост и телосложение: 165 см, хрупкое телосложение, усиливающее ощущение беспомощности на открытом воздухе\n' +
      '- Одежда на момент действия: одно маленькое полотенце, которое ветер уносит далеко во двор, оголяя её полностью\n' +
      '- Профессия/статус: студентка, вынужденная действовать в бытовом регистре\n' +
      '- Реакция на холод/ветер: физиологическая уязвимость, заставляющая её дрожать и инстинктивно сжиматься, усиливая чувство позора\n' +
      '- Отношение к личным границам: изначально считает дом своим безопасным пространством, но сталкивается с потерей автономии, когда её приватность становится публичным достоянием через домофон\n' +
      '- Оказывается в ситуации, где её телесность становится инструментом проверки, а её попытки вернуться в дом сталкиваются с механическим барьером (код домофона), символизирующим её зависимость от воли старшего брата.',
    summary: null,
    word_count: 0,
    char_count: 0,
    byte_count: 0,
    status: 'GENERATED'
  },
  '16': {
    content: '# Брат\n' +
      '\n' +
      '## Анкета\n' +
      '- Возраст: 23\n' +
      '- Пол: мужской\n' +
      '- Семейная роль: старший брат\n' +
      '- Рост и телосложение: 185 см, жилистое телосложение, высокая осанка, плечи расправлены, руки вытянуты вперед, готовность к немедленному действию\n' +
      '- Одежда на момент действия: серая спортивная форма (двубортка, штаны), босиком или в носках, что подчеркивает интимность момента и отсутствие «парадной» одежды\n' +
      '- Профессия/статус: студент-техник, ведущий себя как временный глава семьи, администратор бытового пространства\n' +
      '- Специфические навыки/привычки: привычка контролировать все процессы, даже самые мелкие; склонность преуменьшать значимость происходящего, называя сложную ситуацию «бытовой логистикой»\n' +
      '- Отношение к личным границам: воспринимает семейное пространство как свою территорию, где он устанавливает правила; считает, что интимность не является препятствием для взаимодействия, если это продиктовано «логикой»\n' +
      '- Отличительная черта: привычка держать одну руку за спинку стула или дверную косяк, создавая визуальный барьер между собой и объектом наблюдения\n' +
      '\n' +
      '## Профиль\n' +
      '\n' +
      '**Хочет**: Завершить цикл проверки, подтвердив, что сестра способна следовать инструкции до конца и вернуться в исходное состояние («приказ выполнен»). Он хочет увидеть, как она пройдет весь путь: спуск, обход, подъем к подъезду, обращение с домофоном. Для него это не наказание, а процедура фиксации статуса: она должна доказать, что готова подчиниться механике дома, которую он контролирует. Его желание — получить визуальное и вербальное подтверждение того, что система работает, а объект подконтролен.\n' +
      '\n' +
      '**Нужно**: Осознать, что его «административный» контроль над телом и пространством сестры создает новую, хрупкую форму зависимости, которую он сам же и генерирует. Ему нужно перестать воспринимать сестру как пассивный элемент интерьера и начать видеть в ней субъекта, который реагирует на его волю не механически, а физиологически и эмоционально. Ему нужно понять, что владея дверью и кодом, он владеет ее достоинством, и этот рычаг власти тяжелее, чем ему кажется.\n' +
      '\n' +
      'Между «хочет» и «нужно» существует резкое противоречие: чем успешнее он контролирует процесс (хочет), тем больше он обнажает свою зависимость от отклика сестры (нужно). Если она идеально выполняет команду, он чувствует пустоту, потому что она становится частью механизма. Если она сбивается, дрожит или задает уточняющие вопросы, он чувствует тревогу, потому что механизм начинает сопротивляться. Его внешнее спокойствие и сухость команд (хочет) маскируют внутреннюю потребность в признании своей роли не как тирана, а как партнера в несправедливых правилах (нужно). Достижение внешнего порядка не дает ему внутреннего покоя, так как он не может разрешить конфликт, не отказавшись от позиции «диспетчера».\n' +
      '\n' +
      '**Недостаток**: Склонность к инструментализации чувств и отношений. Он путает бытовую целесообразность с человеческой близостью. Его моральная ошибка заключается в вере в то, что если действие логично (нужно спуститься по пожарной лестнице, потому что дверь заперта), то оно и эмоционально нейтрально. Он не учитывает человеческий фактор: стыд, холод, уязвимость. Для него тело сестры — это объект, который нужно транспортировать из точки А в точку Б, а не живой человек, для которого эта транспортировка становится испытанием на выживание. Это мешает ему увидеть, что его «логика» разрушает доверие, которое ему нужно для сохранения отношений.\n' +
      '\n' +
      '**Голос**:\n' +
      'Голос выдержан в сухом, командно-административном регистре, имитирующем речь диспетчера или строгого проверяющего. Ритм речи отрывистый, синтаксис построен на кратких императивах, лишённых интонационной теплоты и эмоциональных модуляций. Отличительный приём — механическое диктование действий и переспрашивание, направленное не на уточнение сути, а на фиксацию подчинения и контроль над процессом. Голос звучит сухо, как будто он диктует стенографистке, а не сестре. Под давлением (например, когда домофон заедает) его интонация становится еще более монотонной, словно он пытается успокоить систему, которая выходит из строя. Он использует терминологию технических регламентов и бытовой логистики: «фиксация положения», «зафиксировать», «узел доступа», «механизм засова», «параграф правил». Он избегает местоимений, предпочитая сухие предписания без эмоциональной окраски: «Повторить код», «Нажать кнопку», «Сделать шаг назад», «Обеспечить визуальный контакт». Формулы подтверждения статуса и последовательности: «Приказ выполнен», «Точка контроля пройдена», «Дальнейшие действия согласно инструкции», «Статус объекта подтверждён». В моменты, когда сестра задает личный вопрос («Холодно»), он переводит ответ в плоскость физики: «Температура допустима. Продолжайте».\n' +
      '\n' +
      '**Секрет**: Он не запер дверь балкона случайно или чтобы «наказать» ее. Секрет заключается в том, что он сам забыл ключ от двери между комнатой и балконом, оставив его в кармане спортивной формы, которая висит вешалке в прихожей. Когда он увидел, как она осталась на балконе, он испугался, что она попытается открыть дверь и обнаружит отсутствие ключа (что подтвердило бы его неловкость). Поэтому он задал тон «проверки», превратив свою забывчивость в методическое испытание. Он скрывает от сестры (и от себя), что у него нет альтернативного способа открыть дверь, кроме как ждать, пока она доберется до домофона в подъезде. Его контроль — это маска, скрывающая страх того, что без его команды она не сможет войти в собственный дом.',
    summary: null,
    word_count: 0,
    char_count: 0,
    byte_count: 0,
    status: 'GENERATED'
  },
  '17': {
    content: '{"iterations":[{"input":"# Брат\\n\\n## Анкета\\n- Возраст: 23\\n- Пол: мужской\\n- Семейная роль: старший брат\\n- Рост и телосложение: 185 см, жилистое телосложение, высокая осанка, плечи расправлены, руки вытянуты вперед, готовность к немедленному действию\\n- Одежда на момент действия: серая спортивная форма (двубортка, штаны), босиком или в носках, что подчеркивает интимность момента и отсутствие «парадной» одежды\\n- Профессия/статус: студент-техник, ведущий себя как временный глава семьи, администратор бытового пространства\\n- Специфические навыки/привычки: привычка контролировать все процессы, даже самые мелкие; склонность преуменьшать значимость происходящего, называя сложную ситуацию «бытовой логистикой»\\n- Отношение к личным границам: воспринимает семейное пространство как свою территорию, где он устанавливает правила; считает, что интимность не является препятствием для взаимодействия, если это продиктовано «логикой»\\n- Отличительная черта: привычка держать одну руку за спинку стула или дверную косяк, создавая визуальный барьер между собой и объектом наблюдения\\n\\n## Профиль\\n\\n**Хочет**: Завершить цикл проверки, подтвердив, что сестра способна следовать инструкции до конца и вернуться в исходное состояние («приказ выполнен»). Он хочет увидеть, как она пройдет весь путь: спуск, обход, подъем к подъезду, обращение с домофоном. Для него это не наказание, а процедура фиксации статуса: она должна доказать, что готова подчиниться механике дома, которую он контролирует. Его желание — получить визуальное и вербальное подтверждение того, что система работает, а объект подконтролен.\\n\\n**Нужно**: Осознать, что его «административный» контроль над телом и пространством сестры создает новую, хрупкую форму зависимости, которую он сам же и генерирует. Ему нужно перестать воспринимать сестру как пассивный элемент интерьера и начать видеть в ней субъекта, который реагирует на его волю не механически, а физиологически и эмоционально. Ему нужно понять, что владея дверью и кодом, он владеет ее достоинством, и этот рычаг власти тяжелее, чем ему кажется.\\n\\nМежду «хочет» и «нужно» существует резкое противоречие: чем успешнее он контролирует процесс (хочет), тем больше он обнажает свою зависимость от отклика сестры (нужно). Если она идеально выполняет команду, он чувствует пустоту, потому что она становится частью механизма. Если она сбивается, дрожит или задает уточняющие вопросы, он чувствует тревогу, потому что механизм начинает сопротивляться. Его внешнее спокойствие и сухость команд (хочет) маскируют внутреннюю потребность в признании своей роли не как тирана, а как партнера в несправедливых правилах (нужно). Достижение внешнего порядка не дает ему внутреннего покоя, так как он не может разрешить конфликт, не отказавшись от позиции «диспетчера».\\n\\n**Недостаток**: Склонность к инструментализации чувств и отношений. Он путает бытовую целесообразность с человеческой близостью. Его моральная ошибка заключается в вере в то, что если действие логично (нужно спуститься по пожарной лестнице, потому что дверь заперта), то оно и эмоционально нейтрально. Он не учитывает человеческий фактор: стыд, холод, уязвимость. Для него тело сестры — это объект, который нужно транспортировать из точки А в точку Б, а не живой человек, для которого эта транспортировка становится испытанием на выживание. Это мешает ему увидеть, что его «логика» разрушает доверие, которое ему нужно для сохранения отношений.\\n\\n**Голос**:\\nГолос выдержан в сухом, командно-административном регистре, имитирующем речь диспетчера или строгого проверяющего. Ритм речи отрывистый, синтаксис построен на кратких императивах, лишённых интонационной теплоты и эмоциональных модуляций. Отличительный приём — механическое диктование действий и переспрашивание, направленное не на уточнение сути, а на фиксацию подчинения и контроль над процессом. Голос звучит сухо, как будто он диктует стенографистке, а не сестре. Под давлением (например, когда домофон заедает) его интонация становится еще более монотонной, словно он пытается успокоить систему, которая выходит из строя. Он использует терминологию технических регламентов и бытовой логистики: «фиксация положения», «зафиксировать», «узел доступа», «механизм засова», «параграф правил». Он избегает местоимений, предпочитая сухие предписания без эмоциональной окраски: «Повторить код», «Нажать кнопку», «Сделать шаг назад», «Обеспечить визуальный контакт». Формулы подтверждения статуса и последовательности: «Приказ выполнен», «Точка контроля пройдена», «Дальнейшие действия согласно инструкции», «Статус объекта подтверждён». В моменты, когда сестра задает личный вопрос («Холодно»), он переводит ответ в плоскость физики: «Температура допустима. Продолжайте».\\n\\n**Секрет**: Он не запер дверь балкона случайно или чтобы «наказать» ее. Секрет заключается в том, что он сам забыл ключ от двери между комнатой и балконом, оставив его в кармане спортивной формы, которая висит вешалке в прихожей. Когда он увидел, как она осталась на балконе, он испугался, что она попытается открыть дверь и обнаружит отсутствие ключа (что подтвердило бы его неловкость). Поэтому он задал тон «проверки», превратив свою забывчивость в методическое испытание. Он скрывает от сестры (и от себя), что у него нет альтернативного способа открыть дверь, кроме как ждать, пока она доберется до домофона в подъезде. Его контроль — это маска, скрывающая страх того, что без его команды она не сможет войти в собственный дом.","findProblemsResult":{"foundProblems":[{"severity":75,"description":"Противоречие с исходным описанием в анquete. В исходном тексте (`## Персонаж (вход исходный)`) одежда описана просто как «свободная спортивная форма». В профиле (`## Анкета`) добавлено: «серая спортивная форма (двубортка, штаны)». Слово «двубортка» (twice-bar) обычно относится к пиджакам или пальто, а не к стандартной спортивной форме (футболка/шорты или худи/джоггеры). Это неточное, выдуманное конкретизация, не согласующаяся с исходником.","fixProposal":"Исправить описание одежды в анкете на: «Свободная спортивная форма (штаны, верхняя часть)» или просто «Свободная спортивная форма», исключив термин «двубортка», если это не пиджак."},{"severity":70,"description":"Использование иностранных терминов/англицизмов в описании голоса и стиля. В разделе «Голос» используются слова «императива» (латинизм/термин) и «стенографистке». Само по себе это допустимо, но фраза «имитирующем речь диспетчера» и использование «бытовой логистики» близко к канцеляризму, что может противоречить стилю (стиль запрещает канцеляриты, если это не сатира). Однако основная проблема — в списке «предпочитая сухие предписания...» перечислены фразы «Повторить код», «Нажать кнопку» и т.д. Это готовые реплики-команды. Стиль требует избегать готовых реплик, если они не короткие лексические примеры. Фразы «Приказ выполнен» и «Статус объекта подтверждён» — это полноценные предложения/фразы, которые могут слово-в-слово попасть в текст.","fixProposal":"Убрать длинные готовые фразы из описания голоса или указать их как примеры паттерна, а не обязательные реплики. Лучше описать стиль речи (короткие, сухие, безличные команды), не приводя длинные цитаты. Оставить только короткие слова/обороты: «фиксация», «допуск», «статус»."},{"severity":65,"description":"Нарушение стиля: в описании «Голос» упоминается «терминология технических регламентов... „узел доступа“, „механизм засова“». В стиле сказано: «Запрещено использование канцеляризмов... если они не используются как инструмент сатиры». Здесь это используется как характеристика голоса, что корректно, но в анкете «Специфические навыки/привычки» написано: «называя сложную ситуацию „бытовой логистикой“». Термин «логистика» в бытовом контексте 2020-х годов — это англицизм/термин, который звучит неестественно для студента-брата, если он не специфический типаж. Однако, учитывая стиль (сатира на административный регистр), это допустимо. Но есть более заметная проблема: в стиле запрещено использование психологических терминов в тексте (в мыслях героини), но в профиле брата используется «инструментализация чувств», «моральная ошибка». Это описания для автора, так что допустимо.","fixProposal":"Проверить, что при генерации диалога брата не используются слишком сложные технические термины («узел доступа»), если это не специфическая деталь. Возможно, заменить на более бытовые слова: «замок», «засов», «код». «Логистика» можно оставить как стилистический прием."},{"severity":80,"description":"Незаполненное/слабо заполненное обязательное поле анкеты: «Специфические навыки/привычки» указано как «при значимости», но в данном контексте оно важно (управление домофоном, знание кода). В исходнике его не было явно, но в профиле добавлено. Однако есть проблема с полем «Отношение к личным границам»: оно заполнено. «Рост и телосложение» заполнено. «Одежда» заполнена. «Профессия» заполнена. «Возраст/Пол/Семейная роль» заполнены. Все обязательные поля заполнены. Но: в стиле сказано «Избегать психологических терминов». В профиле: «Ему нужно перестать воспринимать сестру как пассивный элемент интерьера...». Это описательная часть, не реплика. Значит, проблема не в заполненности полей, а в формулировках.","fixProposal":"Проверка обязательных полей пройдена успешно (все заполнены). Severity снижено до 50 (предупреждение о стилистических терминах в описании мотивации, что допустимо для профиля, но не для текста)."},{"severity":90,"description":"Плоскость: проблема с внутренним конфликтом. В секции «Хочет» и «Нужно» описан конфликт. «Хочет»: получить подтверждение, что система работает. «Нужно»: осознать, что он создает зависимость. Конфликт присутствует. Однако в стиле сказано: «Плоскость: нет внутреннего конфликта между „хочет“ и „нужно“. Это проблема только для персонажей с траекторией.» Брат — персонаж с траекторией (он меняется/развивается в моменте). Его конфликт описан четко: хочет контроля/статуса, а нужно принять уязвимость/связанность. Это соответствует требованиям. Проблема не в плоскости.","fixProposal":"Конфликт опи'... 9059 more characters,
    summary: null,
    word_count: 0,
    char_count: 0,
    byte_count: 0,
    status: 'GENERATED'
  },
  '18': {
    content: '# Брат\n' +
      '\n' +
      '## Анкета\n' +
      '- Возраст: 23\n' +
      '- Пол: мужской\n' +
      '- Семейная роль: старший брат\n' +
      '- Рост и телосложение: 185 см, жилистое телосложение\n' +
      '- Одежда на момент действия: свободная серая спортивная форма (штаны, верхняя часть), босиком или в носках\n' +
      '- Профессия/статус: студент (техническое мышление, склонность к регламентам), ведущий себя как временный глава семьи, администратор бытового пространства\n' +
      '- Специфические навыки/привычки: привычка контролировать все процессы, даже самые мелкие; склонность преуменьшать значимость происходящего, называя сложную ситуацию «бытовой логистикой»\n' +
      '- Отношение к личным границам: воспринимает семейное пространство как свою территорию, где он устанавливает правила; считает, что интимность не является препятствием для взаимодействия, если это продиктовано «логикой»\n' +
      '- Отличительная черта: привычка держать одну руку за спинку стула или дверную косяк, создавая визуальный барьер между собой и объектом наблюдения\n' +
      '\n' +
      '## Профиль\n' +
      '\n' +
      '**Хочет**: Завершить цикл проверки, подтвердив, что сестра способна следовать инструкции до конца и вернуться в исходное состояние («приказ выполнен»). Он хочет увидеть, как она пройдет весь путь: спуск, обход, подъем к подъезду, обращение с домофоном. Для него это не наказание, а процедура фиксации статуса: она должна доказать, что готова подчиниться механике дома, которую он контролирует. Его желание — получить визуальное и вербальное подтверждение того, что система работает, а объект подконтролен.\n' +
      '\n' +
      '**Нужно**: Осознать, что его «административный» контроль над телом и пространством сестры создает новую, хрупкую форму зависимости, которую он сам же и генерирует. Ему нужно перестать воспринимать сестру как пассивный элемент интерьера и начать видеть в ней субъекта, который реагирует на его волю не механически, а физиологически и эмоционально. Ему нужно понять, что владея дверью и кодом, он владеет ее достоинством, и этот рычаг власти тяжелее, чем ему кажется.\n' +
      '\n' +
      'Между «хочет» и «нужно» существует резкое противоречие: чем успешнее он контролирует процесс (хочет), тем больше он обнажает свою зависимость от отклика сестры (нужно). Если она идеально выполняет команду, он чувствует пустоту, потому что она становится частью механизма. Если она сбивается, дрожит или задает уточняющие вопросы, он чувствует тревогу, потому что механизм начинает сопротивляться. Его внешнее спокойствие и сухость команд (хочет) маскируют внутреннюю потребность в признании своей роли не как тирана, а как партнера в несправедливых правилах (нужно). Достижение внешнего порядка не дает ему внутреннего покоя, так как он не может разрешить конфликт, не отказавшись от позиции «диспетчера».\n' +
      '\n' +
      '**Недостаток**: Склонность к инструментализации чувств и отношений. Он путает бытовую целесообразность с человеческой близостью. Его моральная ошибка заключается в вере в то, что если действие логично (нужно спуститься по пожарной лестнице, потому что дверь заперта), то оно и эмоционально нейтрально. Он не учитывает человеческий фактор: стыд, холод, уязвимость. Для него тело сестры — это объект, который нужно транспортировать из точки А в точку Б, а не живой человек, для которого эта транспортировка становится испытанием на выживание. Это мешает ему увидеть, что его «логика» разрушает доверие, которое ему нужно для сохранения отношений.\n' +
      '\n' +
      '**Голос**:\n' +
      'Голос выдержан в сухом, командно-административном регистре, имитирующем речь диспетчера или строгого проверяющего. Ритм речи отрывистый, синтаксис построен на кратких императивах, лишённых интонационной теплоты и эмоциональных модуляций. Отличительный приём — механическое диктование действий и переспрашивание, направленное не на уточнение сути, а на фиксацию подчинения и контроль над процессом. Голос звучит сухо, как будто он диктует стенографистке, а не сестре. Под давлением (например, когда домофон заедает) его интонация становится еще более монотонной, словно он пытается успокоить систему, которая выходит из строя. Он использует терминологию технических регламентов и бытовой логистики: «фиксация», «допуск», «статус». Он избегает местоимений, предпочитая сухие предписания без эмоциональной окраски: «Повторить код», «Нажать кнопку», «Сделать шаг назад», «Обеспечить визуальный контакт». В моменты, когда сестра задает личный вопрос («Холодно»), он переводит ответ в плоскость физики: «Температура в норме», «Дальше».\n' +
      '\n' +
      '**Секрет**: Он не запер дверь балкона случайно или чтобы «наказать» ее. Секрет заключается в том, что он сам забыл ключ от двери между комнатой и балконом, оставив его в кармане спортивной формы, которая висит на вешалке в прихожей. Когда он увидел, как она осталась на балконе, он испугался, что она попытается открыть дверь и обнаружит отсутствие ключа (что подтвердило бы его неловкость). Поэтому он задал тон «проверки», превратив свою забывчивость в методическое испытание. Он скрывает от сестры (и от себя), что у него нет альтернативного способа открыть дверь, кроме как ждать, пока она доберется до домофона в подъезде. Его контроль — это маска, скрывающая страх того, что без его команды она не сможет войти в собственный дом.',
    summary: null,
    word_count: 0,
    char_count: 0,
    byte_count: 0,
    status: 'GENERATED'
  }
}
[ForEachProcessor]   output content: # Брат

## Анкета
- Возраст: 23
- Пол: мужской
- Семейная роль: старший брат
- Рост и телосложение: 185 см, жилистое телосложение
- Одежда на момент действия: свободная серая спортивная форма (штаны, верхняя часть), босиком или в носках
- Профессия/статус: студент (техническое мышление, склонность к регламентам), ведущий себя как временный глава семьи, администратор бытового пространства
- Специфические навыки/привычки: привычка контролировать все процессы, даже самые мелкие; склонность преуменьшать значимость происходящего, называя сложную ситуацию «бытовой логистикой»
- Отношение к личным границам: воспринимает семейное пространство как свою территорию, где он устанавливает правила; считает, что интимность не является препятствием для взаимодействия, если это продиктовано «логикой»
- Отличительная черта: привычка держать одну руку за спинку стула или дверную косяк, создавая визуальный барьер между собой и объектом наблюдения

## Профиль

**Хочет**: Завершить цикл проверки, подтвердив, что сестра способна следовать инструкции до конца и вернуться в исходное состояние («приказ выполнен»). Он хочет увидеть, как она пройдет весь путь: спуск, обход, подъем к подъезду, обращение с домофоном. Для него это не наказание, а процедура фиксации статуса: она должна доказать, что готова подчиниться механике дома, которую он контролирует. Его желание — получить визуальное и вербальное подтверждение того, что система работает, а объект подконтролен.

**Нужно**: Осознать, что его «административный» контроль над телом и пространством сестры создает новую, хрупкую форму зависимости, которую он сам же и генерирует. Ему нужно перестать воспринимать сестру как пассивный элемент интерьера и начать видеть в ней субъекта, который реагирует на его волю не механически, а физиологически и эмоционально. Ему нужно понять, что владея дверью и кодом, он владеет ее достоинством, и этот рычаг власти тяжелее, чем ему кажется.

Между «хочет» и «нужно» существует резкое противоречие: чем успешнее он контролирует процесс (хочет), тем больше он обнажает свою зависимость от отклика сестры (нужно). Если она идеально выполняет команду, он чувствует пустоту, потому что она становится частью механизма. Если она сбивается, дрожит или задает уточняющие вопросы, он чувствует тревогу, потому что механизм начинает сопротивляться. Его внешнее спокойствие и сухость команд (хочет) маскируют внутреннюю потребность в признании своей роли не как тирана, а как партнера в несправедливых правилах (нужно). Достижение внешнего порядка не дает ему внутреннего покоя, так как он не может разрешить конфликт, не отказавшись от позиции «диспетчера».

**Недостаток**: Склонность к инструментализации чувств и отношений. Он путает бытовую целесообразность с человеческой близостью. Его моральная ошибка заключается в вере в то, что если действие логично (нужно спуститься по пожарной лестнице, потому что дверь заперта), то оно и эмоционально нейтрально. Он не учитывает человеческий фактор: стыд, холод, уязвимость. Для него тело сестры — это объект, который нужно транспортировать из точки А в точку Б, а не живой человек, для которого эта транспортировка становится испытанием на выживание. Это мешает ему увидеть, что его «логика» разрушает доверие, которое ему нужно для сохранения отношений.

**Голос**:
Голос выдержан в сухом, командно-административном регистре, имитирующем речь диспетчера или строгого проверяющего. Ритм речи отрывистый, синтаксис построен на кратких императивах, лишённых интонационной теплоты и эмоциональных модуляций. Отличительный приём — механическое диктование действий и переспрашивание, направленное не на уточнение сути, а на фиксацию подчинения и контроль над процессом. Голос звучит сухо, как будто он диктует стенографистке, а не сестре. Под давлением (например, когда домофон заедает) его интонация становится еще более монотонной, словно он пытается успокоить систему, которая выходит из строя. Он использует терминологию технических регламентов и бытовой логистики: «фиксация», «допуск», «статус». Он избегает местоимений, предпочитая сухие предписания без эмоциональной окраски: «Повторить код», «Нажать кнопку», «Сделать шаг назад», «Обеспечить визуальный контакт». В моменты, когда сестра задает личный вопрос («Холодно»), он переводит ответ в плоскость физики: «Температура в норме», «Дальше».

**Секрет**: Он не запер дверь балкона случайно или чтобы «наказать» ее. Секрет заключается в том, что он сам забыл ключ от двери между комнатой и балконом, оставив его в кармане спортивной формы, которая висит на вешалке в прихожей. Когда он увидел, как она осталась на балконе, он испугался, что она попытается открыть дверь и обнаружит отсутствие ключа (что подтвердило бы его неловкость). Поэтому он задал тон «проверки», превратив свою забывчивость в методическое испытание. Он скрывает от сестры (и от себя), что у него нет альтернативного способа открыть дверь, кроме как ждать, пока она доберется до домофона в подъезде. Его контроль — это маска, скрывающая страх того, что без его команды она не сможет войти в собственный дом.
Returning 'false...' as value of setting 'auto_generate_summary'
In patch there is a requirement to change status to GENERATED
Emit event plan.node: 19 (patched keys: content, summary, status)
Notifying downstream node 20 (text) of changes in node 19
Notifying downstream node 22 (text) of changes in node 19
Notifying downstream node 23 (text) of changes in node 19
Notifying downstream node 32 (text) of changes in node 19
Notifying downstream node 35 (text) of changes in node 19
Notifying downstream node 36 (text) of changes in node 19
[regenerateSubtreeNodesContents] willRegenerate=true (regenerateManual=false)
In patch there is a requirement to change status to GENERATING
PROGRESS 1957s План сцен
Emit event plan.node: 20 (patched keys: status)
Notifying downstream node 32 (text) of changes in node 20
Notifying downstream node 33 (text) of changes in node 20
[PlanNodeService] regenerate node.node_type_settings {"userPrompt":"## Возрастной рейтинг произведения\n\n18+.{{#if (or (eq \"18+\" \"18+\") (eq \"18+\" \"NC-21\"))}} Всем героям не менее 18 лет.{{/if}}\n\n## Синопсис\n```\n{{[Синопсис]}}\n```\n\n## Тема\n```\n{{[Тема]}}\n```\n\n## Сводка по персонажам\n```\n{{[Сводка по персонажам]}}\n```\n\n## Сеттинг\n```\n{{[Сеттинг]}}\n```\n\n## Мир\n```\n{{[Мир]}}\n```\n\n## Жанр и регистр\n```\n{{[Жанр и регистр]}}\n```\n\n## Что нужно сделать\n\nСоставь план сцен повести. Сцена — независимый драматический атом со своей Целью, Конфликтом и Катастрофой (по Свейну) и сменой эмоционального заряда (по МакКи). План согласуется с описанием мира — и с опорным каноном, и с заявленными в описании мира отличиями (AU, what-if, оригинальные правила).\n\n**Количество сцен выбираешь ты** — исходя из синопсиса и жанра. Число сцен определяется сюжетной нуждой; число технических чанков (chunksCount = 3) — отдельная величина, выражающая бюджет вывода прозы. Сцена занимает 1 чанк (компактная) или 2 чанка (расширенная, открытие + закрытие). Распределением занимается отдельный шаг ниже; здесь ты только намечаешь, сколько чанков потребуется под каждую сцену.\n\nДля каждой сцены укажи:\n- Короткий заголовок (~5–10 слов).\n- `chunk_count` ∈ {1, 2} — компактная сцена или расширенная.\n- Цель / Конфликт / Катастрофу прозой, естественным абзацем без меток.\n- Смену эмоционального заряда прозой (что в начале, что в конце сцены).\n\n## Жёсткие правила\n\n1. **Каждый `chunk_count` ∈ {1, 2}.** Длинных сцен в три и более чанка не бывает: если сцена «требует» столько — это знак, что она на самом деле две сцены, у каждой из которых своя G/C/D. Разбей такую сцену на две и дай каждой свою катастрофу.\n2. **Сумма `chunk_count` по всем сценам ≤ 3.** Если сумма меньше — короткие сцены потом будут запакованы по несколько в один чанк (это нормально).\n3. **Минимум сцен в плане — {{max 3 (ceil (divide 3 2))}}.** Это нижний предел: при ограничении `chunk_count ≤ 2` именно столько сцен нужно, чтобы покрыть 3 чанков.\n4. **Катастрофа сцены — это видимое СОБЫТИЕ.** Заверши сцену тем, что можно ПОКАЗАТЬ камерой: жест, реплика, разрыв, движение, появление или исчезновение объекта, изменение в окружении. Внутренние оттенки «почувствовала / охватило / пришло осознание / решила обдумать позже» оставь внутри сцены, а финал — это видимое событие. **Самопроверка катастроф:** прочти ВСЮ формулировку катастрофы каждой сцены (не только последнее предложение). Главный глагол катастрофы должен быть глаголом действия (нажать, взять, поднять, разорвать, открыть, выйти, поставить, выронить, бросить, толкнуть), а не глаголом состояния (почувствовать, понять, осознать, охватить, накатить, потрясти, прийти к, решить, осмыслить). Если катастрофа описана через «понимает / осознаёт / охватывает / приходит к / решает / осмысляет / накатывает» в любой части блока — переформулируй до видимого жеста, реплики или физического маркера, прежде чем отправить.\n5. **Последняя сцена замыкается одно-моментным физическим действием**, которое визуально символизирует выбор персонажа. Жест конкретный и необратимый в моменте (последствия могут раскрыться позже).\n6. **Разнообразие типов сцен.** План использует минимум 2 разных типа сцен из: внутренняя, диалоговая с одним собеседником, диалоговая с группой, чисто-событийная без диалога, развёрнутая ретроспективная сцена (полноценная сцена с локацией и репликами, а не упоминание). Чисто-внутренние сцены идут вразрядку — между двумя чисто-внутренними хотя бы одна сцена другого типа. **Самопроверка чередования:** перечисли тип каждой сцены. Если две подряд обе чисто-внутренние — добавь в одну из них диалог (даже с самим собой, по телефону, с записью) или внешнее событие (приход кого-то, звонок, изменение в окружении).\n7. **Все персонажи с полным профилем в Сводке по персонажам появляются на сцене хотя бы один раз** — через диалог, действие, физическое присутствие, **или через материальный объект-якорь**, физически фигурирующий в сцене (письмо, фото, голосовая запись, дневник). Заочное упоминание / воспоминание / воображение без материального объекта в кадре этому критерию не удовлетворяет.\n8. **Материальное возвращение.** Каждый ключевой кусок информации, открытый в сцене N (имя, факт, артефакт, признание), переотрабатывается хотя бы в одной сцене > N через материальное проявление: физический объект, второй документ, реплика третьего лица, внешнее событие. (Повторное размышление ведущего персонажа об этой же информации — это пересказ, не выплата.)\n9. **Дедлайн из сеттинга давит.** Если в Сеттинге установлено временное ограничение (приближающееся событие, рейс, встреча, закат) — посчитай в своём плане, в каких именно сценах оно проявляется (мысль о приближающемся, ускоренный темп действия, объективный маркер: расписание, темнеющее небо, звонок будильника, таяние/разрушение, индикатор завершения смены). Таких сцен должно быть ≥ 2. Если получилось меньше — добавь маркер времени во вторую подходящую сцену, прежде чем отправить вывод.\n10. **Выплаты распределены по плану.** Большинство выплат сетапов приходится на средние сцены; финал несёт катастрофическую выплату, а не сборник всех.\n11. **Полярность эмоциональных сдвигов чередуется.** Сдвиг каждой сцены идёт от входной полярности к выходной — например, «спокойствие → тревога», «надежда → потеря», «недоверие → принятие». Две подряд идущие сцены не повторяют один и тот же паттерн (две сцены «нейтральное → негативное» подряд тупят ритм). Чередуй: после сдвига в «−» следующая либо углубляется в «−», либо инвертирует в «+»; после «+» — наоборот. Финальная сцена несёт самый резкий сдвиг арки.\n\n**Самопроверка перед выводом.** Перечисли себе последовательность сдвигов всех сцен в виде «N: вход→выход» (например, «1: нейтр→−, 2: нейтр→−, 3: −→+»). Если две подряд имеют идентичный паттерн — переформулируй одну из них так, чтобы паттерн отличался. Не отправляй вывод, пока эта последовательность не пройдёт проверку.\n\n## Формат вывода\n\nПервой строкой — заголовок `## Сцена 1: <Заголовок>` (N — порядковый номер начиная с 1, заголовок одной фразой). После заголовка пустая строка, затем строго эти три буллета:\n\n- **chunk_count:** <1 или 2>\n- **Цель / Конфликт / Катастрофа:** <прозой, одним абзацем>\n- **Эмоциональный сдвиг:** <прозой, одним-двумя предложениями>\n\nЗатем пустая строка и следующий блок `## Сцена 2: …` — и так до последней сцены. Сразу после последнего буллета последней сцены — конец вывода.\n\nНа русском. **Без иноязычных вкраплений**: непереведённых иностранных слов в русской фразе, нерусифицированных имён без обоснования. Если требуется иностранное понятие — переводи или транслитерируй (кириллицей)."}
[PlanNodeService] regenerate settings {
  userPrompt: '## Возрастной рейтинг произведения\n' +
    '\n' +
    '18+.{{#if (or (eq "18+" "18+") (eq "18+" "NC-21"))}} Всем героям не менее 18 лет.{{/if}}\n' +
    '\n' +
    '## Синопсис\n' +
    '```\n' +
    '{{[Синопсис]}}\n' +
    '```\n' +
    '\n' +
    '## Тема\n' +
    '```\n' +
    '{{[Тема]}}\n' +
    '```\n' +
    '\n' +
    '## Сводка по персонажам\n' +
    '```\n' +
    '{{[Сводка по персонажам]}}\n' +
    '```\n' +
    '\n' +
    '## Сеттинг\n' +
    '```\n' +
    '{{[Сеттинг]}}\n' +
    '```\n' +
    '\n' +
    '## Мир\n' +
    '```\n' +
    '{{[Мир]}}\n' +
    '```\n' +
    '\n' +
    '## Жанр и регистр\n' +
    '```\n' +
    '{{[Жанр и регистр]}}\n' +
    '```\n' +
    '\n' +
    '## Что нужно сделать\n' +
    '\n' +
    'Составь план сцен повести. Сцена — независимый драматический атом со своей Целью, Конфликтом и Катастрофой (по Свейну) и сменой эмоционального заряда (по МакКи). План согласуется с описанием мира — и с опорным каноном, и с заявленными в описании мира отличиями (AU, what-if, оригинальные правила).\n' +
    '\n' +
    '**Количество сцен выбираешь ты** — исходя из синопсиса и жанра. Число сцен определяется сюжетной нуждой; число технических чанков (chunksCount = 3) — отдельная величина, выражающая бюджет вывода прозы. Сцена занимает 1 чанк (компактная) или 2 чанка (расширенная, открытие + закрытие). Распределением занимается отдельный шаг ниже; здесь ты только намечаешь, сколько чанков потребуется под каждую сцену.\n' +
    '\n' +
    'Для каждой сцены укажи:\n' +
    '- Короткий заголовок (~5–10 слов).\n' +
    '- `chunk_count` ∈ {1, 2} — компактная сцена или расширенная.\n' +
    '- Цель / Конфликт / Катастрофу прозой, естественным абзацем без меток.\n' +
    '- Смену эмоционального заряда прозой (что в начале, что в конце сцены).\n' +
    '\n' +
    '## Жёсткие правила\n' +
    '\n' +
    '1. **Каждый `chunk_count` ∈ {1, 2}.** Длинных сцен в три и более чанка не бывает: если сцена «требует» столько — это знак, что она на самом деле две сцены, у каждой из которых своя G/C/D. Разбей такую сцену на две и дай каждой свою катастрофу.\n' +
    '2. **Сумма `chunk_count` по всем сценам ≤ 3.** Если сумма меньше — короткие сцены потом будут запакованы по несколько в один чанк (это нормально).\n' +
    '3. **Минимум сцен в плане — {{max 3 (ceil (divide 3 2))}}.** Это нижний предел: при ограничении `chunk_count ≤ 2` именно столько сцен нужно, чтобы покрыть 3 чанков.\n' +
    '4. **Катастрофа сцены — это видимое СОБЫТИЕ.** Заверши сцену тем, что можно ПОКАЗАТЬ камерой: жест, реплика, разрыв, движение, появление или исчезновение объекта, изменение в окружении. Внутренние оттенки «почувствовала / охватило / пришло осознание / решила обдумать позже» оставь внутри сцены, а финал — это видимое событие. **Самопроверка катастроф:** прочти ВСЮ формулировку катастрофы каждой сцены (не только последнее предложение). Главный глагол катастрофы должен быть глаголом действия (нажать, взять, поднять, разорвать, открыть, выйти, поставить, выронить, бросить, толкнуть), а не глаголом состояния (почувствовать, понять, осознать, охватить, накатить, потрясти, прийти к, решить, осмыслить). Если катастрофа описана через «понимает / осознаёт / охватывает / приходит к / решает / осмысляет / накатывает» в любой части блока — переформулируй до видимого жеста, реплики или физического маркера, прежде чем отправить.\n' +
    '5. **Последняя сцена замыкается одно-моментным физическим действием**, которое визуально символизирует выбор персонажа. Жест конкретный и необратимый в моменте (последствия могут раскрыться позже).\n' +
    '6. **Разнообразие типов сцен.** План использует минимум 2 разных типа сцен из: внутренняя, диалоговая с одним собеседником, диалоговая с группой, чисто-событийная без диалога, развёрнутая ретроспективная сцена (полноценная сцена с локацией и репликами, а не упоминание). Чисто-внутренние сцены идут вразрядку — между двумя чисто-внутренними хотя бы одна сцена другого типа. **Самопроверка чередования:** перечисли тип каждой сцены. Если две подряд обе чисто-внутренние — добавь в одну из них диалог (даже с самим собой, по телефону, с записью) или внешнее событие (приход кого-то, звонок, изменение в окружении).\n' +
    '7. **Все персонажи с полным профилем в Сводке по персонажам появляются на сцене хотя бы один раз** — через диалог, действие, физическое присутствие, **или через материальный объект-якорь**, физически фигурирующий в сцене (письмо, фото, голосовая запись, дневник). Заочное упоминание / воспоминание / воображение без материального объекта в кадре этому критерию не удовлетворяет.\n' +
    '8. **Материальное возвращение.** Каждый ключевой кусок информации, открытый в сцене N (имя, факт, артефакт, признание), переотрабатывается хотя бы в одной сцене > N через материальное проявление: физический объект, второй документ, реплика третьего лица, внешнее событие. (Повторное размышление ведущего персонажа об этой же информации — это пересказ, не выплата.)\n' +
    '9. **Дедлайн из сеттинга давит.** Если в Сеттинге установлено временное ограничение (приближающееся событие, рейс, встреча, закат) — посчитай в своём плане, в каких именно сценах оно проявляется (мысль о приближающемся, ускоренный темп действия, объективный маркер: расписание, темнеющее небо, звонок будильника, таяние/разрушение, индикатор завершения смены). Таких сцен должно быть ≥ 2. Если получилось меньше — добавь маркер времени во вторую подходящую сцену, прежде чем отправить вывод.\n' +
    '10. **Выплаты распределены по плану.** Большинство выплат сетапов приходится на средние сцены; финал несёт катастрофическую выплату, а не сборник всех.\n' +
    '11. **Полярность эмоциональных сдвигов чередуется.** Сдвиг каждой сцены идёт от входной полярности к выходной — например, «спокойствие → тревога», «надежда → потеря», «недоверие → принятие». Две подряд идущие сцены не повторяют один и тот же паттерн (две сцены «нейтральное → негативное» подряд тупят ритм). Чередуй: после сдвига в «−» следующая либо углубляется в «−», либо инвертирует в «+»; после «+» — наоборот. Финальная сцена несёт самый резкий сдвиг арки.\n' +
    '\n' +
    '**Самопроверка перед выводом.** Перечисли себе последовательность сдвигов всех сцен в виде «N: вход→выход» (например, «1: нейтр→−, 2: нейтр→−, 3: −→+»). Если две подряд имеют идентичный паттерн — переформулируй одну из них так, чтобы паттерн отличался. Не отправляй вывод, пока эта последовательность не пройдёт проверку.\n' +
    '\n' +
    '## Формат вывода\n' +
    '\n' +
    'Первой строкой — заголовок `## Сцена 1: <Заголовок>` (N — порядковый номер начиная с 1, заголовок одной фразой). После заголовка пустая строка, затем строго эти три буллета:\n' +
    '\n' +
    '- **chunk_count:** <1 или 2>\n' +
    '- **Цель / Конфликт / Катастрофа:** <прозой, одним абзацем>\n' +
    '- **Эмоциональный сдвиг:** <прозой, одним-двумя предложениями>\n' +
    '\n' +
    'Затем пустая строка и следующий блок `## Сцена 2: …` — и так до последней сцены. Сразу после последнего буллета последней сцены — конец вывода.\n' +
    '\n' +
    'На русском. **Без иноязычных вкраплений**: непереведённых иностранных слов в русской фразе, нерусифицированных имён без обоснования. Если требуется иностранное понятие — переводи или транслитерируй (кириллицей).'
}
[TextProcessor] regenerating node 20 (title: План сцен)
Returning '"ollama"...' as value of setting 'current_backend'
Returning '"ollama"...' as value of setting 'current_backend'
Returning '{"ollama":{"bas...' as value of setting 'ai_config'
Returning '{"ollama":{"bas...' as value of setting 'ai_config'
Emit emitOnGenerationEvent
[TextProcessor] generated content length: 2772
Returning 'false...' as value of setting 'auto_generate_summary'
In patch there is a requirement to change status to GENERATED
Emit event plan.node: 20 (patched keys: content, summary, status)
Notifying downstream node 32 (text) of changes in node 20
Notifying downstream node 33 (text) of changes in node 20
[regenerateSubtreeNodesContents] node 25 not ready, missing sources: 24
[regenerateSubtreeNodesContents] node 27 not ready, missing sources: 26,22,23
[regenerateSubtreeNodesContents] node 23 not ready, missing sources: 21
[regenerateSubtreeNodesContents] node 24 not ready, missing sources: 21,22,23
[regenerateSubtreeNodesContents] node 22 not ready, missing sources: 21
[regenerateSubtreeNodesContents] willRegenerate=true (regenerateManual=false)
In patch there is a requirement to change status to GENERATING
PROGRESS 2031s Ревью плана сцен: структура
Emit event plan.node: 21 (patched keys: status)
Notifying downstream node 22 (text) of changes in node 21
Notifying downstream node 23 (text) of changes in node 21
[PlanNodeService] regenerate node.node_type_settings {"maxIterations":1,"minSeverityToFix":80,"foundProblemsTemplate":"Найденные проблемы","aiUserInstructionsToFindProblems":"## Возрастной рейтинг произведения\n\n18+.{{#if (or (eq \"18+\" \"18+\") (eq \"18+\" \"NC-21\"))}} Всем героям не менее 18 лет.{{/if}}\n\n## План сцен (проверить)\n```\n{{[План сцен]}}\n```\n\n## Что искать\n\nЭто структурная проверка: формат и инварианты, без вопросов содержания. Проблемы качества (сетапы, дуги, голоса, дедлайн) полируются дальше в «Ревью плана сцен: качество», здесь их не находим.\n\n- **в плане меньше {{max 3 (ceil (divide 3 2))}} сцен** — нижняя граница (при `chunk_count ≤ 2` нужно ровно столько сцен, чтобы покрыть 3 чанков). Severity 95;\n- **формат сцены нарушен**: первая строка блока не `## Сцена N: <Заголовок>` (N — целое число начиная с 1, идущее по порядку без пропусков), либо отсутствует один из обязательных буллетов (`chunk_count`, `Цель / Конфликт / Катастрофа`, `Эмоциональный сдвиг`). Severity 90;\n- **сцена в плане без поля `chunk_count`** или с нечисловым/нулевым значением — Severity 95;\n- **`chunk_count` сцены больше 2** — сцены длиннее двух чанков не допускаются (если сцена «требует» столько, это два независимых драматических атома, каждый со своей G/C/D). Severity 90;\n- **сумма `chunk_count` по всем сценам превышает 3** — это математический инвариант, прозе не хватит места. Severity 95.\n\nКаждой проблеме укажи severity 0–100.","aiUserInstructionsToFixProblems":"## Возрастной рейтинг произведения\n\n18+.{{#if (or (eq \"18+\" \"18+\") (eq \"18+\" \"NC-21\"))}} Всем героям не менее 18 лет.{{/if}}\n\n## План сцен\n```\n{{[План сцен]}}\n```\n\n## Найденные проблемы\n```\n{{[Найденные проблемы]}}\n```\n\n## Что нужно сделать\n\nПерепиши план сцен, исправив только структурные проблемы из списка. Содержание сцен не трогай — оно полируется отдельно. Формат: каждая сцена — блок `## Сцена N: <Заголовок>` с тремя обязательными буллетами (`chunk_count`, `Цель / Конфликт / Катастрофа`, `Эмоциональный сдвиг`). Сумма `chunk_count` по всем сценам — не больше 3. Минимум 3 сцены.\n\nВыводи только переписанный план, без вступительных и заключительных фраз.","sourceNodeIdToFix":20}
[PlanNodeService] regenerate settings {
  maxIterations: 1,
  minSeverityToFix: 80,
  foundProblemsTemplate: 'Найденные проблемы',
  aiUserInstructionsToFindProblems: '## Возрастной рейтинг произведения\n' +
    '\n' +
    '18+.{{#if (or (eq "18+" "18+") (eq "18+" "NC-21"))}} Всем героям не менее 18 лет.{{/if}}\n' +
    '\n' +
    '## План сцен (проверить)\n' +
    '```\n' +
    '{{[План сцен]}}\n' +
    '```\n' +
    '\n' +
    '## Что искать\n' +
    '\n' +
    'Это структурная проверка: формат и инварианты, без вопросов содержания. Проблемы качества (сетапы, дуги, голоса, дедлайн) полируются дальше в «Ревью плана сцен: качество», здесь их не находим.\n' +
    '\n' +
    '- **в плане меньше {{max 3 (ceil (divide 3 2))}} сцен** — нижняя граница (при `chunk_count ≤ 2` нужно ровно столько сцен, чтобы покрыть 3 чанков). Severity 95;\n' +
    '- **формат сцены нарушен**: первая строка блока не `## Сцена N: <Заголовок>` (N — целое число начиная с 1, идущее по порядку без пропусков), либо отсутствует один из обязательных буллетов (`chunk_count`, `Цель / Конфликт / Катастрофа`, `Эмоциональный сдвиг`). Severity 90;\n' +
    '- **сцена в плане без поля `chunk_count`** или с нечисловым/нулевым значением — Severity 95;\n' +
    '- **`chunk_count` сцены больше 2** — сцены длиннее двух чанков не допускаются (если сцена «требует» столько, это два независимых драматических атома, каждый со своей G/C/D). Severity 90;\n' +
    '- **сумма `chunk_count` по всем сценам превышает 3** — это математический инвариант, прозе не хватит места. Severity 95.\n' +
    '\n' +
    'Каждой проблеме укажи severity 0–100.',
  aiUserInstructionsToFixProblems: '## Возрастной рейтинг произведения\n' +
    '\n' +
    '18+.{{#if (or (eq "18+" "18+") (eq "18+" "NC-21"))}} Всем героям не менее 18 лет.{{/if}}\n' +
    '\n' +
    '## План сцен\n' +
    '```\n' +
    '{{[План сцен]}}\n' +
    '```\n' +
    '\n' +
    '## Найденные проблемы\n' +
    '```\n' +
    '{{[Найденные проблемы]}}\n' +
    '```\n' +
    '\n' +
    '## Что нужно сделать\n' +
    '\n' +
    'Перепиши план сцен, исправив только структурные проблемы из списка. Содержание сцен не трогай — оно полируется отдельно. Формат: каждая сцена — блок `## Сцена N: <Заголовок>` с тремя обязательными буллетами (`chunk_count`, `Цель / Конфликт / Катастрофа`, `Эмоциональный сдвиг`). Сумма `chunk_count` по всем сценам — не больше 3. Минимум 3 сцены.\n' +
    '\n' +
    'Выводи только переписанный план, без вступительных и заключительных фраз.',
  sourceNodeIdToFix: 20
}
[FixProblemsProcessor] regenerate node {
  id: 21,
  parent_id: null,
  title: 'Ревью плана сцен: структура',
  content: null,
  position: 16,
  created_at: '2026-08-25 14:51:55',
  type: 'fix-problems',
  x: 3805,
  y: 1095,
  summary: null,
  ai_sync_info: null,
  word_count: 0,
  char_count: 0,
  byte_count: 0,
  review_base_content: null,
  ai_improve_instruction: null,
  node_type_settings: '{"maxIterations":1,"minSeverityToFix":80,"foundProblemsTemplate":"Найденные проблемы","aiUserInstructionsToFindProblems":"## Возрастной рейтинг произведения\\n\\n18+.{{#if (or (eq \\"18+\\" \\"18+\\") (eq \\"18+\\" \\"NC-21\\"))}} Всем героям не менее 18 лет.{{/if}}\\n\\n## План сцен (проверить)\\n```\\n{{[План сцен]}}\\n```\\n\\n## Что искать\\n\\nЭто структурная проверка: формат и инварианты, без вопросов содержания. Проблемы качества (сетапы, дуги, голоса, дедлайн) полируются дальше в «Ревью плана сцен: качество», здесь их не находим.\\n\\n- **в плане меньше {{max 3 (ceil (divide 3 2))}} сцен** — нижняя граница (при `chunk_count ≤ 2` нужно ровно столько сцен, чтобы покрыть 3 чанков). Severity 95;\\n- **формат сцены нарушен**: первая строка блока не `## Сцена N: <Заголовок>` (N — целое число начиная с 1, идущее по порядку без пропусков), либо отсутствует один из обязательных буллетов (`chunk_count`, `Цель / Конфликт / Катастрофа`, `Эмоциональный сдвиг`). Severity 90;\\n- **сцена в плане без поля `chunk_count`** или с нечисловым/нулевым значением — Severity 95;\\n- **`chunk_count` сцены больше 2** — сцены длиннее двух чанков не допускаются (если сцена «требует» столько, это два независимых драматических атома, каждый со своей G/C/D). Severity 90;\\n- **сумма `chunk_count` по всем сценам превышает 3** — это математический инвариант, прозе не хватит места. Severity 95.\\n\\nКаждой проблеме укажи severity 0–100.","aiUserInstructionsToFixProblems":"## Возрастной рейтинг произведения\\n\\n18+.{{#if (or (eq \\"18+\\" \\"18+\\") (eq \\"18+\\" \\"NC-21\\"))}} Всем героям не менее 18 лет.{{/if}}\\n\\n## План сцен\\n```\\n{{[План сцен]}}\\n```\\n\\n## Найденные проблемы\\n```\\n{{[Найденные проблемы]}}\\n```\\n\\n## Что нужно сделать\\n\\nПерепиши план сцен, исправив только структурные проблемы из списка. Содержание сцен не трогай — оно полируется отдельно. Формат: каждая сцена — блок `## Сцена N: <Заголовок>` с тремя обязательными буллетами (`chunk_count`, `Цель / Конфликт / Катастрофа`, `Эмоциональный сдвиг`). Сумма `chunk_count` по всем сценам — не больше 3. Минимум 3 сцены.\\n\\nВыводи только переписанный план, без вступительных и заключительных фраз.","sourceNodeIdToFix":20}',
  status: 'GENERATING',
  ai_settings: null,
  in_review: 0,
  width: 200,
  height: 80
}
[FixProblemsProcessor] regenerate settings {
  maxIterations: 1,
  minSeverityToFix: 80,
  foundProblemsTemplate: 'Найденные проблемы',
  aiUserInstructionsToFindProblems: '## Возрастной рейтинг произведения\n' +
    '\n' +
    '18+.{{#if (or (eq "18+" "18+") (eq "18+" "NC-21"))}} Всем героям не менее 18 лет.{{/if}}\n' +
    '\n' +
    '## План сцен (проверить)\n' +
    '```\n' +
    '{{[План сцен]}}\n' +
    '```\n' +
    '\n' +
    '## Что искать\n' +
    '\n' +
    'Это структурная проверка: формат и инварианты, без вопросов содержания. Проблемы качества (сетапы, дуги, голоса, дедлайн) полируются дальше в «Ревью плана сцен: качество», здесь их не находим.\n' +
    '\n' +
    '- **в плане меньше {{max 3 (ceil (divide 3 2))}} сцен** — нижняя граница (при `chunk_count ≤ 2` нужно ровно столько сцен, чтобы покрыть 3 чанков). Severity 95;\n' +
    '- **формат сцены нарушен**: первая строка блока не `## Сцена N: <Заголовок>` (N — целое число начиная с 1, идущее по порядку без пропусков), либо отсутствует один из обязательных буллетов (`chunk_count`, `Цель / Конфликт / Катастрофа`, `Эмоциональный сдвиг`). Severity 90;\n' +
    '- **сцена в плане без поля `chunk_count`** или с нечисловым/нулевым значением — Severity 95;\n' +
    '- **`chunk_count` сцены больше 2** — сцены длиннее двух чанков не допускаются (если сцена «требует» столько, это два независимых драматических атома, каждый со своей G/C/D). Severity 90;\n' +
    '- **сумма `chunk_count` по всем сценам превышает 3** — это математический инвариант, прозе не хватит места. Severity 95.\n' +
    '\n' +
    'Каждой проблеме укажи severity 0–100.',
  aiUserInstructionsToFixProblems: '## Возрастной рейтинг произведения\n' +
    '\n' +
    '18+.{{#if (or (eq "18+" "18+") (eq "18+" "NC-21"))}} Всем героям не менее 18 лет.{{/if}}\n' +
    '\n' +
    '## План сцен\n' +
    '```\n' +
    '{{[План сцен]}}\n' +
    '```\n' +
    '\n' +
    '## Найденные проблемы\n' +
    '```\n' +
    '{{[Найденные проблемы]}}\n' +
    '```\n' +
    '\n' +
    '## Что нужно сделать\n' +
    '\n' +
    'Перепиши план сцен, исправив только структурные проблемы из списка. Содержание сцен не трогай — оно полируется отдельно. Формат: каждая сцена — блок `## Сцена N: <Заголовок>` с тремя обязательными буллетами (`chunk_count`, `Цель / Конфликт / Катастрофа`, `Эмоциональный сдвиг`). Сумма `chunk_count` по всем сценам — не больше 3. Минимум 3 сцены.\n' +
    '\n' +
    'Выводи только переписанный план, без вступительных и заключительных фраз.',
  sourceNodeIdToFix: 20
}
Returning '"ollama"...' as value of setting 'current_backend'
Returning '"ollama"...' as value of setting 'current_backend'
Returning '{"ollama":{"bas...' as value of setting 'ai_config'
Returning '{"ollama":{"bas...' as value of setting 'ai_config'
Emit emitOnGenerationEvent
Returning 'false...' as value of setting 'auto_generate_summary'
In patch there is a requirement to change status to GENERATED
Emit event plan.node: 21 (patched keys: content, status, summary)
Notifying downstream node 22 (text) of changes in node 21
Notifying downstream node 23 (text) of changes in node 21
[regenerateSubtreeNodesContents] node 25 not ready, missing sources: 24
[regenerateSubtreeNodesContents] node 27 not ready, missing sources: 26,22,23
[regenerateSubtreeNodesContents] willRegenerate=true (regenerateManual=false)
In patch there is a requirement to change status to GENERATING
PROGRESS 2034s Партитура напряжения
Emit event plan.node: 23 (patched keys: status)
Notifying downstream node 32 (text) of changes in node 23
[PlanNodeService] regenerate node.node_type_settings {"userPrompt":"## Возрастной рейтинг произведения\n\n18+.{{#if (or (eq \"18+\" \"18+\") (eq \"18+\" \"NC-21\"))}} Всем героям не менее 18 лет.{{/if}}\n\n## План сцен (структурно проверенный)\n```\n{{[Ревью плана сцен: структура]}}\n```\n\n## Сводка по персонажам\n```\n{{[Сводка по персонажам]}}\n```\n\n## Тема\n```\n{{[Тема]}}\n```\n\n## Что нужно сделать\n\nРаспиши партитуру напряжения: по одной строке на каждую сцену плана. Партитура отвечает на вопрос, **с какой силой и через что** бьёт сцена — план отвечает только на вопрос, что в ней происходит.\n\nПлан уже прошёл структурную проверку, номера сцен `## Сцена N` из него и бери.\n\nНа каждую сцену:\n\n- **вес 1–5** — сила удара по герою. 1 — бытовая неловкость, 3 — ощутимая потеря, 5 — необратимый перелом;\n- **источник давления** — через что бьёт: чужой взгляд, время и дедлайн, близость свидетеля, необратимость сделанного, собственный выбор героя, привыкание к положению;\n- **сопротивление** — что герой предпринимает против давления и чем это кончается: удалось, удалось частично, провалилось, не пробовал;\n- **придержать** — что в этой сцене читателю знать ещё рано. Либо `нет`.\n\n## Жёсткие правила\n\n1. **Вес — не длина.** Длинная сцена может весить 1, короткая — 5. Если вес совпадает с `chunk_count` во всём плане, ты меряешь длину, а не силу; пересмотри.\n2. **Двух пятёрок подряд не бывает.** После веса 5 идёт сцена веса ≤ 3: читателю нужна площадка, иначе следующий удар не чувствуется.\n3. **После веса ≥ 4 следующая сцена ≤ 3.** То же правило мягче, для четвёрок.\n4. **Источник давления не повторяется дважды подряд.** Две сцены подряд через один источник читаются как одна сцена: удар опознаётся по новизне давления, а не по его силе.\n5. **Хотя бы одно настоящее «удалось».** Если сопротивление проваливается во всех сценах, надежды нет, а без надежды нет и напряжения — есть только протокол снижения.\n6. **Кривая идёт вверх с провалами, а не по прямой.** Финальная сцена несёт наибольший вес в плане; между началом и финалом есть хотя бы один спад на 2 и более.\n7. **Придержанное придерживается.** Если в сцене K что-то помечено «придержать», в сценах до K этого нет ни в одной строке партитуры.\n\n**Самопроверка перед выводом.** Выпиши себе последовательность весов через запятую и проверь по ней правила 2, 3 и 6. Затем выпиши последовательность источников давления и проверь правило 4. Не отправляй вывод, пока обе последовательности не пройдут.\n\nФормат: по строке на сцену, вида\n\n`Сцена N · вес W · источник: … · сопротивление: … → … · придержать: …`\n\nСтрок ровно столько, сколько сцен в плане. Каждая строка — одна строка текста, без переносов. После последней строки — конец вывода, без итогов и комментариев. Число слов в выводе не указывать. На русском."}
[PlanNodeService] regenerate settings {
  userPrompt: '## Возрастной рейтинг произведения\n' +
    '\n' +
    '18+.{{#if (or (eq "18+" "18+") (eq "18+" "NC-21"))}} Всем героям не менее 18 лет.{{/if}}\n' +
    '\n' +
    '## План сцен (структурно проверенный)\n' +
    '```\n' +
    '{{[Ревью плана сцен: структура]}}\n' +
    '```\n' +
    '\n' +
    '## Сводка по персонажам\n' +
    '```\n' +
    '{{[Сводка по персонажам]}}\n' +
    '```\n' +
    '\n' +
    '## Тема\n' +
    '```\n' +
    '{{[Тема]}}\n' +
    '```\n' +
    '\n' +
    '## Что нужно сделать\n' +
    '\n' +
    'Распиши партитуру напряжения: по одной строке на каждую сцену плана. Партитура отвечает на вопрос, **с какой силой и через что** бьёт сцена — план отвечает только на вопрос, что в ней происходит.\n' +
    '\n' +
    'План уже прошёл структурную проверку, номера сцен `## Сцена N` из него и бери.\n' +
    '\n' +
    'На каждую сцену:\n' +
    '\n' +
    '- **вес 1–5** — сила удара по герою. 1 — бытовая неловкость, 3 — ощутимая потеря, 5 — необратимый перелом;\n' +
    '- **источник давления** — через что бьёт: чужой взгляд, время и дедлайн, близость свидетеля, необратимость сделанного, собственный выбор героя, привыкание к положению;\n' +
    '- **сопротивление** — что герой предпринимает против давления и чем это кончается: удалось, удалось частично, провалилось, не пробовал;\n' +
    '- **придержать** — что в этой сцене читателю знать ещё рано. Либо `нет`.\n' +
    '\n' +
    '## Жёсткие правила\n' +
    '\n' +
    '1. **Вес — не длина.** Длинная сцена может весить 1, короткая — 5. Если вес совпадает с `chunk_count` во всём плане, ты меряешь длину, а не силу; пересмотри.\n' +
    '2. **Двух пятёрок подряд не бывает.** После веса 5 идёт сцена веса ≤ 3: читателю нужна площадка, иначе следующий удар не чувствуется.\n' +
    '3. **После веса ≥ 4 следующая сцена ≤ 3.** То же правило мягче, для четвёрок.\n' +
    '4. **Источник давления не повторяется дважды подряд.** Две сцены подряд через один источник читаются как одна сцена: удар опознаётся по новизне давления, а не по его силе.\n' +
    '5. **Хотя бы одно настоящее «удалось».** Если сопротивление проваливается во всех сценах, надежды нет, а без надежды нет и напряжения — есть только протокол снижения.\n' +
    '6. **Кривая идёт вверх с провалами, а не по прямой.** Финальная сцена несёт наибольший вес в плане; между началом и финалом есть хотя бы один спад на 2 и более.\n' +
    '7. **Придержанное придерживается.** Если в сцене K что-то помечено «придержать», в сценах до K этого нет ни в одной строке партитуры.\n' +
    '\n' +
    '**Самопроверка перед выводом.** Выпиши себе последовательность весов через запятую и проверь по ней правила 2, 3 и 6. Затем выпиши последовательность источников давления и проверь правило 4. Не отправляй вывод, пока обе последовательности не пройдут.\n' +
    '\n' +
    'Формат: по строке на сцену, вида\n' +
    '\n' +
    '`Сцена N · вес W · источник: … · сопротивление: … → … · придержать: …`\n' +
    '\n' +
    'Строк ровно столько, сколько сцен в плане. Каждая строка — одна строка текста, без переносов. После последней строки — конец вывода, без итогов и комментариев. Число слов в выводе не указывать. На русском.'
}
[TextProcessor] regenerating node 23 (title: Партитура напряжения)
Returning '"ollama"...' as value of setting 'current_backend'
Returning '"ollama"...' as value of setting 'current_backend'
Returning '{"ollama":{"bas...' as value of setting 'ai_config'
Returning '{"ollama":{"bas...' as value of setting 'ai_config'
Emit emitOnGenerationEvent
[TextProcessor] generated content length: 480
Returning 'false...' as value of setting 'auto_generate_summary'
In patch there is a requirement to change status to GENERATED
Emit event plan.node: 23 (patched keys: content, summary, status)
Notifying downstream node 32 (text) of changes in node 23
[regenerateSubtreeNodesContents] node 24 not ready, missing sources: 22
[regenerateSubtreeNodesContents] willRegenerate=true (regenerateManual=false)
In patch there is a requirement to change status to GENERATING
PROGRESS 2046s Реестр сетапов и пэйоффов
Emit event plan.node: 22 (patched keys: status)
Notifying downstream node 32 (text) of changes in node 22
Notifying downstream node 35 (text) of changes in node 22
[PlanNodeService] regenerate node.node_type_settings {"userPrompt":"## Возрастной рейтинг произведения\n\n18+.{{#if (or (eq \"18+\" \"18+\") (eq \"18+\" \"NC-21\"))}} Всем героям не менее 18 лет.{{/if}}\n\n## План сцен (структурно проверенный)\n```\n{{[Ревью плана сцен: структура]}}\n```\n\n## Сводка по персонажам\n```\n{{[Сводка по персонажам]}}\n```\n\n## Что нужно сделать\n\nСоставь таблицу всех сетапов и пэйоффов в сюжете. Для каждой пары укажи: в какой сцене заложен сетап, в какой выстреливает, что именно заложено и чем выстреливает. Сцены идентифицируются по номеру из заголовка `## Сцена N` плана выше.\n\nПлан сцен уже прошёл структурную проверку («Ревью плана сцен: структура»), формат сцен и `chunk_count` гарантированы.\n\nВключи три типа дуг:\n- сюжетные (предмет, информация, появление персонажа),\n- эмоциональные (внутренний сдвиг, признание, прощение),\n- тематические (повтор образа, эхо реплики, мотив).\n\n## Жёсткие правила\n\n1. **Каждая сцена, кроме первой, выплачивает хотя бы один сетап из предыдущих.** Сцена без выплат — либо план неполон, либо реестр недосчитал.\n2. **Сетап из сцены K выплачивается в пределах одной трети плана от K.** При плане в S сцен это сцены K+1 … K+⌈S/3⌉. Сетапы с более далёкими выплатами — это контекст, не сетапы, и в реестр не входят.\n3. **Большинство выплат — в средних сценах плана.** В финальной сцене допустима не более чем половина строк реестра — финал несёт катастрофическую выплату, остальное распределено по средним сценам.\n4. **Каждая пара setup→payoff — одна строка.** Если две строки описывают один и тот же сетап и один и тот же пэйофф разными словами, оставляешь одну.\n5. **Конкретность.** В графах «что заложено» и «чем выстреливает» — имена, объекты, реплики, конкретные действия (например, «фотография в столе — мать находит её и звонит дочери»). Общие формулировки типа «лояльность / отпускает груз», «нейтральная задача / выбирает право знать» — это пересказ темы; такие строки переписываются до конкретики или удаляются.\n\n6. **Конкретность распространяется и на эмоциональные/тематические дуги.** Эмоциональный сдвиг или мотив должен быть привязан к конкретному действию, объекту или реплике — не описывать только эмоцию. Плохо: «тревога / решимость», «спокойствие / привязанность». Хорошо: «видит знакомое имя в письме / кладёт письмо в чемодан и застёгивает молнию», «упоминание сохранённого чая / Маша вспоминает, как ИИ семь лет назад впервые перенаправил напоминание». Если у дуги нет материального якоря с обеих сторон — это пересказ темы, не реестровая строка; переформулируй до конкретики или удали.\n\n7. **Самопроверка дублей перед выводом.** Прежде чем отправить, найди уникальные сетапы (по короткому идентификатору: «письмо в ящике», «флешка в ящике», «эргон. напоминание»). Один сетап может вести к нескольким разным пэйоффам — это норма. Но если одна и та же пара (сетап → пэйофф) описана в нескольких строках разными словами или с минимальной переформулировкой — оставь одну. Не размножай. **Жёсткий тест**: если две строки можно свести к одному предложению «Х приводит к Y» с теми же существительными, они дубли — оставь одну, более конкретную. Также: если у одного сетапа в реестре больше **3 пэйоффов** разными словами, это переформулировки одного выстрела — оставь только 2 наиболее различных пэйоффа.\n\n8. **Самопроверка распределения выплат перед выводом.** Подсчитай: сколько строк ведут в финальную сцену (последний номер сцены в плане). Это число должно быть **≤ половины общего числа строк реестра**. Если больше — переадресуй часть выплат: для каждого сетапа найди промежуточный пэйофф между его сценой и финалом, либо удали дубли, ведущие в финал. Финал несёт катастрофическую выплату, не сборник всех. Не закрывай вывод, пока финальная доля не упадёт ниже 50%.\n\nФормат: список строк вида «сцена X → сцена Y: что заложено / чем выстреливает». Опционально в начале строки можно поставить тег типа дуги в квадратных скобках: `[сюжет]`, `[эмоция]`, `[мотив]` — это помогает дальнейшим узлам различать категории. 15–25 строк. На русском."}
[PlanNodeService] regenerate settings {
  userPrompt: '## Возрастной рейтинг произведения\n' +
    '\n' +
    '18+.{{#if (or (eq "18+" "18+") (eq "18+" "NC-21"))}} Всем героям не менее 18 лет.{{/if}}\n' +
    '\n' +
    '## План сцен (структурно проверенный)\n' +
    '```\n' +
    '{{[Ревью плана сцен: структура]}}\n' +
    '```\n' +
    '\n' +
    '## Сводка по персонажам\n' +
    '```\n' +
    '{{[Сводка по персонажам]}}\n' +
    '```\n' +
    '\n' +
    '## Что нужно сделать\n' +
    '\n' +
    'Составь таблицу всех сетапов и пэйоффов в сюжете. Для каждой пары укажи: в какой сцене заложен сетап, в какой выстреливает, что именно заложено и чем выстреливает. Сцены идентифицируются по номеру из заголовка `## Сцена N` плана выше.\n' +
    '\n' +
    'План сцен уже прошёл структурную проверку («Ревью плана сцен: структура»), формат сцен и `chunk_count` гарантированы.\n' +
    '\n' +
    'Включи три типа дуг:\n' +
    '- сюжетные (предмет, информация, появление персонажа),\n' +
    '- эмоциональные (внутренний сдвиг, признание, прощение),\n' +
    '- тематические (повтор образа, эхо реплики, мотив).\n' +
    '\n' +
    '## Жёсткие правила\n' +
    '\n' +
    '1. **Каждая сцена, кроме первой, выплачивает хотя бы один сетап из предыдущих.** Сцена без выплат — либо план неполон, либо реестр недосчитал.\n' +
    '2. **Сетап из сцены K выплачивается в пределах одной трети плана от K.** При плане в S сцен это сцены K+1 … K+⌈S/3⌉. Сетапы с более далёкими выплатами — это контекст, не сетапы, и в реестр не входят.\n' +
    '3. **Большинство выплат — в средних сценах плана.** В финальной сцене допустима не более чем половина строк реестра — финал несёт катастрофическую выплату, остальное распределено по средним сценам.\n' +
    '4. **Каждая пара setup→payoff — одна строка.** Если две строки описывают один и тот же сетап и один и тот же пэйофф разными словами, оставляешь одну.\n' +
    '5. **Конкретность.** В графах «что заложено» и «чем выстреливает» — имена, объекты, реплики, конкретные действия (например, «фотография в столе — мать находит её и звонит дочери»). Общие формулировки типа «лояльность / отпускает груз», «нейтральная задача / выбирает право знать» — это пересказ темы; такие строки переписываются до конкретики или удаляются.\n' +
    '\n' +
    '6. **Конкретность распространяется и на эмоциональные/тематические дуги.** Эмоциональный сдвиг или мотив должен быть привязан к конкретному действию, объекту или реплике — не описывать только эмоцию. Плохо: «тревога / решимость», «спокойствие / привязанность». Хорошо: «видит знакомое имя в письме / кладёт письмо в чемодан и застёгивает молнию», «упоминание сохранённого чая / Маша вспоминает, как ИИ семь лет назад впервые перенаправил напоминание». Если у дуги нет материального якоря с обеих сторон — это пересказ темы, не реестровая строка; переформулируй до конкретики или удали.\n' +
    '\n' +
    '7. **Самопроверка дублей перед выводом.** Прежде чем отправить, найди уникальные сетапы (по короткому идентификатору: «письмо в ящике», «флешка в ящике», «эргон. напоминание»). Один сетап может вести к нескольким разным пэйоффам — это норма. Но если одна и та же пара (сетап → пэйофф) описана в нескольких строках разными словами или с минимальной переформулировкой — оставь одну. Не размножай. **Жёсткий тест**: если две строки можно свести к одному предложению «Х приводит к Y» с теми же существительными, они дубли — оставь одну, более конкретную. Также: если у одного сетапа в реестре больше **3 пэйоффов** разными словами, это переформулировки одного выстрела — оставь только 2 наиболее различных пэйоффа.\n' +
    '\n' +
    '8. **Самопроверка распределения выплат перед выводом.** Подсчитай: сколько строк ведут в финальную сцену (последний номер сцены в плане). Это число должно быть **≤ половины общего числа строк реестра**. Если больше — переадресуй часть выплат: для каждого сетапа найди промежуточный пэйофф между его сценой и финалом, либо удали дубли, ведущие в финал. Финал несёт катастрофическую выплату, не сборник всех. Не закрывай вывод, пока финальная доля не упадёт ниже 50%.\n' +
    '\n' +
    'Формат: список строк вида «сцена X → сцена Y: что заложено / чем выстреливает». Опционально в начале строки можно поставить тег типа дуги в квадратных скобках: `[сюжет]`, `[эмоция]`, `[мотив]` — это помогает дальнейшим узлам различать категории. 15–25 строк. На русском.'
}
[TextProcessor] regenerating node 22 (title: Реестр сетапов и пэйоффов)
Returning '"ollama"...' as value of setting 'current_backend'
Returning '"ollama"...' as value of setting 'current_backend'
Returning '{"ollama":{"bas...' as value of setting 'ai_config'
Returning '{"ollama":{"bas...' as value of setting 'ai_config'
Emit emitOnGenerationEvent
[TextProcessor] generated content length: 10247
Returning 'false...' as value of setting 'auto_generate_summary'
In patch there is a requirement to change status to GENERATED
Emit event plan.node: 22 (patched keys: content, summary, status)
Notifying downstream node 32 (text) of changes in node 22
Notifying downstream node 35 (text) of changes in node 22
[regenerateSubtreeNodesContents] node 25 not ready, missing sources: 24
[regenerateSubtreeNodesContents] node 27 not ready, missing sources: 26
[regenerateSubtreeNodesContents] willRegenerate=true (regenerateManual=false)
In patch there is a requirement to change status to GENERATING
PROGRESS 2258s Ревью плана сцен: качество
Emit event plan.node: 24 (patched keys: status)
[PlanNodeService] regenerate node.node_type_settings {"maxIterations":1,"minSeverityToFix":40,"foundProblemsTemplate":"Найденные проблемы","aiUserInstructionsToFindProblems":"## Возрастной рейтинг произведения\n\n18+.{{#if (or (eq \"18+\" \"18+\") (eq \"18+\" \"NC-21\"))}} Всем героям не менее 18 лет.{{/if}}\n\n## Реестр сетапов и пэйоффов\n```\n{{[Реестр сетапов и пэйоффов]}}\n```\n## Партитура напряжения\n```\n{{[Партитура напряжения]}}\n```\n\n\n## Сводка по персонажам\n```\n{{[Сводка по персонажам]}}\n```\n\n## Сеттинг\n```\n{{[Сеттинг]}}\n```\n\n## План сцен (структурно проверенный — это вход для полировки)\n```\n{{[Ревью плана сцен: структура]}}\n```\n\n## Что искать\n\nПлан уже проверен структурно (формат сцен, `chunk_count`, минимум сцен — поймано в «Ревью плана сцен: структура» выше). Здесь ищем проблемы качества:\n- сетап без выстрела или выстрел без сетапа (заложено, но не возвращается; или появляется без подготовки);\n- дыры в мотивации (персонаж делает что-то без понятной причины);\n- провалы арки (внутренние сдвиги без причины или без последствий);\n- повтор сцен без развития;\n- **катастрофа сцены — состояние, а не событие**: концовка сцены вида «она почувствовала», «пришло осознание», «решила обдумать» — severity 70;\n- **последняя сцена без физического действия**: финал заканчивается переносом решения или размышлением, без конкретного жеста, символизирующего выбор — severity 80;\n- **больше одной чисто-внутренней сцены подряд** (ведущий персонаж один, нет диалога и внешнего события) — severity 60;\n- **персонаж с полным профилем в Сводке по персонажам не появляется ни в одной сцене** — это значит ни через диалог, ни через действие, ни через физическое присутствие, ни через **материальный объект-якорь** (письмо, фото, голосовая запись, дневник), физически фигурирующий в кадре конкретной сцены. Объект-якорь, который герой держит/находит/передвигает в сцене, — это валидное «появление» персонажа, к которому он привязан; не флагай такие случаи. Флагай только если персонаж нигде в кадре, упомянут только в мыслях/воспоминаниях без объекта. Severity 65;\n- **ключевая информация открыта в сцене N, но не возвращается через материю** (физический объект, второй документ, реплика третьего лица, внешнее событие). Повторное размышление о ней не считается возвратом. Severity 60;\n- **дедлайн из Сеттинга не давит ни в одной сцене** (нет мысли о приближающемся времени, ускоренного темпа, объективного маркера времени, реплики о времени), хотя сеттинг устанавливает временное ограничение — severity 55;\n- **голоса персонажей в Сводке описаны синонимично**: у двух и более персонажей одинаковые формулировки «короткие фразы / паузы / бытовой словарь» без отличительных маркеров (эпоха, профессия, регистр, привычка). Severity 70;\n- **в реестре сетапов больше половины строк ведут в последнюю сцену плана** — все выплаты свалены в финал, средние сцены не работают. Severity 65;\n- **в реестре сетапов есть дублирующие строки**: один сетап → один пэйофф, переформулированные другими словами. Severity 55;\n- **средняя сцена K без выплат**: ни один сетап из сцен < K не выстреливает в K (только в самой K заложены новые сетапы для будущего). Severity 60;\n- вставки иностранного языка в русские формулировки: непереведённые английские термины (например, «mid-act twist», «storyline», «foreshadowing»), англицизмы без оснований. **Не флагай**: технические имена полей формата плана (`chunk_count`, `chunk_count: 1`), метки типов дуг в реестре (`[сюжет]`, `[эмоция]`, `[мотив]`), каноничные собственные имена из вселенной фанфика (Hogwarts, Слизерин, Скорпиус, маггл, аппарирование) — это часть структуры или каноничный словарь, не нарушение. Severity не ниже 70 для реальных языковых вставок.\n\nКаждой проблеме укажи severity 0–100.\n\n**Партитура: форма кривой.** severity 65 — две сцены подряд весом 5, либо после веса ≥ 4 идёт сцена веса ≥ 4. severity 60 — один и тот же источник давления в двух соседних сценах. severity 70 — сопротивление проваливается во всех сценах без единого «удалось». severity 55 — финал не несёт наибольшего веса в плане. severity 75 — то, что помечено «придержать» в сцене K, названо в плане раньше сцены K.","aiUserInstructionsToFixProblems":"## Возрастной рейтинг произведения\n\n18+.{{#if (or (eq \"18+\" \"18+\") (eq \"18+\" \"NC-21\"))}} Всем героям не менее 18 лет.{{/if}}\n\n## Реестр сетапов и пэйоффов\n```\n{{[Реестр сетапов и пэйоффов]}}\n```\n\n## План сцен (структурно проверенный)\n```\n{{[Ревью плана сцен: структура]}}\n```\n\n## Найденные проблемы\n```\n{{[Найденные проблемы]}}\n```\n\n## Что нужно сделать\n\nПерепиши план сцен, исправив указанные проблемы. Сохрани формат: каждая сцена — блок `## Сцена N: <Заголовок>` с тремя обязательными буллетами `chunk_count`, `Цель / Конфликт / Катастрофа`, `Эмоциональный сдвиг`. Сумма `chunk_count` по всем сценам — не больше 3. Минимум 3 сцены.\n\nВыводи только переписанный план, без вступительных и заключительных фраз.","sourceNodeIdToFix":21}
[PlanNodeService] regenerate settings {
  maxIterations: 1,
  minSeverityToFix: 40,
  foundProblemsTemplate: 'Найденные проблемы',
  aiUserInstructionsToFindProblems: '## Возрастной рейтинг произведения\n' +
    '\n' +
    '18+.{{#if (or (eq "18+" "18+") (eq "18+" "NC-21"))}} Всем героям не менее 18 лет.{{/if}}\n' +
    '\n' +
    '## Реестр сетапов и пэйоффов\n' +
    '```\n' +
    '{{[Реестр сетапов и пэйоффов]}}\n' +
    '```\n' +
    '## Партитура напряжения\n' +
    '```\n' +
    '{{[Партитура напряжения]}}\n' +
    '```\n' +
    '\n' +
    '\n' +
    '## Сводка по персонажам\n' +
    '```\n' +
    '{{[Сводка по персонажам]}}\n' +
    '```\n' +
    '\n' +
    '## Сеттинг\n' +
    '```\n' +
    '{{[Сеттинг]}}\n' +
    '```\n' +
    '\n' +
    '## План сцен (структурно проверенный — это вход для полировки)\n' +
    '```\n' +
    '{{[Ревью плана сцен: структура]}}\n' +
    '```\n' +
    '\n' +
    '## Что искать\n' +
    '\n' +
    'План уже проверен структурно (формат сцен, `chunk_count`, минимум сцен — поймано в «Ревью плана сцен: структура» выше). Здесь ищем проблемы качества:\n' +
    '- сетап без выстрела или выстрел без сетапа (заложено, но не возвращается; или появляется без подготовки);\n' +
    '- дыры в мотивации (персонаж делает что-то без понятной причины);\n' +
    '- провалы арки (внутренние сдвиги без причины или без последствий);\n' +
    '- повтор сцен без развития;\n' +
    '- **катастрофа сцены — состояние, а не событие**: концовка сцены вида «она почувствовала», «пришло осознание», «решила обдумать» — severity 70;\n' +
    '- **последняя сцена без физического действия**: финал заканчивается переносом решения или размышлением, без конкретного жеста, символизирующего выбор — severity 80;\n' +
    '- **больше одной чисто-внутренней сцены подряд** (ведущий персонаж один, нет диалога и внешнего события) — severity 60;\n' +
    '- **персонаж с полным профилем в Сводке по персонажам не появляется ни в одной сцене** — это значит ни через диалог, ни через действие, ни через физическое присутствие, ни через **материальный объект-якорь** (письмо, фото, голосовая запись, дневник), физически фигурирующий в кадре конкретной сцены. Объект-якорь, который герой держит/находит/передвигает в сцене, — это валидное «появление» персонажа, к которому он привязан; не флагай такие случаи. Флагай только если персонаж нигде в кадре, упомянут только в мыслях/воспоминаниях без объекта. Severity 65;\n' +
    '- **ключевая информация открыта в сцене N, но не возвращается через материю** (физический объект, второй документ, реплика третьего лица, внешнее событие). Повторное размышление о ней не считается возвратом. Severity 60;\n' +
    '- **дедлайн из Сеттинга не давит ни в одной сцене** (нет мысли о приближающемся времени, ускоренного темпа, объективного маркера времени, реплики о времени), хотя сеттинг устанавливает временное ограничение — severity 55;\n' +
    '- **голоса персонажей в Сводке описаны синонимично**: у двух и более персонажей одинаковые формулировки «короткие фразы / паузы / бытовой словарь» без отличительных маркеров (эпоха, профессия, регистр, привычка). Severity 70;\n' +
    '- **в реестре сетапов больше половины строк ведут в последнюю сцену плана** — все выплаты свалены в финал, средние сцены не работают. Severity 65;\n' +
    '- **в реестре сетапов есть дублирующие строки**: один сетап → один пэйофф, переформулированные другими словами. Severity 55;\n' +
    '- **средняя сцена K без выплат**: ни один сетап из сцен < K не выстреливает в K (только в самой K заложены новые сетапы для будущего). Severity 60;\n' +
    '- вставки иностранного языка в русские формулировки: непереведённые английские термины (например, «mid-act twist», «storyline», «foreshadowing»), англицизмы без оснований. **Не флагай**: технические имена полей формата плана (`chunk_count`, `chunk_count: 1`), метки типов дуг в реестре (`[сюжет]`, `[эмоция]`, `[мотив]`), каноничные собственные имена из вселенной фанфика (Hogwarts, Слизерин, Скорпиус, маггл, аппарирование) — это часть структуры или каноничный словарь, не нарушение. Severity не ниже 70 для реальных языковых вставок.\n' +
    '\n' +
    'Каждой проблеме укажи severity 0–100.\n' +
    '\n' +
    '**Партитура: форма кривой.** severity 65 — две сцены подряд весом 5, либо после веса ≥ 4 идёт сцена веса ≥ 4. severity 60 — один и тот же источник давления в двух соседних сценах. severity 70 — сопротивление проваливается во всех сценах без единого «удалось». severity 55 — финал не несёт наибольшего веса в плане. severity 75 — то, что помечено «придержать» в сцене K, названо в плане раньше сцены K.',
  aiUserInstructionsToFixProblems: '## Возрастной рейтинг произведения\n' +
    '\n' +
    '18+.{{#if (or (eq "18+" "18+") (eq "18+" "NC-21"))}} Всем героям не менее 18 лет.{{/if}}\n' +
    '\n' +
    '## Реестр сетапов и пэйоффов\n' +
    '```\n' +
    '{{[Реестр сетапов и пэйоффов]}}\n' +
    '```\n' +
    '\n' +
    '## План сцен (структурно проверенный)\n' +
    '```\n' +
    '{{[Ревью плана сцен: структура]}}\n' +
    '```\n' +
    '\n' +
    '## Найденные проблемы\n' +
    '```\n' +
    '{{[Найденные проблемы]}}\n' +
    '```\n' +
    '\n' +
    '## Что нужно сделать\n' +
    '\n' +
    'Перепиши план сцен, исправив указанные проблемы. Сохрани формат: каждая сцена — блок `## Сцена N: <Заголовок>` с тремя обязательными буллетами `chunk_count`, `Цель / Конфликт / Катастрофа`, `Эмоциональный сдвиг`. Сумма `chunk_count` по всем сценам — не больше 3. Минимум 3 сцены.\n' +
    '\n' +
    'Выводи только переписанный план, без вступительных и заключительных фраз.',
  sourceNodeIdToFix: 21
}
[FixProblemsProcessor] regenerate node {
  id: 24,
  parent_id: null,
  title: 'Ревью плана сцен: качество',
  content: null,
  position: 19,
  created_at: '2026-08-25 14:51:56',
  type: 'fix-problems',
  x: 4365,
  y: 519,
  summary: null,
  ai_sync_info: null,
  word_count: 0,
  char_count: 0,
  byte_count: 0,
  review_base_content: null,
  ai_improve_instruction: null,
  node_type_settings: '{"maxIterations":1,"minSeverityToFix":40,"foundProblemsTemplate":"Найденные проблемы","aiUserInstructionsToFindProblems":"## Возрастной рейтинг произведения\\n\\n18+.{{#if (or (eq \\"18+\\" \\"18+\\") (eq \\"18+\\" \\"NC-21\\"))}} Всем героям не менее 18 лет.{{/if}}\\n\\n## Реестр сетапов и пэйоффов\\n```\\n{{[Реестр сетапов и пэйоффов]}}\\n```\\n## Партитура напряжения\\n```\\n{{[Партитура напряжения]}}\\n```\\n\\n\\n## Сводка по персонажам\\n```\\n{{[Сводка по персонажам]}}\\n```\\n\\n## Сеттинг\\n```\\n{{[Сеттинг]}}\\n```\\n\\n## План сцен (структурно проверенный — это вход для полировки)\\n```\\n{{[Ревью плана сцен: структура]}}\\n```\\n\\n## Что искать\\n\\nПлан уже проверен структурно (формат сцен, `chunk_count`, минимум сцен — поймано в «Ревью плана сцен: структура» выше). Здесь ищем проблемы качества:\\n- сетап без выстрела или выстрел без сетапа (заложено, но не возвращается; или появляется без подготовки);\\n- дыры в мотивации (персонаж делает что-то без понятной причины);\\n- провалы арки (внутренние сдвиги без причины или без последствий);\\n- повтор сцен без развития;\\n- **катастрофа сцены — состояние, а не событие**: концовка сцены вида «она почувствовала», «пришло осознание», «решила обдумать» — severity 70;\\n- **последняя сцена без физического действия**: финал заканчивается переносом решения или размышлением, без конкретного жеста, символизирующего выбор — severity 80;\\n- **больше одной чисто-внутренней сцены подряд** (ведущий персонаж один, нет диалога и внешнего события) — severity 60;\\n- **персонаж с полным профилем в Сводке по персонажам не появляется ни в одной сцене** — это значит ни через диалог, ни через действие, ни через физическое присутствие, ни через **материальный объект-якорь** (письмо, фото, голосовая запись, дневник), физически фигурирующий в кадре конкретной сцены. Объект-якорь, который герой держит/находит/передвигает в сцене, — это валидное «появление» персонажа, к которому он привязан; не флагай такие случаи. Флагай только если персонаж нигде в кадре, упомянут только в мыслях/воспоминаниях без объекта. Severity 65;\\n- **ключевая информация открыта в сцене N, но не возвращается через материю** (физический объект, второй документ, реплика третьего лица, внешнее событие). Повторное размышление о ней не считается возвратом. Severity 60;\\n- **дедлайн из Сеттинга не давит ни в одной сцене** (нет мысли о приближающемся времени, ускоренного темпа, объективного маркера времени, реплики о времени), хотя сеттинг устанавливает временное ограничение — severity 55;\\n- **голоса персонажей в Сводке описаны синонимично**: у двух и более персонажей одинаковые формулировки «короткие фразы / паузы / бытовой словарь» без отличительных маркеров (эпоха, профессия, регистр, привычка). Severity 70;\\n- **в реестре сетапов больше половины строк ведут в последнюю сцену плана** — все выплаты свалены в финал, средние сцены не работают. Severity 65;\\n- **в реестре сетапов есть дублирующие строки**: один сетап → один пэйофф, переформулированные другими словами. Severity 55;\\n- **средняя сцена K без выплат**: ни один сетап из сцен < K не выстреливает в K (только в самой K заложены новые сетапы для будущего). Severity 60;\\n- вставки иностранного языка в русские формулировки: непереведённые английские термины (например, «mid-act twist», «storyline», «foreshadowing»), англицизмы без оснований. **Не флагай**: технические имена полей формата плана (`chunk_count`, `chunk_count: 1`), метки типов дуг в реестре (`[сюжет]`, `[эмоция]`, `[мотив]`), каноничные собственные имена из вселенной фанфика (Hogwarts, Слизерин, Скорпиус, маггл, аппарирование) — это часть структуры или каноничный словарь, не нарушение. Severity не ниже 70 для реальных языковых вставок.\\n\\nКаждой проблеме укажи severity 0–100.\\n\\n**Партитура: форма кривой.** severity 65 — две сцены подряд весом 5, либо после веса ≥ 4 идёт сцена веса ≥ 4. severity 60 — один и тот же источник давления в двух соседних сценах. severity 70 — сопротивление проваливается во всех сценах без единого «удалось». severity 55 — финал не несёт наибольшего веса в плане. severity 75 — то, что помечено «придержать» в сцене K, названо в плане раньше сцены K.","aiUserInstructionsToFixProblems":"## Возрастной рейтинг произведения\\n\\n18+.{{#if (or (eq \\"18+\\" \\"18+\\") (eq \\"18+\\" \\"NC-21\\"))}} Всем героям не менее 18 лет.{{/if}}\\n\\n## Реестр сетапов и пэйоффов\\n```\\n{{[Реестр сетапов и пэйоффов]}}\\n```\\n\\n## План сцен (структурно проверенный)\\n```\\n{{[Ревью плана сцен: структура]}}\\n```\\n\\n## Найденные проблемы\\n```\\n{{[Найденные проблемы]}}\\n```\\n\\n## Что нужно сделать\\n\\nПерепиши план сцен, исправив указанные проблемы. Сохрани формат: каждая сцена — блок `## Сцена N: <Заголовок>` с тремя обязательными буллетами `chunk_count`, `Цель / Конфликт / Катастрофа`, `Эмоциональный сдвиг`. Сумма `chunk_count` по всем сценам — не больше 3. Минимум 3 сцены.\\n\\nВыводи только переписанный план, без вступительных и заключительных фраз.","sourceNodeIdToFix":21}',
  status: 'GENERATING',
  ai_settings: null,
  in_review: 0,
  width: 200,
  height: 80
}
[FixProblemsProcessor] regenerate settings {
  maxIterations: 1,
  minSeverityToFix: 40,
  foundProblemsTemplate: 'Найденные проблемы',
  aiUserInstructionsToFindProblems: '## Возрастной рейтинг произведения\n' +
    '\n' +
    '18+.{{#if (or (eq "18+" "18+") (eq "18+" "NC-21"))}} Всем героям не менее 18 лет.{{/if}}\n' +
    '\n' +
    '## Реестр сетапов и пэйоффов\n' +
    '```\n' +
    '{{[Реестр сетапов и пэйоффов]}}\n' +
    '```\n' +
    '## Партитура напряжения\n' +
    '```\n' +
    '{{[Партитура напряжения]}}\n' +
    '```\n' +
    '\n' +
    '\n' +
    '## Сводка по персонажам\n' +
    '```\n' +
    '{{[Сводка по персонажам]}}\n' +
    '```\n' +
    '\n' +
    '## Сеттинг\n' +
    '```\n' +
    '{{[Сеттинг]}}\n' +
    '```\n' +
    '\n' +
    '## План сцен (структурно проверенный — это вход для полировки)\n' +
    '```\n' +
    '{{[Ревью плана сцен: структура]}}\n' +
    '```\n' +
    '\n' +
    '## Что искать\n' +
    '\n' +
    'План уже проверен структурно (формат сцен, `chunk_count`, минимум сцен — поймано в «Ревью плана сцен: структура» выше). Здесь ищем проблемы качества:\n' +
    '- сетап без выстрела или выстрел без сетапа (заложено, но не возвращается; или появляется без подготовки);\n' +
    '- дыры в мотивации (персонаж делает что-то без понятной причины);\n' +
    '- провалы арки (внутренние сдвиги без причины или без последствий);\n' +
    '- повтор сцен без развития;\n' +
    '- **катастрофа сцены — состояние, а не событие**: концовка сцены вида «она почувствовала», «пришло осознание», «решила обдумать» — severity 70;\n' +
    '- **последняя сцена без физического действия**: финал заканчивается переносом решения или размышлением, без конкретного жеста, символизирующего выбор — severity 80;\n' +
    '- **больше одной чисто-внутренней сцены подряд** (ведущий персонаж один, нет диалога и внешнего события) — severity 60;\n' +
    '- **персонаж с полным профилем в Сводке по персонажам не появляется ни в одной сцене** — это значит ни через диалог, ни через действие, ни через физическое присутствие, ни через **материальный объект-якорь** (письмо, фото, голосовая запись, дневник), физически фигурирующий в кадре конкретной сцены. Объект-якорь, который герой держит/находит/передвигает в сцене, — это валидное «появление» персонажа, к которому он привязан; не флагай такие случаи. Флагай только если персонаж нигде в кадре, упомянут только в мыслях/воспоминаниях без объекта. Severity 65;\n' +
    '- **ключевая информация открыта в сцене N, но не возвращается через материю** (физический объект, второй документ, реплика третьего лица, внешнее событие). Повторное размышление о ней не считается возвратом. Severity 60;\n' +
    '- **дедлайн из Сеттинга не давит ни в одной сцене** (нет мысли о приближающемся времени, ускоренного темпа, объективного маркера времени, реплики о времени), хотя сеттинг устанавливает временное ограничение — severity 55;\n' +
    '- **голоса персонажей в Сводке описаны синонимично**: у двух и более персонажей одинаковые формулировки «короткие фразы / паузы / бытовой словарь» без отличительных маркеров (эпоха, профессия, регистр, привычка). Severity 70;\n' +
    '- **в реестре сетапов больше половины строк ведут в последнюю сцену плана** — все выплаты свалены в финал, средние сцены не работают. Severity 65;\n' +
    '- **в реестре сетапов есть дублирующие строки**: один сетап → один пэйофф, переформулированные другими словами. Severity 55;\n' +
    '- **средняя сцена K без выплат**: ни один сетап из сцен < K не выстреливает в K (только в самой K заложены новые сетапы для будущего). Severity 60;\n' +
    '- вставки иностранного языка в русские формулировки: непереведённые английские термины (например, «mid-act twist», «storyline», «foreshadowing»), англицизмы без оснований. **Не флагай**: технические имена полей формата плана (`chunk_count`, `chunk_count: 1`), метки типов дуг в реестре (`[сюжет]`, `[эмоция]`, `[мотив]`), каноничные собственные имена из вселенной фанфика (Hogwarts, Слизерин, Скорпиус, маггл, аппарирование) — это часть структуры или каноничный словарь, не нарушение. Severity не ниже 70 для реальных языковых вставок.\n' +
    '\n' +
    'Каждой проблеме укажи severity 0–100.\n' +
    '\n' +
    '**Партитура: форма кривой.** severity 65 — две сцены подряд весом 5, либо после веса ≥ 4 идёт сцена веса ≥ 4. severity 60 — один и тот же источник давления в двух соседних сценах. severity 70 — сопротивление проваливается во всех сценах без единого «удалось». severity 55 — финал не несёт наибольшего веса в плане. severity 75 — то, что помечено «придержать» в сцене K, названо в плане раньше сцены K.',
  aiUserInstructionsToFixProblems: '## Возрастной рейтинг произведения\n' +
    '\n' +
    '18+.{{#if (or (eq "18+" "18+") (eq "18+" "NC-21"))}} Всем героям не менее 18 лет.{{/if}}\n' +
    '\n' +
    '## Реестр сетапов и пэйоффов\n' +
    '```\n' +
    '{{[Реестр сетапов и пэйоффов]}}\n' +
    '```\n' +
    '\n' +
    '## План сцен (структурно проверенный)\n' +
    '```\n' +
    '{{[Ревью плана сцен: структура]}}\n' +
    '```\n' +
    '\n' +
    '## Найденные проблемы\n' +
    '```\n' +
    '{{[Найденные проблемы]}}\n' +
    '```\n' +
    '\n' +
    '## Что нужно сделать\n' +
    '\n' +
    'Перепиши план сцен, исправив указанные проблемы. Сохрани формат: каждая сцена — блок `## Сцена N: <Заголовок>` с тремя обязательными буллетами `chunk_count`, `Цель / Конфликт / Катастрофа`, `Эмоциональный сдвиг`. Сумма `chunk_count` по всем сценам — не больше 3. Минимум 3 сцены.\n' +
    '\n' +
    'Выводи только переписанный план, без вступительных и заключительных фраз.',
  sourceNodeIdToFix: 21
}
Returning '"ollama"...' as value of setting 'current_backend'
Returning '"ollama"...' as value of setting 'current_backend'
Returning '{"ollama":{"bas...' as value of setting 'ai_config'
Returning '{"ollama":{"bas...' as value of setting 'ai_config'
Emit emitOnGenerationEvent
Returning '"ollama"...' as value of setting 'current_backend'
Returning '"ollama"...' as value of setting 'current_backend'
Returning '{"ollama":{"bas...' as value of setting 'ai_config'
Returning '{"ollama":{"bas...' as value of setting 'ai_config'
Emit emitOnGenerationEvent
Returning 'false...' as value of setting 'auto_generate_summary'
In patch there is a requirement to change status to GENERATED
Emit event plan.node: 24 (patched keys: content, status, summary)
[regenerateSubtreeNodesContents] willRegenerate=true (regenerateManual=false)
In patch there is a requirement to change status to GENERATING
PROGRESS 2404s Ревью плана сцен: мотив и восприятие
Emit event plan.node: 25 (patched keys: status)
[PlanNodeService] regenerate node.node_type_settings {"maxIterations":1,"minSeverityToFix":65,"foundProblemsTemplate":"Найденные проблемы","aiUserInstructionsToFindProblems":"## Возрастной рейтинг произведения\n\n18+.{{#if (or (eq \"18+\" \"18+\") (eq \"18+\" \"NC-21\"))}} Всем героям не менее 18 лет.{{/if}}\n\n## Что искать\n\nПроверка мотива и восприятия: на чём держится каждая сцена со стороны того, кто её двигает. Формат сцен, значения `chunk_count`, число сцен, фактические сверки здесь не проверяются — их ловят другие узлы.\n\nПо каждой сцене определи ведущего персонажа — того, чьё решение двигает сцену, — и проверь его по классам ниже. Опора для проверки: синопсис задаёт обязательства сюжета, описание мира — что в этом мире доступно и чего в нём нет, сводка по персонажам — чем ведущий дорожит, что умеет, чего боится и к кому привязан.\n\nКлассы находок:\n\n- **интерес не назван** — персонаж вступает в сделку, союз или конфликт, и из плана не видно, что он от этого выигрывает и что теряет. Severity 75;\n- **знание из ниоткуда** — персонаж действует по сведениям, которых отсюда не может видеть, слышать или знать: не был при разговоре, не получал сообщения, предмет вне его доступа, событие произошло в другом месте и о нём никто не сообщал. Severity 80;\n- **выход остался открытым** — синопсис требует, чтобы у ведущего не было выбора, а мир даёт обходной путь: переждать, обойти, попросить помощи, дождаться, позвонить. План этот путь не закрывает. Severity 75;\n- **отсутствующий свидетель** — давление на персонажа держится на чужом взгляде, суде, огласке или реакции, а того, кто смотрит и судит, в этой сцене нет и о происходящем он не узнаёт. Severity 70;\n- **дешёвая цена** — то, чем ведущий расплачивается, по его профилю ему не дорого: потеря не задевает ни привязанности, ни статуса, ни того, чем он держится. Severity 65;\n- **иноязычные вставки** — непереведённые иностранные слова внутри русской формулировки, нерусифицированные имена без обоснования. Не флагай технические имена полей плана (`chunk_count`) и каноничные собственные имена мира. Severity 75.\n\n**Шкала severity.** 80–100 — блокер: с этим план не годится дальше. 60–79 — значимо: читатель заметит и спишет как провал. 40–59 — косметика. Ниже 40 — не выноси вовсе.\n\nКаждой находке укажи severity 0–100.\n\n## Формат вывода\n\nМаркированный список, одна находка — один пункт. В пункте: номер и заголовок сцены, класс находки, ведущий персонаж, в чём именно провал, severity. По 25–60 слов на пункт, не больше 12 пунктов, самые тяжёлые первыми. Количество слов в выводе не указывай.\n\nЭто разбор, а не текст произведения: прозы не пиши, сцен не сочиняй, реплик не выдумывай, переписанного плана здесь не давай. На русском.\n\n## Синопсис\n```\n{{[Синопсис]}}\n```\n\n## Мир\n```\n{{[Мир]}}\n```\n\n## Сводка по персонажам\n```\n{{[Сводка по персонажам]}}\n```\n\n## План сцен (проверить)\n```\n{{[Ревью плана сцен: качество]}}\n```","aiUserInstructionsToFixProblems":"## Возрастной рейтинг произведения\n\n18+.{{#if (or (eq \"18+\" \"18+\") (eq \"18+\" \"NC-21\"))}} Всем героям не менее 18 лет.{{/if}}\n\n## Что нужно сделать\n\nПерепиши план сцен, закрыв перечисленные ниже находки. Правится только мотив и восприятие: зачем ведущий персонаж идёт в сцену, чем он в ней располагает, что его держит и чем он платит.\n\nОставь без изменений: число сцен, их порядок, нумерацию и заголовки `## Сцена N: <Заголовок>`; значения `chunk_count` и их сумму; три обязательных буллета каждой сцены (`chunk_count`, `Цель / Конфликт / Катастрофа`, `Эмоциональный сдвиг`); события и катастрофы тех сцен, к которым находок нет.\n\nКаждую находку закрывай внутри той сцены, где она найдена:\n\n- интерес — назови, что ведущий выигрывает и что теряет, в тех терминах, какими его описывает сводка по персонажам;\n- знание — дай в этой или в более ранней сцене физический источник сведений: предмет в руках, услышанный разговор, переданное сообщение, свидетеля. Действие, опирающееся на недоступное, сними;\n- открытый выход — закрой обходной путь средствами, которые уже установлены описанием мира и синопсисом, а не новым запретом из ниоткуда;\n- отсутствующий свидетель — введи наблюдателя в кадр сцены либо перенеси давление на то, что в сцене физически есть;\n- дешёвая цена — замени предмет платы на то, что по профилю персонажу дорого;\n- иноязычная вставка — переведи или транслитерируй кириллицей.\n\nПравка идёт заменой формулировок, а не наращиванием: `Цель / Конфликт / Катастрофа` — один абзац прозой, до ~120 слов на сцену; `Эмоциональный сдвиг` — одно-два предложения. Общий объём плана не растёт. Количество слов в выводе не указывай.\n\nЭто план, а не сама повесть: сцены описывай, а не разыгрывай, диалогов и художественных фрагментов не пиши. На русском, без иноязычных вкраплений.\n\nВыводи только переписанный план, без вступительных и заключительных фраз.\n\n## Синопсис\n```\n{{[Синопсис]}}\n```\n\n## Мир\n```\n{{[Мир]}}\n```\n\n## Сводка по персонажам\n```\n{{[Сводка по персонажам]}}\n```\n\n## План сцен\n```\n{{[Ревью плана сцен: качество]}}\n```\n\n## Найденные проблемы\n```\n{{[Найденные проблемы]}}\n```","sourceNodeIdToFix":24}
[PlanNodeService] regenerate settings {
  maxIterations: 1,
  minSeverityToFix: 65,
  foundProblemsTemplate: 'Найденные проблемы',
  aiUserInstructionsToFindProblems: '## Возрастной рейтинг произведения\n' +
    '\n' +
    '18+.{{#if (or (eq "18+" "18+") (eq "18+" "NC-21"))}} Всем героям не менее 18 лет.{{/if}}\n' +
    '\n' +
    '## Что искать\n' +
    '\n' +
    'Проверка мотива и восприятия: на чём держится каждая сцена со стороны того, кто её двигает. Формат сцен, значения `chunk_count`, число сцен, фактические сверки здесь не проверяются — их ловят другие узлы.\n' +
    '\n' +
    'По каждой сцене определи ведущего персонажа — того, чьё решение двигает сцену, — и проверь его по классам ниже. Опора для проверки: синопсис задаёт обязательства сюжета, описание мира — что в этом мире доступно и чего в нём нет, сводка по персонажам — чем ведущий дорожит, что умеет, чего боится и к кому привязан.\n' +
    '\n' +
    'Классы находок:\n' +
    '\n' +
    '- **интерес не назван** — персонаж вступает в сделку, союз или конфликт, и из плана не видно, что он от этого выигрывает и что теряет. Severity 75;\n' +
    '- **знание из ниоткуда** — персонаж действует по сведениям, которых отсюда не может видеть, слышать или знать: не был при разговоре, не получал сообщения, предмет вне его доступа, событие произошло в другом месте и о нём никто не сообщал. Severity 80;\n' +
    '- **выход остался открытым** — синопсис требует, чтобы у ведущего не было выбора, а мир даёт обходной путь: переждать, обойти, попросить помощи, дождаться, позвонить. План этот путь не закрывает. Severity 75;\n' +
    '- **отсутствующий свидетель** — давление на персонажа держится на чужом взгляде, суде, огласке или реакции, а того, кто смотрит и судит, в этой сцене нет и о происходящем он не узнаёт. Severity 70;\n' +
    '- **дешёвая цена** — то, чем ведущий расплачивается, по его профилю ему не дорого: потеря не задевает ни привязанности, ни статуса, ни того, чем он держится. Severity 65;\n' +
    '- **иноязычные вставки** — непереведённые иностранные слова внутри русской формулировки, нерусифицированные имена без обоснования. Не флагай технические имена полей плана (`chunk_count`) и каноничные собственные имена мира. Severity 75.\n' +
    '\n' +
    '**Шкала severity.** 80–100 — блокер: с этим план не годится дальше. 60–79 — значимо: читатель заметит и спишет как провал. 40–59 — косметика. Ниже 40 — не выноси вовсе.\n' +
    '\n' +
    'Каждой находке укажи severity 0–100.\n' +
    '\n' +
    '## Формат вывода\n' +
    '\n' +
    'Маркированный список, одна находка — один пункт. В пункте: номер и заголовок сцены, класс находки, ведущий персонаж, в чём именно провал, severity. По 25–60 слов на пункт, не больше 12 пунктов, самые тяжёлые первыми. Количество слов в выводе не указывай.\n' +
    '\n' +
    'Это разбор, а не текст произведения: прозы не пиши, сцен не сочиняй, реплик не выдумывай, переписанного плана здесь не давай. На русском.\n' +
    '\n' +
    '## Синопсис\n' +
    '```\n' +
    '{{[Синопсис]}}\n' +
    '```\n' +
    '\n' +
    '## Мир\n' +
    '```\n' +
    '{{[Мир]}}\n' +
    '```\n' +
    '\n' +
    '## Сводка по персонажам\n' +
    '```\n' +
    '{{[Сводка по персонажам]}}\n' +
    '```\n' +
    '\n' +
    '## План сцен (проверить)\n' +
    '```\n' +
    '{{[Ревью плана сцен: качество]}}\n' +
    '```',
  aiUserInstructionsToFixProblems: '## Возрастной рейтинг произведения\n' +
    '\n' +
    '18+.{{#if (or (eq "18+" "18+") (eq "18+" "NC-21"))}} Всем героям не менее 18 лет.{{/if}}\n' +
    '\n' +
    '## Что нужно сделать\n' +
    '\n' +
    'Перепиши план сцен, закрыв перечисленные ниже находки. Правится только мотив и восприятие: зачем ведущий персонаж идёт в сцену, чем он в ней располагает, что его держит и чем он платит.\n' +
    '\n' +
    'Оставь без изменений: число сцен, их порядок, нумерацию и заголовки `## Сцена N: <Заголовок>`; значения `chunk_count` и их сумму; три обязательных буллета каждой сцены (`chunk_count`, `Цель / Конфликт / Катастрофа`, `Эмоциональный сдвиг`); события и катастрофы тех сцен, к которым находок нет.\n' +
    '\n' +
    'Каждую находку закрывай внутри той сцены, где она найдена:\n' +
    '\n' +
    '- интерес — назови, что ведущий выигрывает и что теряет, в тех терминах, какими его описывает сводка по персонажам;\n' +
    '- знание — дай в этой или в более ранней сцене физический источник сведений: предмет в руках, услышанный разговор, переданное сообщение, свидетеля. Действие, опирающееся на недоступное, сними;\n' +
    '- открытый выход — закрой обходной путь средствами, которые уже установлены описанием мира и синопсисом, а не новым запретом из ниоткуда;\n' +
    '- отсутствующий свидетель — введи наблюдателя в кадр сцены либо перенеси давление на то, что в сцене физически есть;\n' +
    '- дешёвая цена — замени предмет платы на то, что по профилю персонажу дорого;\n' +
    '- иноязычная вставка — переведи или транслитерируй кириллицей.\n' +
    '\n' +
    'Правка идёт заменой формулировок, а не наращиванием: `Цель / Конфликт / Катастрофа` — один абзац прозой, до ~120 слов на сцену; `Эмоциональный сдвиг` — одно-два предложения. Общий объём плана не растёт. Количество слов в выводе не указывай.\n' +
    '\n' +
    'Это план, а не сама повесть: сцены описывай, а не разыгрывай, диалогов и художественных фрагментов не пиши. На русском, без иноязычных вкраплений.\n' +
    '\n' +
    'Выводи только переписанный план, без вступительных и заключительных фраз.\n' +
    '\n' +
    '## Синопсис\n' +
    '```\n' +
    '{{[Синопсис]}}\n' +
    '```\n' +
    '\n' +
    '## Мир\n' +
    '```\n' +
    '{{[Мир]}}\n' +
    '```\n' +
    '\n' +
    '## Сводка по персонажам\n' +
    '```\n' +
    '{{[Сводка по персонажам]}}\n' +
    '```\n' +
    '\n' +
    '## План сцен\n' +
    '```\n' +
    '{{[Ревью плана сцен: качество]}}\n' +
    '```\n' +
    '\n' +
    '## Найденные проблемы\n' +
    '```\n' +
    '{{[Найденные проблемы]}}\n' +
    '```',
  sourceNodeIdToFix: 24
}
[FixProblemsProcessor] regenerate node {
  id: 25,
  parent_id: null,
  title: 'Ревью плана сцен: мотив и восприятие',
  content: null,
  position: 20,
  created_at: '2026-08-25 14:51:56',
  type: 'fix-problems',
  x: 4645,
  y: 386,
  summary: null,
  ai_sync_info: null,
  word_count: 0,
  char_count: 0,
  byte_count: 0,
  review_base_content: null,
  ai_improve_instruction: null,
  node_type_settings: '{"maxIterations":1,"minSeverityToFix":65,"foundProblemsTemplate":"Найденные проблемы","aiUserInstructionsToFindProblems":"## Возрастной рейтинг произведения\\n\\n18+.{{#if (or (eq \\"18+\\" \\"18+\\") (eq \\"18+\\" \\"NC-21\\"))}} Всем героям не менее 18 лет.{{/if}}\\n\\n## Что искать\\n\\nПроверка мотива и восприятия: на чём держится каждая сцена со стороны того, кто её двигает. Формат сцен, значения `chunk_count`, число сцен, фактические сверки здесь не проверяются — их ловят другие узлы.\\n\\nПо каждой сцене определи ведущего персонажа — того, чьё решение двигает сцену, — и проверь его по классам ниже. Опора для проверки: синопсис задаёт обязательства сюжета, описание мира — что в этом мире доступно и чего в нём нет, сводка по персонажам — чем ведущий дорожит, что умеет, чего боится и к кому привязан.\\n\\nКлассы находок:\\n\\n- **интерес не назван** — персонаж вступает в сделку, союз или конфликт, и из плана не видно, что он от этого выигрывает и что теряет. Severity 75;\\n- **знание из ниоткуда** — персонаж действует по сведениям, которых отсюда не может видеть, слышать или знать: не был при разговоре, не получал сообщения, предмет вне его доступа, событие произошло в другом месте и о нём никто не сообщал. Severity 80;\\n- **выход остался открытым** — синопсис требует, чтобы у ведущего не было выбора, а мир даёт обходной путь: переждать, обойти, попросить помощи, дождаться, позвонить. План этот путь не закрывает. Severity 75;\\n- **отсутствующий свидетель** — давление на персонажа держится на чужом взгляде, суде, огласке или реакции, а того, кто смотрит и судит, в этой сцене нет и о происходящем он не узнаёт. Severity 70;\\n- **дешёвая цена** — то, чем ведущий расплачивается, по его профилю ему не дорого: потеря не задевает ни привязанности, ни статуса, ни того, чем он держится. Severity 65;\\n- **иноязычные вставки** — непереведённые иностранные слова внутри русской формулировки, нерусифицированные имена без обоснования. Не флагай технические имена полей плана (`chunk_count`) и каноничные собственные имена мира. Severity 75.\\n\\n**Шкала severity.** 80–100 — блокер: с этим план не годится дальше. 60–79 — значимо: читатель заметит и спишет как провал. 40–59 — косметика. Ниже 40 — не выноси вовсе.\\n\\nКаждой находке укажи severity 0–100.\\n\\n## Формат вывода\\n\\nМаркированный список, одна находка — один пункт. В пункте: номер и заголовок сцены, класс находки, ведущий персонаж, в чём именно провал, severity. По 25–60 слов на пункт, не больше 12 пунктов, самые тяжёлые первыми. Количество слов в выводе не указывай.\\n\\nЭто разбор, а не текст произведения: прозы не пиши, сцен не сочиняй, реплик не выдумывай, переписанного плана здесь не давай. На русском.\\n\\n## Синопсис\\n```\\n{{[Синопсис]}}\\n```\\n\\n## Мир\\n```\\n{{[Мир]}}\\n```\\n\\n## Сводка по персонажам\\n```\\n{{[Сводка по персонажам]}}\\n```\\n\\n## План сцен (проверить)\\n```\\n{{[Ревью плана сцен: качество]}}\\n```","aiUserInstructionsToFixProblems":"## Возрастной рейтинг произведения\\n\\n18+.{{#if (or (eq \\"18+\\" \\"18+\\") (eq \\"18+\\" \\"NC-21\\"))}} Всем героям не менее 18 лет.{{/if}}\\n\\n## Что нужно сделать\\n\\nПерепиши план сцен, закрыв перечисленные ниже находки. Правится только мотив и восприятие: зачем ведущий персонаж идёт в сцену, чем он в ней располагает, что его держит и чем он платит.\\n\\nОставь без изменений: число сцен, их порядок, нумерацию и заголовки `## Сцена N: <Заголовок>`; значения `chunk_count` и их сумму; три обязательных буллета каждой сцены (`chunk_count`, `Цель / Конфликт / Катастрофа`, `Эмоциональный сдвиг`); события и катастрофы тех сцен, к которым находок нет.\\n\\nКаждую находку закрывай внутри той сцены, где она найдена:\\n\\n- интерес — назови, что ведущий выигрывает и что теряет, в тех терминах, какими его описывает сводка по персонажам;\\n- знание — дай в этой или в более ранней сцене физический источник сведений: предмет в руках, услышанный разговор, переданное сообщение, свидетеля. Действие, опирающееся на недоступное, сними;\\n- открытый выход — закрой обходной путь средствами, которые уже установлены описанием мира и синопсисом, а не новым запретом из ниоткуда;\\n- отсутствующий свидетель — введи наблюдателя в кадр сцены либо перенеси давление на то, что в сцене физически есть;\\n- дешёвая цена — замени предмет платы на то, что по профилю персонажу дорого;\\n- иноязычная вставка — переведи или транслитерируй кириллицей.\\n\\nПравка идёт заменой формулировок, а не наращиванием: `Цель / Конфликт / Катастрофа` — один абзац прозой, до ~120 слов на сцену; `Эмоциональный сдвиг` — одно-два предложения. Общий объём плана не растёт. Количество слов в выводе не указывай.\\n\\nЭто план, а не сама повесть: сцены описывай, а не разыгрывай, диалогов и художественных фрагментов не пиши. На русском, без иноязычных вкраплений.\\n\\nВыводи только переписанный план, без вступительных и заключительных фраз.\\n\\n## Синопсис\\n```\\n{{[Синопсис]}}\\n```\\n\\n## Мир\\n```\\n{{[Мир]}}\\n```\\n\\n## Сводка по персонажам\\n```\\n{{[Сводка по персонажам]}}\\n```\\n\\n## План сцен\\n```\\n{{[Ревью плана сцен: качество]}}\\n```\\n\\n## Найденные проблемы\\n```\\n{{[Найденные проблемы]}}\\n```","sourceNodeIdToFix":24}',
  status: 'GENERATING',
  ai_settings: null,
  in_review: 0,
  width: 200,
  height: 80
}
[FixProblemsProcessor] regenerate settings {
  maxIterations: 1,
  minSeverityToFix: 65,
  foundProblemsTemplate: 'Найденные проблемы',
  aiUserInstructionsToFindProblems: '## Возрастной рейтинг произведения\n' +
    '\n' +
    '18+.{{#if (or (eq "18+" "18+") (eq "18+" "NC-21"))}} Всем героям не менее 18 лет.{{/if}}\n' +
    '\n' +
    '## Что искать\n' +
    '\n' +
    'Проверка мотива и восприятия: на чём держится каждая сцена со стороны того, кто её двигает. Формат сцен, значения `chunk_count`, число сцен, фактические сверки здесь не проверяются — их ловят другие узлы.\n' +
    '\n' +
    'По каждой сцене определи ведущего персонажа — того, чьё решение двигает сцену, — и проверь его по классам ниже. Опора для проверки: синопсис задаёт обязательства сюжета, описание мира — что в этом мире доступно и чего в нём нет, сводка по персонажам — чем ведущий дорожит, что умеет, чего боится и к кому привязан.\n' +
    '\n' +
    'Классы находок:\n' +
    '\n' +
    '- **интерес не назван** — персонаж вступает в сделку, союз или конфликт, и из плана не видно, что он от этого выигрывает и что теряет. Severity 75;\n' +
    '- **знание из ниоткуда** — персонаж действует по сведениям, которых отсюда не может видеть, слышать или знать: не был при разговоре, не получал сообщения, предмет вне его доступа, событие произошло в другом месте и о нём никто не сообщал. Severity 80;\n' +
    '- **выход остался открытым** — синопсис требует, чтобы у ведущего не было выбора, а мир даёт обходной путь: переждать, обойти, попросить помощи, дождаться, позвонить. План этот путь не закрывает. Severity 75;\n' +
    '- **отсутствующий свидетель** — давление на персонажа держится на чужом взгляде, суде, огласке или реакции, а того, кто смотрит и судит, в этой сцене нет и о происходящем он не узнаёт. Severity 70;\n' +
    '- **дешёвая цена** — то, чем ведущий расплачивается, по его профилю ему не дорого: потеря не задевает ни привязанности, ни статуса, ни того, чем он держится. Severity 65;\n' +
    '- **иноязычные вставки** — непереведённые иностранные слова внутри русской формулировки, нерусифицированные имена без обоснования. Не флагай технические имена полей плана (`chunk_count`) и каноничные собственные имена мира. Severity 75.\n' +
    '\n' +
    '**Шкала severity.** 80–100 — блокер: с этим план не годится дальше. 60–79 — значимо: читатель заметит и спишет как провал. 40–59 — косметика. Ниже 40 — не выноси вовсе.\n' +
    '\n' +
    'Каждой находке укажи severity 0–100.\n' +
    '\n' +
    '## Формат вывода\n' +
    '\n' +
    'Маркированный список, одна находка — один пункт. В пункте: номер и заголовок сцены, класс находки, ведущий персонаж, в чём именно провал, severity. По 25–60 слов на пункт, не больше 12 пунктов, самые тяжёлые первыми. Количество слов в выводе не указывай.\n' +
    '\n' +
    'Это разбор, а не текст произведения: прозы не пиши, сцен не сочиняй, реплик не выдумывай, переписанного плана здесь не давай. На русском.\n' +
    '\n' +
    '## Синопсис\n' +
    '```\n' +
    '{{[Синопсис]}}\n' +
    '```\n' +
    '\n' +
    '## Мир\n' +
    '```\n' +
    '{{[Мир]}}\n' +
    '```\n' +
    '\n' +
    '## Сводка по персонажам\n' +
    '```\n' +
    '{{[Сводка по персонажам]}}\n' +
    '```\n' +
    '\n' +
    '## План сцен (проверить)\n' +
    '```\n' +
    '{{[Ревью плана сцен: качество]}}\n' +
    '```',
  aiUserInstructionsToFixProblems: '## Возрастной рейтинг произведения\n' +
    '\n' +
    '18+.{{#if (or (eq "18+" "18+") (eq "18+" "NC-21"))}} Всем героям не менее 18 лет.{{/if}}\n' +
    '\n' +
    '## Что нужно сделать\n' +
    '\n' +
    'Перепиши план сцен, закрыв перечисленные ниже находки. Правится только мотив и восприятие: зачем ведущий персонаж идёт в сцену, чем он в ней располагает, что его держит и чем он платит.\n' +
    '\n' +
    'Оставь без изменений: число сцен, их порядок, нумерацию и заголовки `## Сцена N: <Заголовок>`; значения `chunk_count` и их сумму; три обязательных буллета каждой сцены (`chunk_count`, `Цель / Конфликт / Катастрофа`, `Эмоциональный сдвиг`); события и катастрофы тех сцен, к которым находок нет.\n' +
    '\n' +
    'Каждую находку закрывай внутри той сцены, где она найдена:\n' +
    '\n' +
    '- интерес — назови, что ведущий выигрывает и что теряет, в тех терминах, какими его описывает сводка по персонажам;\n' +
    '- знание — дай в этой или в более ранней сцене физический источник сведений: предмет в руках, услышанный разговор, переданное сообщение, свидетеля. Действие, опирающееся на недоступное, сними;\n' +
    '- открытый выход — закрой обходной путь средствами, которые уже установлены описанием мира и синопсисом, а не новым запретом из ниоткуда;\n' +
    '- отсутствующий свидетель — введи наблюдателя в кадр сцены либо перенеси давление на то, что в сцене физически есть;\n' +
    '- дешёвая цена — замени предмет платы на то, что по профилю персонажу дорого;\n' +
    '- иноязычная вставка — переведи или транслитерируй кириллицей.\n' +
    '\n' +
    'Правка идёт заменой формулировок, а не наращиванием: `Цель / Конфликт / Катастрофа` — один абзац прозой, до ~120 слов на сцену; `Эмоциональный сдвиг` — одно-два предложения. Общий объём плана не растёт. Количество слов в выводе не указывай.\n' +
    '\n' +
    'Это план, а не сама повесть: сцены описывай, а не разыгрывай, диалогов и художественных фрагментов не пиши. На русском, без иноязычных вкраплений.\n' +
    '\n' +
    'Выводи только переписанный план, без вступительных и заключительных фраз.\n' +
    '\n' +
    '## Синопсис\n' +
    '```\n' +
    '{{[Синопсис]}}\n' +
    '```\n' +
    '\n' +
    '## Мир\n' +
    '```\n' +
    '{{[Мир]}}\n' +
    '```\n' +
    '\n' +
    '## Сводка по персонажам\n' +
    '```\n' +
    '{{[Сводка по персонажам]}}\n' +
    '```\n' +
    '\n' +
    '## План сцен\n' +
    '```\n' +
    '{{[Ревью плана сцен: качество]}}\n' +
    '```\n' +
    '\n' +
    '## Найденные проблемы\n' +
    '```\n' +
    '{{[Найденные проблемы]}}\n' +
    '```',
  sourceNodeIdToFix: 24
}
Returning '"ollama"...' as value of setting 'current_backend'
Returning '"ollama"...' as value of setting 'current_backend'
Returning '{"ollama":{"bas...' as value of setting 'ai_config'
Returning '{"ollama":{"bas...' as value of setting 'ai_config'
Emit emitOnGenerationEvent
Returning '"ollama"...' as value of setting 'current_backend'
Returning '"ollama"...' as value of setting 'current_backend'
Returning '{"ollama":{"bas...' as value of setting 'ai_config'
Returning '{"ollama":{"bas...' as value of setting 'ai_config'
Emit emitOnGenerationEvent
Returning 'false...' as value of setting 'auto_generate_summary'
In patch there is a requirement to change status to GENERATED
Emit event plan.node: 25 (patched keys: content, status, summary)
[regenerateSubtreeNodesContents] node 27 not ready, missing sources: 26
[regenerateSubtreeNodesContents] willRegenerate=true (regenerateManual=false)
In patch there is a requirement to change status to GENERATING
PROGRESS 2551s Распределение по чанкам
Emit event plan.node: 26 (patched keys: status)
Notifying downstream node 27 (for-each) of changes in node 26
[ForEachProcessor] Updating node 27 for new input content (0 items) as content overrides for for-each-input node 28
In patch there is a requirement to change status to OUTDATED
Emit event plan.node: 28 (patched keys: content, status, summary)
Notifying downstream node 32 (text) of changes in node 28
Notifying downstream node 33 (text) of changes in node 28
Notifying downstream node 34 (text) of changes in node 28
Notifying downstream node 35 (text) of changes in node 28
[PlanNodeService] regenerate node.node_type_settings {"partDescription":"Описание одного технического чанка прозы. Первая строка — `**Режим:** full | fragment | packed`. Затем для каждой сцены, попавшей в чанк, блок.\n\nДля **full** (одна сцена целиком):\n`**Сцена N** (portion: full), «<Заголовок ДОСЛОВНО из плана>»`\n`Цель / Конфликт / Катастрофа: <ДОСЛОВНО из плана>`\n`Эмоциональный сдвиг: <ДОСЛОВНО из плана>`\n\nДля **packed** — несколько таких full-блоков подряд, каждая сцена с portion=full.\n\nДля **fragment** одна сцена расщеплена на два чанка. Содержимое блоков **асимметрично**: в first нет Катастрофы, в last нет Цели — это структурно запрещает LLM-генерации downstream-нод писать материал из чужой половины. На границе стоит метка «Closing beat / Resume after» — её текст в обоих чанках одинаков символ-в-символ.\n\nfragment first:\n`**Сцена N** (portion: first), «<Заголовок ДОСЛОВНО из плана>»`\n`Цель: <ДОСЛОВНО из «Цель» плана>`\n`Конфликт (до точки обрыва): <часть Конфликта из плана, которая успевает раскрыться в этой половине>`\n`Closing beat (чанк ЗАКАНЧИВАЕТСЯ на этом событии): <одна фраза, конкретный физический жест / реплика / звук / движение объекта>`\n`Эмоциональный сдвиг этого чанка: <от состояния в начале сцены — до состояния на Closing beat>`\n\nfragment last:\n`**Сцена N** (portion: last), «<Заголовок ДОСЛОВНО из плана>»`\n`Resume after (предыдущий чанк закончился на этом событии — оно УЖЕ ОТЫГРАНО, не переписывать как сцену): <ИДЕНТИЧНО Closing beat предыдущего чанка, символ-в-символ>`\n`Конфликт (после точки обрыва): <часть Конфликта из плана, оставшаяся после Closing beat>`\n`Катастрофа: <ДОСЛОВНО из «Катастрофа» плана>`\n`Эмоциональный сдвиг этого чанка: <от состояния на Resume after — до финала сцены>`","expectedPartsCount":"3","userPrompt":"## Возрастной рейтинг произведения\n\n18+.{{#if (or (eq \"18+\" \"18+\") (eq \"18+\" \"NC-21\"))}} Всем героям не менее 18 лет.{{/if}}\n\n## План сцен (вход — единственный источник истины)\n```\n{{[Ревью плана сцен: мотив и восприятие]}}\n```\n\n## Что нужно сделать\n\nБери план сцен сверху и раскладывай его по ровно 3 техническим чанкам прозы. Один чанк ≈ один вызов LLM ≈ ~1500 слов прозы.\n\nДля full и packed чанков заголовок сцены, блок «Цель / Конфликт / Катастрофа» и блок «Эмоциональный сдвиг» — **дословная копия из плана**, без правок.\n\nДля fragment-чанков (двухчанковая сцена) метаданные **расщепляются**: первый чанк получает Цель + часть Конфликта до точки обрыва + Closing beat + первую половину эмоционального сдвига; второй чанк получает Resume after (идентичный Closing beat) + остаток Конфликта + Катастрофу + вторую половину эмоционального сдвига. Точное содержание блоков описано в `partDescription` (см. nodeTypeSettings).\n\n## Алгоритм\n\nИдёшь по сценам плана в порядке их номеров (Сцена 1, Сцена 2, …). Для каждой сцены:\n\n- Если `chunk_count: 1`: занимаешь один чанк. Режим выбирается дальше (full или packed-с-соседом).\n- Если `chunk_count: 2`: занимаешь два подряд идущих чанка. Первый — режим `fragment`, portion=first; второй — режим `fragment`, portion=last. Между ними никаких других сцен. Сейчас же выбираешь точку обрыва — `Closing beat` (см. ниже).\n\nКогда все сцены разложены, сравниваешь Σ `chunk_count` плана с 3:\n\n- Σ == 3: каждый chunk_count=1-слот становится full-чанком; fragment-цепочки уже на месте. Готово.\n- Σ < 3: соседние сцены с `chunk_count: 1` объединяются в packed-чанки до тех пор, пока итоговое число чанков не станет ровно 3. Объединять можно только подряд идущие сцены, и только сцены с `chunk_count: 1`. Fragment-чанки не объединяются.\n- Σ > 3: план невалиден — это уже было поймано в «Ревью плана сцен: структура». Считай, что не возникнет.\n\n## Как выбирать Closing beat для fragment-сцены\n\nClosing beat — конкретное физическое событие (жест, реплика, звук, движение объекта, появление/исчезновение в кадре), на котором обрывается первый чанк и подхватывается второй. Принципы:\n\n- **Конкретика, не состояние.** «Положила трубку», «дверь захлопнулась», «он сказал её имя» — годятся. «Поняла, что зря пришла», «решила уйти» — не годятся: внутреннее состояние Closing beat'ом быть не может.\n- **На пике подъёма Конфликта, до Катастрофы.** Closing beat — это не Катастрофа, а ступенька к ней. Часто это последний жест/реплика перед решающим действием, либо момент эскалации, после которого уже нет пути назад.\n- **Делит сцену примерно пополам по объёму.** Если Closing beat падает в первую треть G/C, второй чанк окажется перегружен; если в последнюю треть — первый чанк жидкий.\n- **Одна фраза, без расшифровки.** Closing beat — это короткий якорь, который потом идентифицируется и в первом чанке (как финальный жест), и во втором (как точка подхвата). Если он длиннее одной фразы — это уже не точка, а сегмент.\n\nТекст Closing beat в первом чанке и Resume after во втором чанке должен совпадать символ-в-символ: это и есть «контракт» между половинками, по которому downstream-нода Прозы их состыкует.\n\n## Жёсткие правила\n\n1. **Все сцены плана присутствуют в выходе.** Сцена N плана появляется ровно в одном full-чанке, либо в одном packed-чанке вместе с соседями, либо в двух подряд идущих fragment-чанках (portion first + portion last).\n2. **Метаданные full/packed копируются дословно.** Для full и packed — никаких новых заголовков, переименований, пересказов G/C/D, добавлений деталей.\n3. **fragment-метаданные расщепляются по схеме из `partDescription`.** Цель + Конфликт-до-обрыва + Closing beat — только в first; Resume after + Конфликт-после-обрыва + Катастрофа — только в last. Никаких «полных G/C/D» в fragment-блоках.\n4. **Closing beat и Resume after — побитово идентичные строки.**\n5. **Порядок сцен сохраняется.** Сцена N идёт раньше Сцены N+1 в выходе.\n6. **Граница сцены = граница чанка.** В одном чанке нельзя смешать fragment и что-то ещё. В одном чанке нельзя обрезать full-сцену.\n7. **fragment-цепочка целостна.** Если сцена K имеет `chunk_count: 2`, в выходе подряд идут два fragment-чанка для Сцены K (portion first, portion last) — никаких других сцен между ними.\n8. **Ровно 3 чанков на выходе.**\n\n## Формат вывода\n\nМассив ровно из 3 строк. Каждая строка — описание одного чанка по формату `partDescription` (см. nodeTypeSettings). На русском."}
[PlanNodeService] regenerate settings {
  partDescription: 'Описание одного технического чанка прозы. Первая строка — `**Режим:** full | fragment | packed`. Затем для каждой сцены, попавшей в чанк, блок.\n' +
    '\n' +
    'Для **full** (одна сцена целиком):\n' +
    '`**Сцена N** (portion: full), «<Заголовок ДОСЛОВНО из плана>»`\n' +
    '`Цель / Конфликт / Катастрофа: <ДОСЛОВНО из плана>`\n' +
    '`Эмоциональный сдвиг: <ДОСЛОВНО из плана>`\n' +
    '\n' +
    'Для **packed** — несколько таких full-блоков подряд, каждая сцена с portion=full.\n' +
    '\n' +
    'Для **fragment** одна сцена расщеплена на два чанка. Содержимое блоков **асимметрично**: в first нет Катастрофы, в last нет Цели — это структурно запрещает LLM-генерации downstream-нод писать материал из чужой половины. На границе стоит метка «Closing beat / Resume after» — её текст в обоих чанках одинаков символ-в-символ.\n' +
    '\n' +
    'fragment first:\n' +
    '`**Сцена N** (portion: first), «<Заголовок ДОСЛОВНО из плана>»`\n' +
    '`Цель: <ДОСЛОВНО из «Цель» плана>`\n' +
    '`Конфликт (до точки обрыва): <часть Конфликта из плана, которая успевает раскрыться в этой половине>`\n' +
    '`Closing beat (чанк ЗАКАНЧИВАЕТСЯ на этом событии): <одна фраза, конкретный физический жест / реплика / звук / движение объекта>`\n' +
    '`Эмоциональный сдвиг этого чанка: <от состояния в начале сцены — до состояния на Closing beat>`\n' +
    '\n' +
    'fragment last:\n' +
    '`**Сцена N** (portion: last), «<Заголовок ДОСЛОВНО из плана>»`\n' +
    '`Resume after (предыдущий чанк закончился на этом событии — оно УЖЕ ОТЫГРАНО, не переписывать как сцену): <ИДЕНТИЧНО Closing beat предыдущего чанка, символ-в-символ>`\n' +
    '`Конфликт (после точки обрыва): <часть Конфликта из плана, оставшаяся после Closing beat>`\n' +
    '`Катастрофа: <ДОСЛОВНО из «Катастрофа» плана>`\n' +
    '`Эмоциональный сдвиг этого чанка: <от состояния на Resume after — до финала сцены>`',
  expectedPartsCount: '3',
  userPrompt: '## Возрастной рейтинг произведения\n' +
    '\n' +
    '18+.{{#if (or (eq "18+" "18+") (eq "18+" "NC-21"))}} Всем героям не менее 18 лет.{{/if}}\n' +
    '\n' +
    '## План сцен (вход — единственный источник истины)\n' +
    '```\n' +
    '{{[Ревью плана сцен: мотив и восприятие]}}\n' +
    '```\n' +
    '\n' +
    '## Что нужно сделать\n' +
    '\n' +
    'Бери план сцен сверху и раскладывай его по ровно 3 техническим чанкам прозы. Один чанк ≈ один вызов LLM ≈ ~1500 слов прозы.\n' +
    '\n' +
    'Для full и packed чанков заголовок сцены, блок «Цель / Конфликт / Катастрофа» и блок «Эмоциональный сдвиг» — **дословная копия из плана**, без правок.\n' +
    '\n' +
    'Для fragment-чанков (двухчанковая сцена) метаданные **расщепляются**: первый чанк получает Цель + часть Конфликта до точки обрыва + Closing beat + первую половину эмоционального сдвига; второй чанк получает Resume after (идентичный Closing beat) + остаток Конфликта + Катастрофу + вторую половину эмоционального сдвига. Точное содержание блоков описано в `partDescription` (см. nodeTypeSettings).\n' +
    '\n' +
    '## Алгоритм\n' +
    '\n' +
    'Идёшь по сценам плана в порядке их номеров (Сцена 1, Сцена 2, …). Для каждой сцены:\n' +
    '\n' +
    '- Если `chunk_count: 1`: занимаешь один чанк. Режим выбирается дальше (full или packed-с-соседом).\n' +
    '- Если `chunk_count: 2`: занимаешь два подряд идущих чанка. Первый — режим `fragment`, portion=first; второй — режим `fragment`, portion=last. Между ними никаких других сцен. Сейчас же выбираешь точку обрыва — `Closing beat` (см. ниже).\n' +
    '\n' +
    'Когда все сцены разложены, сравниваешь Σ `chunk_count` плана с 3:\n' +
    '\n' +
    '- Σ == 3: каждый chunk_count=1-слот становится full-чанком; fragment-цепочки уже на месте. Готово.\n' +
    '- Σ < 3: соседние сцены с `chunk_count: 1` объединяются в packed-чанки до тех пор, пока итоговое число чанков не станет ровно 3. Объединять можно только подряд идущие сцены, и только сцены с `chunk_count: 1`. Fragment-чанки не объединяются.\n' +
    '- Σ > 3: план невалиден — это уже было поймано в «Ревью плана сцен: структура». Считай, что не возникнет.\n' +
    '\n' +
    '## Как выбирать Closing beat для fragment-сцены\n' +
    '\n' +
    'Closing beat — конкретное физическое событие (жест, реплика, звук, движение объекта, появление/исчезновение в кадре), на котором обрывается первый чанк и подхватывается второй. Принципы:\n' +
    '\n' +
    "- **Конкретика, не состояние.** «Положила трубку», «дверь захлопнулась», «он сказал её имя» — годятся. «Поняла, что зря пришла», «решила уйти» — не годятся: внутреннее состояние Closing beat'ом быть не может.\n" +
    '- **На пике подъёма Конфликта, до Катастрофы.** Closing beat — это не Катастрофа, а ступенька к ней. Часто это последний жест/реплика перед решающим действием, либо момент эскалации, после которого уже нет пути назад.\n' +
    '- **Делит сцену примерно пополам по объёму.** Если Closing beat падает в первую треть G/C, второй чанк окажется перегружен; если в последнюю треть — первый чанк жидкий.\n' +
    '- **Одна фраза, без расшифровки.** Closing beat — это короткий якорь, который потом идентифицируется и в первом чанке (как финальный жест), и во втором (как точка подхвата). Если он длиннее одной фразы — это уже не точка, а сегмент.\n' +
    '\n' +
    'Текст Closing beat в первом чанке и Resume after во втором чанке должен совпадать символ-в-символ: это и есть «контракт» между половинками, по которому downstream-нода Прозы их состыкует.\n' +
    '\n' +
    '## Жёсткие правила\n' +
    '\n' +
    '1. **Все сцены плана присутствуют в выходе.** Сцена N плана появляется ровно в одном full-чанке, либо в одном packed-чанке вместе с соседями, либо в двух подряд идущих fragment-чанках (portion first + portion last).\n' +
    '2. **Метаданные full/packed копируются дословно.** Для full и packed — никаких новых заголовков, переименований, пересказов G/C/D, добавлений деталей.\n' +
    '3. **fragment-метаданные расщепляются по схеме из `partDescription`.** Цель + Конфликт-до-обрыва + Closing beat — только в first; Resume after + Конфликт-после-обрыва + Катастрофа — только в last. Никаких «полных G/C/D» в fragment-блоках.\n' +
    '4. **Closing beat и Resume after — побитово идентичные строки.**\n' +
    '5. **Порядок сцен сохраняется.** Сцена N идёт раньше Сцены N+1 в выходе.\n' +
    '6. **Граница сцены = граница чанка.** В одном чанке нельзя смешать fragment и что-то ещё. В одном чанке нельзя обрезать full-сцену.\n' +
    '7. **fragment-цепочка целостна.** Если сцена K имеет `chunk_count: 2`, в выходе подряд идут два fragment-чанка для Сцены K (portion first, portion last) — никаких других сцен между ними.\n' +
    '8. **Ровно 3 чанков на выходе.**\n' +
    '\n' +
    '## Формат вывода\n' +
    '\n' +
    'Массив ровно из 3 строк. Каждая строка — описание одного чанка по формату `partDescription` (см. nodeTypeSettings). На русском.'
}
Returning '"ollama"...' as value of setting 'current_backend'
Returning '"ollama"...' as value of setting 'current_backend'
Returning '{"ollama":{"bas...' as value of setting 'ai_config'
Returning '{"ollama":{"bas...' as value of setting 'ai_config'
Emit emitOnGenerationEvent
Returning 'false...' as value of setting 'auto_generate_summary'
In patch there is a requirement to change status to GENERATED
Emit event plan.node: 26 (patched keys: content, summary, status)
Notifying downstream node 27 (for-each) of changes in node 26
[ForEachProcessor] Updating node 27 for new input content (3 items) as content overrides for for-each-input node 28
In patch there is a requirement to change status to OUTDATED
Emit event plan.node: 28 (patched keys: content, status, summary)
Notifying downstream node 32 (text) of changes in node 28
Notifying downstream node 33 (text) of changes in node 28
Notifying downstream node 34 (text) of changes in node 28
Notifying downstream node 35 (text) of changes in node 28
[PlanNodeService] Updating downstream node 27 (for-each) because of changes in node 26: status,content
In patch there is a requirement to change status to OUTDATED
Emit event plan.node: 27 (patched keys: status, content)
[regenerateSubtreeNodesContents] willRegenerate=true (regenerateManual=false)
In patch there is a requirement to change status to GENERATING
PROGRESS 2596s Цикл по чанкам
Emit event plan.node: 27 (patched keys: status)
[PlanNodeService] regenerate node.node_type_settings null
[PlanNodeService] regenerate settings {}
[ForEachProcessor] regenerating node 27, totalIterations=3
Regeneration child nodes content of for-each node 27 'Цикл по чанкам' for iteration 0...
[changeForEachNodePage] node 27, currentIndex=undefined, page=0, overrides before save: [
  {
    '28': {
      content: '## Сцена 1: Ловушка из рутины\n' +
        '- **Цель / Конфликт / Катастрофа:** Брат фиксирует сестру на балконе, чтобы доказать её подчинение рациональному порядку и сохранить статус «разумного взрослого», скрывая собственную растерянность из-за забытого ключа. Выигрывает он видимое подтверждение контроля над ситуацией, но платит за это сжиганием мостов к спокойному быту. Конфликт обостряется: ветер срывает полотенце, оголяя сестру перед окнами соседних балконов, где видны силуэты жильцов, что превращает уязвимость в публичный позор. Сестра не может переждать: пронизывающий сквозняк и чужие взгляды заставляют её действовать немедленно. Катастрофа: дверь запирается, запечатывая её в ловушке, а брат остаётся один на один с необходимостью поддерживать маску непоколебимого администратора, теряя комфорт и спокойствие.\n' +
        '- **Эмоциональный сдвиг:** Из уверенной, чуть высокомерной позиции контроля (у брата) и спокойного подчинения (у сестры) к резкому шоку, физической тревоге и ощущению публичной наготы (у сестры) и скрытой панике от сорванного сценария (у брата).',
      summary: null,
      word_count: null,
      char_count: null,
      byte_count: null,
      status: 'OUTDATED'
    },
    '29': {
      content: null,
      summary: null,
      word_count: null,
      char_count: null,
      byte_count: null,
      status: 'OUTDATED'
    },
    '30': {
      content: null,
      summary: null,
      word_count: null,
      char_count: null,
      byte_count: null,
      status: 'OUTDATED'
    },
    '31': {
      content: null,
      summary: null,
      word_count: null,
      char_count: null,
      byte_count: null,
      status: 'OUTDATED'
    },
    '32': {
      content: null,
      summary: null,
      word_count: null,
      char_count: null,
      byte_count: null,
      status: 'OUTDATED'
    },
    '33': {
      content: null,
      summary: null,
      word_count: null,
      char_count: null,
      byte_count: null,
      status: 'OUTDATED'
    },
    '34': {
      content: null,
      summary: null,
      word_count: null,
      char_count: null,
      byte_count: null,
      status: 'OUTDATED'
    },
    '35': {
      content: null,
      summary: null,
      word_count: null,
      char_count: null,
      byte_count: null,
      status: 'OUTDATED'
    },
    '36': {
      content: null,
      summary: null,
      word_count: null,
      char_count: null,
      byte_count: null,
      status: 'OUTDATED'
    },
    '37': {
      content: null,
      summary: null,
      word_count: null,
      char_count: null,
      byte_count: null,
      status: 'OUTDATED'
    },
    '38': {
      content: null,
      summary: null,
      word_count: null,
      char_count: null,
      byte_count: null,
      status: 'OUTDATED'
    },
    '39': {
      content: null,
      summary: null,
      word_count: null,
      char_count: null,
      byte_count: null,
      status: 'OUTDATED'
    }
  },
  {
    '28': {
      content: '## Сцена 2: Металлический спуск\n' +
        '- **Цель / Конфликт / Катастрофа:** Сестра спускается по лестнице, стремясь быстро завершить процедуру, чтобы сохранить остаток достоинства и не выглядеть «сломанной» в глазах брата. Она выигрывает шанс вернуть себе субъектность, выйдя из пассивной роли объекта, но платит за это физическим дискомфортом: холодный, шершавый металл обжигает её тело, лишая тепла и укрытия. Конфликт строится на контрасте её незащищённости и ледяного металла, который превращает её тело в инструмент транспортировки. Катастрофа: достигнув первого этажа, она обнаруживает, что механический замок домофона заедает, а динамик хрипит, делая её зависимость от воли брата и хрупкой механики дома абсолютно осязаемой и болезненной, заставляя её платить за каждый шаг собственным теплом.\n' +
        '- **Эмоциональный сдвиг:** Из состояния активного движения и попытки сохранить достоинство (нейтральное → тревога) к ощущению полной зависимости от внешнего механизма, чужого голоса и собственного тела (тревога → беспомощность).',
      summary: null,
      word_count: null,
      char_count: null,
      byte_count: null,
      status: 'OUTDATED'
    },
    '29': {
      content: null,
      summary: null,
      word_count: null,
      char_count: null,
      byte_count: null,
      status: 'OUTDATED'
    },
    '30': {
      content: null,
      summary: null,
      word_count: null,
      char_count: null,
      byte_count: null,
      status: 'OUTDATED'
    },
    '31': {
      content: null,
      summary: null,
      word_count: null,
      char_count: null,
      byte_count: null,
      status: 'OUTDATED'
    },
    '32': {
      content: null,
      summary: null,
      word_count: null,
      char_count: null,
      byte_count: null,
      status: 'OUTDATED'
    },
    '33': {
      content: null,
      summary: null,
      word_count: null,
      char_count: null,
      byte_count: null,
      status: 'OUTDATED'
    },
    '34': {
      content: null,
      summary: null,
      word_count: null,
      char_count: null,
      byte_count: null,
      status: 'OUTDATED'
    },
    '35': {
      content: null,
      summary: null,
      word_count: null,
      char_count: null,
      byte_count: null,
      status: 'OUTDATED'
    },
    '36': {
      content: null,
      summary: null,
      word_count: null,
      char_count: null,
      byte_count: null,
      status: 'OUTDATED'
    },
    '37': {
      content: null,
      summary: null,
      word_count: null,
      char_count: null,
      byte_count: null,
      status: 'OUTDATED'
    },
    '38': {
      content: null,
      summary: null,
      word_count: null,
      char_count: null,
      byte_count: null,
      status: 'OUTDATED'
    },
    '39': {
      content: null,
      summary: null,
      word_count: null,
      char_count: null,
      byte_count: null,
      status: 'OUTDATED'
    }
  },
  {
    '28': {
      content: '## Сцена 3: Ключ в кармане\n' +
        '- **Цель / Конфликт / Катастрофа:** Брат пытается сохранить маску спокойного администратора, используя сухую терминологию («Температура в норме») как щит от собственной неловкости и дрожи, чтобы не выдать растерянность из-за забытого ключа в кармане. Цена для него высока: он жертвует естественной человеческой связью, превращая близость в чистую процедуру, чтобы не показывать уязвимость. Конфликт обостряется, когда сестра задаёт личный вопрос, а он механически отбивает эмоцию регламентом. Катастрофа: сестра, услышав холодную реплику, резко отпускает кнопку вызова, разрывая канал связи, и делает шаг назад из зоны видимости камеры, физически отказываясь от его правил и принуждая его столкнуться с тишиной и собственным одиночеством.\n' +
        '- **Эмоциональный сдвиг:** Из состояния контролирующей, хотя и напряжённой позиции (брат) и подчинённой тревоги (сестра) к моменту активного разрыва контакта, видимому жесту отказа от правил игры и обретению решимости (безпомощность → протест/решимость).',
      summary: null,
      word_count: null,
      char_count: null,
      byte_count: null,
      status: 'OUTDATED'
    },
    '29': {
      content: null,
      summary: null,
      word_count: null,
      char_count: null,
      byte_count: null,
      status: 'OUTDATED'
    },
    '30': {
      content: null,
      summary: null,
      word_count: null,
      char_count: null,
      byte_count: null,
      status: 'OUTDATED'
    },
    '31': {
      content: null,
      summary: null,
      word_count: null,
      char_count: null,
      byte_count: null,
      status: 'OUTDATED'
    },
    '32': {
      content: null,
      summary: null,
      word_count: null,
      char_count: null,
      byte_count: null,
      status: 'OUTDATED'
    },
    '33': {
      content: null,
      summary: null,
      word_count: null,
      char_count: null,
      byte_count: null,
      status: 'OUTDATED'
    },
    '34': {
      content: null,
      summary: null,
      word_count: null,
      char_count: null,
      byte_count: null,
      status: 'OUTDATED'
    },
    '35': {
      content: null,
      summary: null,
      word_count: null,
      char_count: null,
      byte_count: null,
      status: 'OUTDATED'
    },
    '36': {
      content: null,
      summary: null,
      word_count: null,
      char_count: null,
      byte_count: null,
      status: 'OUTDATED'
    },
    '37': {
      content: null,
      summary: null,
      word_count: null,
      char_count: null,
      byte_count: null,
      status: 'OUTDATED'
    },
    '38': {
      content: null,
      summary: null,
      word_count: null,
      char_count: null,
      byte_count: null,
      status: 'OUTDATED'
    },
    '39': {
      content: null,
      summary: null,
      word_count: null,
      char_count: null,
      byte_count: null,
      status: 'OUTDATED'
    }
  }
]
[changeForEachNodePage] collected overrides: {
  '28': {
    content: '## Сцена 1: Ловушка из рутины\n' +
      '- **Цель / Конфликт / Катастрофа:** Брат фиксирует сестру на балконе, чтобы доказать её подчинение рациональному порядку и сохранить статус «разумного взрослого», скрывая собственную растерянность из-за забытого ключа. Выигрывает он видимое подтверждение контроля над ситуацией, но платит за это сжиганием мостов к спокойному быту. Конфликт обостряется: ветер срывает полотенце, оголяя сестру перед окнами соседних балконов, где видны силуэты жильцов, что превращает уязвимость в публичный позор. Сестра не может переждать: пронизывающий сквозняк и чужие взгляды заставляют её действовать немедленно. Катастрофа: дверь запирается, запечатывая её в ловушке, а брат остаётся один на один с необходимостью поддерживать маску непоколебимого администратора, теряя комфорт и спокойствие.\n' +
      '- **Эмоциональный сдвиг:** Из уверенной, чуть высокомерной позиции контроля (у брата) и спокойного подчинения (у сестры) к резкому шоку, физической тревоге и ощущению публичной наготы (у сестры) и скрытой панике от сорванного сценария (у брата).',
    summary: null,
    word_count: 0,
    char_count: 0,
    byte_count: 0,
    status: 'OUTDATED'
  },
  '29': {
    content: null,
    summary: null,
    word_count: 0,
    char_count: 0,
    byte_count: 0,
    status: 'EMPTY'
  },
  '30': {
    content: null,
    summary: null,
    word_count: 0,
    char_count: 0,
    byte_count: 0,
    status: 'EMPTY'
  },
  '31': {
    content: null,
    summary: null,
    word_count: 0,
    char_count: 0,
    byte_count: 0,
    status: 'EMPTY'
  },
  '32': {
    content: null,
    summary: null,
    word_count: 0,
    char_count: 0,
    byte_count: 0,
    status: 'OUTDATED'
  },
  '33': {
    content: null,
    summary: null,
    word_count: 0,
    char_count: 0,
    byte_count: 0,
    status: 'OUTDATED'
  },
  '34': {
    content: null,
    summary: null,
    word_count: 0,
    char_count: 0,
    byte_count: 0,
    status: 'OUTDATED'
  },
  '35': {
    content: null,
    summary: null,
    word_count: 0,
    char_count: 0,
    byte_count: 0,
    status: 'OUTDATED'
  },
  '36': {
    content: null,
    summary: null,
    word_count: 0,
    char_count: 0,
    byte_count: 0,
    status: 'OUTDATED'
  },
  '37': {
    content: null,
    summary: null,
    word_count: 0,
    char_count: 0,
    byte_count: 0,
    status: 'OUTDATED'
  },
  '38': {
    content: null,
    summary: null,
    word_count: 0,
    char_count: 0,
    byte_count: 0,
    status: 'OUTDATED'
  },
  '39': {
    content: '',
    summary: null,
    word_count: 0,
    char_count: 0,
    byte_count: 0,
    status: 'OUTDATED'
  }
}
[changeForEachNodePage] collected keys: [
  '28', '29', '30',
  '31', '32', '33',
  '34', '35', '36',
  '37', '38', '39'
]
[changeForEachNodePage] overrides after save: [
  {
    '28': {
      content: '## Сцена 1: Ловушка из рутины\n' +
        '- **Цель / Конфликт / Катастрофа:** Брат фиксирует сестру на балконе, чтобы доказать её подчинение рациональному порядку и сохранить статус «разумного взрослого», скрывая собственную растерянность из-за забытого ключа. Выигрывает он видимое подтверждение контроля над ситуацией, но платит за это сжиганием мостов к спокойному быту. Конфликт обостряется: ветер срывает полотенце, оголяя сестру перед окнами соседних балконов, где видны силуэты жильцов, что превращает уязвимость в публичный позор. Сестра не может переждать: пронизывающий сквозняк и чужие взгляды заставляют её действовать немедленно. Катастрофа: дверь запирается, запечатывая её в ловушке, а брат остаётся один на один с необходимостью поддерживать маску непоколебимого администратора, теряя комфорт и спокойствие.\n' +
        '- **Эмоциональный сдвиг:** Из уверенной, чуть высокомерной позиции контроля (у брата) и спокойного подчинения (у сестры) к резкому шоку, физической тревоге и ощущению публичной наготы (у сестры) и скрытой панике от сорванного сценария (у брата).',
      summary: null,
      word_count: 0,
      char_count: 0,
      byte_count: 0,
      status: 'OUTDATED'
    },
    '29': {
      content: null,
      summary: null,
      word_count: 0,
      char_count: 0,
      byte_count: 0,
      status: 'EMPTY'
    },
    '30': {
      content: null,
      summary: null,
      word_count: 0,
      char_count: 0,
      byte_count: 0,
      status: 'EMPTY'
    },
    '31': {
      content: null,
      summary: null,
      word_count: 0,
      char_count: 0,
      byte_count: 0,
      status: 'EMPTY'
    },
    '32': {
      content: null,
      summary: null,
      word_count: 0,
      char_count: 0,
      byte_count: 0,
      status: 'OUTDATED'
    },
    '33': {
      content: null,
      summary: null,
      word_count: 0,
      char_count: 0,
      byte_count: 0,
      status: 'OUTDATED'
    },
    '34': {
      content: null,
      summary: null,
      word_count: 0,
      char_count: 0,
      byte_count: 0,
      status: 'OUTDATED'
    },
    '35': {
      content: null,
      summary: null,
      word_count: 0,
      char_count: 0,
      byte_count: 0,
      status: 'OUTDATED'
    },
    '36': {
      content: null,
      summary: null,
      word_count: 0,
      char_count: 0,
      byte_count: 0,
      status: 'OUTDATED'
    },
    '37': {
      content: null,
      summary: null,
      word_count: 0,
      char_count: 0,
      byte_count: 0,
      status: 'OUTDATED'
    },
    '38': {
      content: null,
      summary: null,
      word_count: 0,
      char_count: 0,
      byte_count: 0,
      status: 'OUTDATED'
    },
    '39': {
      content: '',
      summary: null,
      word_count: 0,
      char_count: 0,
      byte_count: 0,
      status: 'OUTDATED'
    }
  },
  {
    '28': {
      content: '## Сцена 2: Металлический спуск\n' +
        '- **Цель / Конфликт / Катастрофа:** Сестра спускается по лестнице, стремясь быстро завершить процедуру, чтобы сохранить остаток достоинства и не выглядеть «сломанной» в глазах брата. Она выигрывает шанс вернуть себе субъектность, выйдя из пассивной роли объекта, но платит за это физическим дискомфортом: холодный, шершавый металл обжигает её тело, лишая тепла и укрытия. Конфликт строится на контрасте её незащищённости и ледяного металла, который превращает её тело в инструмент транспортировки. Катастрофа: достигнув первого этажа, она обнаруживает, что механический замок домофона заедает, а динамик хрипит, делая её зависимость от воли брата и хрупкой механики дома абсолютно осязаемой и болезненной, заставляя её платить за каждый шаг собственным теплом.\n' +
        '- **Эмоциональный сдвиг:** Из состояния активного движения и попытки сохранить достоинство (нейтральное → тревога) к ощущению полной зависимости от внешнего механизма, чужого голоса и собственного тела (тревога → беспомощность).',
      summary: null,
      word_count: null,
      char_count: null,
      byte_count: null,
      status: 'OUTDATED'
    },
    '29': {
      content: null,
      summary: null,
      word_count: null,
      char_count: null,
      byte_count: null,
      status: 'OUTDATED'
    },
    '30': {
      content: null,
      summary: null,
      word_count: null,
      char_count: null,
      byte_count: null,
      status: 'OUTDATED'
    },
    '31': {
      content: null,
      summary: null,
      word_count: null,
      char_count: null,
      byte_count: null,
      status: 'OUTDATED'
    },
    '32': {
      content: null,
      summary: null,
      word_count: null,
      char_count: null,
      byte_count: null,
      status: 'OUTDATED'
    },
    '33': {
      content: null,
      summary: null,
      word_count: null,
      char_count: null,
      byte_count: null,
      status: 'OUTDATED'
    },
    '34': {
      content: null,
      summary: null,
      word_count: null,
      char_count: null,
      byte_count: null,
      status: 'OUTDATED'
    },
    '35': {
      content: null,
      summary: null,
      word_count: null,
      char_count: null,
      byte_count: null,
      status: 'OUTDATED'
    },
    '36': {
      content: null,
      summary: null,
      word_count: null,
      char_count: null,
      byte_count: null,
      status: 'OUTDATED'
    },
    '37': {
      content: null,
      summary: null,
      word_count: null,
      char_count: null,
      byte_count: null,
      status: 'OUTDATED'
    },
    '38': {
      content: null,
      summary: null,
      word_count: null,
      char_count: null,
      byte_count: null,
      status: 'OUTDATED'
    },
    '39': {
      content: null,
      summary: null,
      word_count: null,
      char_count: null,
      byte_count: null,
      status: 'OUTDATED'
    }
  },
  {
    '28': {
      content: '## Сцена 3: Ключ в кармане\n' +
        '- **Цель / Конфликт / Катастрофа:** Брат пытается сохранить маску спокойного администратора, используя сухую терминологию («Температура в норме») как щит от собственной неловкости и дрожи, чтобы не выдать растерянность из-за забытого ключа в кармане. Цена для него высока: он жертвует естественной человеческой связью, превращая близость в чистую процедуру, чтобы не показывать уязвимость. Конфликт обостряется, когда сестра задаёт личный вопрос, а он механически отбивает эмоцию регламентом. Катастрофа: сестра, услышав холодную реплику, резко отпускает кнопку вызова, разрывая канал связи, и делает шаг назад из зоны видимости камеры, физически отказываясь от его правил и принуждая его столкнуться с тишиной и собственным одиночеством.\n' +
        '- **Эмоциональный сдвиг:** Из состояния контролирующей, хотя и напряжённой позиции (брат) и подчинённой тревоги (сестра) к моменту активного разрыва контакта, видимому жесту отказа от правил игры и обретению решимости (безпомощность → протест/решимость).',
      summary: null,
      word_count: null,
      char_count: null,
      byte_count: null,
      status: 'OUTDATED'
    },
    '29': {
      content: null,
      summary: null,
      word_count: null,
      char_count: null,
      byte_count: null,
      status: 'OUTDATED'
    },
    '30': {
      content: null,
      summary: null,
      word_count: null,
      char_count: null,
      byte_count: null,
      status: 'OUTDATED'
    },
    '31': {
      content: null,
      summary: null,
      word_count: null,
      char_count: null,
      byte_count: null,
      status: 'OUTDATED'
    },
    '32': {
      content: null,
      summary: null,
      word_count: null,
      char_count: null,
      byte_count: null,
      status: 'OUTDATED'
    },
    '33': {
      content: null,
      summary: null,
      word_count: null,
      char_count: null,
      byte_count: null,
      status: 'OUTDATED'
    },
    '34': {
      content: null,
      summary: null,
      word_count: null,
      char_count: null,
      byte_count: null,
      status: 'OUTDATED'
    },
    '35': {
      content: null,
      summary: null,
      word_count: null,
      char_count: null,
      byte_count: null,
      status: 'OUTDATED'
    },
    '36': {
      content: null,
      summary: null,
      word_count: null,
      char_count: null,
      byte_count: null,
      status: 'OUTDATED'
    },
    '37': {
      content: null,
      summary: null,
      word_count: null,
      char_count: null,
      byte_count: null,
      status: 'OUTDATED'
    },
    '38': {
      content: null,
      summary: null,
      word_count: null,
      char_count: null,
      byte_count: null,
      status: 'OUTDATED'
    },
    '39': {
      content: null,
      summary: null,
      word_count: null,
      char_count: null,
      byte_count: null,
      status: 'OUTDATED'
    }
  }
]
[changeForEachNodePage] overrides[0] keys: [
  '28', '29', '30',
  '31', '32', '33',
  '34', '35', '36',
  '37', '38', '39'
]
[changeForEachNodePage] saved content: {"overrides":[{"28":{"content":"## Сцена 1: Ловушка из рутины\n- **Цель / Конфликт / Катастрофа:** Брат фиксирует сестру на балконе, чтобы доказать её подчинение рациональному порядку и сохранить статус «разумного взрослого», скрывая собственную растерянность из-за забытого ключа. Выигрывает он видимое подтверждение контроля над ситуацией, но платит за это сжиганием мостов к спокойному быту. Конфликт обостряется: ветер срывает полотенце, оголяя сестру перед окнами соседних балконов, где видны силуэты жильцов, что превращает уязвимость в публичный позор. Сестра не может переждать: пронизывающий сквозняк и чужие взгляды заставляют её действовать немедленно. Катастрофа: дверь запирается, запечатывая её в ловушке, а брат остаётся один на один с необходимостью поддерживать маску непоколебимого администратора, теряя комфорт и спокойствие.\n- **Эмоциональный сдвиг:** Из уверенной, чуть высокомерной позиции контроля (у брата) и спокойного подчинения (у сестры) к резкому шоку, физической тревоге и ощущению публичной наготы (у сестры) и скрытой панике от сорванного сценария (у брата).","summary":null,"word_count":0,"char_count":0,"byte_count":0,"status":"OUTDATED"},"29":{"content":null,"summary":null,"word_count":0,"char_count":0,"byte_count":0,"status":"EMPTY"},"30":{"content":null,"summary":null,"word_count":0,"char_count":0,"byte_count":0,"status":"EMPTY"},"31":{"content":null,"summary":null,"word_count":0,"char_count":0,"byte_count":0,"status":"EMPTY"},"32":{"content":null,"summary":null,"word_count":0,"char_count":0,"byte_count":0,"status":"OUTDATED"},"33":{"content":null,"summary":null,"word_count":0,"char_count":0,"byte_count":0,"status":"OUTDATED"},"34":{"content":null,"summary":null,"word_count":0,"char_count":0,"byte_count":0,"status":"OUTDATED"},"35":{"content":null,"summary":null,"word_count":0,"char_count":0,"byte_count":0,"status":"OUTDATED"},"36":{"content":null,"summary":null,"word_count":0,"char_count":0,"byte_count":0,"status":"OUTDATED"},"37":{"content":null,"summary":null,"word_count":0,"char_count":0,"byte_count":0,"status":"OUTDATED"},"38":{"content":null,"summary":null,"word_count":0,"char_count":0,"byte_count":0,"status":"OUTDATED"},"39":{"content":"","summary":null,"word_count":0,"char_count":0,"byte_count":0,"status":"OUTDATED"}},{"28":{"content":"## Сцена 2: Металлический спуск\n- **Цель / Конфликт / Катастрофа:** Сестра спускается по лестнице, стремясь быстро завершить процедуру, чтобы сохранить остаток достоинства и не выглядеть «сломанной» в глазах брата. Она выигрывает шанс вернуть себе субъектность, выйдя из пассивной роли объекта, но платит за это физическим дискомфортом: холодный, шершавый металл обжигает её тело, лишая тепла и укрытия. Конфликт строится на контрасте её незащищённости и ледяного металла, который превращает её тело в инструмент транспортировки. Катастрофа: достигнув первого этажа, она обнаруживает, что механический замок домофона заедает, а динамик хрипит, делая её зависимость от воли брата и хрупкой механики дома абсолютно осязаемой и болезненной, заставляя её платить за каждый шаг собственным теплом.\n- **Эмоциональный сдвиг:** Из состояния активного движения и попытки сохранить достоинство (нейтральное → тревога) к ощущению полной зависимости от внешнего механизма, чужого голоса и собственного тела (тревога → беспомощность).","summary":null,"word_count":null,"char_count":null,"byte_count":null,"status":"OUTDATED"},"29":{"content":null,"summary":null,"word_count":null,"char_count":null,"byte_count":null,"status":"OUTDATED"},"30":{"content":null,"summary":null,"word_count":null,"char_count":null,"byte_count":null,"status":"OUTDATED"},"31":{"content":null,"summary":null,"word_count":null,"char_count":null,"byte_count":null,"status":"OUTDATED"},"32":{"content":null,"summary":null,"word_count":null,"char_count":null,"byte_count":null,"status":"OUTDATED"},"33":{"content":null,"summary":null,"word_count":null,"char_count":null,"byte_count":null,"status":"OUTDATED"},"34":{"content":null,"summary":null,"word_count":null,"char_count":null,"byte_count":null,"status":"OUTDATED"},"35":{"content":null,"summary":null,"word_count":null,"char_count":null,"byte_count":null,"status":"OUTDATED"},"36":{"content":null,"summary":null,"word_count":null,"char_count":null,"byte_count":null,"status":"OUTDATED"},"37":{"content":null,"summary":null,"word_count":null,"char_count":null,"byte_count":null,"status":"OUTDATED"},"38":{"content":null,"summary":null,"word_count":null,"char_count":null,"byte_count":null,"status":"OUTDATED"},"39":{"content":null,"summary":null,"word_count":null,"char_count":null,"byte_count":null,"status":"OUTDATED"}},{"28":{"content":"## Сцена 3: Ключ в кармане\n- **Цель / Конфликт / Катастрофа:** Брат пытается сохранить маску спокойного администратора, используя сухую терминологию («Температура в норме») как щит от собственной неловкости и дрожи, чтобы не выдать растерянность из-за забытого ключа в кармане. Цена для него высока: он жертвует естественной человеческой связью, превращая близость в чистую процедуру, чтобы не показывать уязвимость. Конфликт обостряется, когда сестра задаёт личный вопрос, а он механически отбивает эмоцию регламентом. Катастрофа: сестра, услышав холодную реплику, резко отпускает кнопку вызова, разрывая канал связи, и делает шаг назад из зоны видимости камеры, физически отказываясь от его правил и принуждая его столкнуться с тишиной и собственным одиночеством.\n- **Эмоциональный сдвиг:** Из состояния контролирующей, хотя и напряжённой позиции (брат) и подчинённой тревоги (сестра) к моменту активного разрыва контакта, видимому жесту отказа от правил игры и обретению решимости (безпомощность → протест/решимость).","summary":null,"word_count":null,"char_count":null,"byte_count":null,"status":"OUTDATED"},"29":{"content":null,"summary":null,"word_count":null,"char_count":null,"byte_count":null,"status":"OUTDATED"},"30":{"content":null,"summary":null,"word_count":null,"char_count":null,"byte_count":null,"status":"OUTDATED"},"31":{"content":null,"summary":null,"word_count":null,"char_count":null,"byte_count":null,"status":"OUTDATED"},"32":{"content":null,"summary":null,"word_count":null,"char_count":null,"byte_count":null,"status":"OUTDATED"},"33":{"content":null,"summary":null,"word_count":null,"char_count":null,"byte_count":null,"status":"OUTDATED"},"34":{"content":null,"summary":null,"word_count":null,"char_count":null,"byte_count":null,"status":"OUTDATED"},"35":{"content":null,"summary":null,"word_count":null,"char_count":null,"byte_count":null,"status":"OUTDATED"},"36":{"content":null,"summary":null,"word_count":null,"char_count":null,"byte_count":null,"status":"OUTDATED"},"37":{"content":null,"summary":null,"word_count":null,"char_count":null,"byte_count":null,"status":"OUTDATED"},"38":{"content":null,"summary":null,"word_count":null,"char_count":null,"byte_count":null,"status":"OUTDATED"},"39":{"content":null,"summary":null,"word_count":null,"char_count":null,"byte_count":null,"status":"OUTDATED"}}],"length":3,"currentIndex":0}
Emit event plan.node: 27 (changed page in 27)
Emit event plan.node: 28 (changed page in 27)
Emit event plan.node: 29 (changed page in 27)
Emit event plan.node: 30 (changed page in 27)
Emit event plan.node: 31 (changed page in 27)
Emit event plan.node: 32 (changed page in 27)
Emit event plan.node: 33 (changed page in 27)
Emit event plan.node: 34 (changed page in 27)
Emit event plan.node: 35 (changed page in 27)
Emit event plan.node: 36 (changed page in 27)
Emit event plan.node: 37 (changed page in 27)
Emit event plan.node: 38 (changed page in 27)
Emit event plan.node: 39 (changed page in 27)
[regenerateSubtreeNodesContents] Starting regeneration for parentId=27
[regenerateSubtreeNodesContents] willRegenerate=true (regenerateManual=false)
In patch there is a requirement to change status to GENERATING
PROGRESS 2596s Цикл по чанкам / Чанк
Emit event plan.node: 28 (patched keys: status)
Notifying downstream node 32 (text) of changes in node 28
Notifying downstream node 33 (text) of changes in node 28
Notifying downstream node 34 (text) of changes in node 28
Notifying downstream node 35 (text) of changes in node 28
Returning 'false...' as value of setting 'auto_generate_summary'
In patch there is a requirement to change status to GENERATED
Emit event plan.node: 28 (patched keys: summary, status)
Notifying downstream node 32 (text) of changes in node 28
Notifying downstream node 33 (text) of changes in node 28
Notifying downstream node 34 (text) of changes in node 28
Notifying downstream node 35 (text) of changes in node 28
PROGRESS 2596s Цикл по чанкам
[regenerateSubtreeNodesContents] willRegenerate=true (regenerateManual=false)
In patch there is a requirement to change status to GENERATING
PROGRESS 2596s Цикл по чанкам / Номер чанка
Emit event plan.node: 29 (patched keys: status)
Notifying downstream node 35 (text) of changes in node 29
[PlanNodeService] regenerate node.node_type_settings null
[PlanNodeService] regenerate settings {}
Returning 'false...' as value of setting 'auto_generate_summary'
In patch there is a requirement to change status to GENERATED
Emit event plan.node: 29 (patched keys: summary, status)
Notifying downstream node 35 (text) of changes in node 29
PROGRESS 2596s Цикл по чанкам
[regenerateSubtreeNodesContents] willRegenerate=true (regenerateManual=false)
In patch there is a requirement to change status to GENERATING
PROGRESS 2596s Цикл по чанкам / Предыдущие чанки
Emit event plan.node: 30 (patched keys: status)
[PlanNodeService] Updating downstream node 31 (merge) because of changes in node 30: status
In patch there is a requirement to change status to OUTDATED
Emit event plan.node: 31 (patched keys: status)
Notifying downstream node 34 (text) of changes in node 31
Notifying downstream node 35 (text) of changes in node 31
[ForEachPrevOutputsProcessor] parent {
  id: 27,
  parent_id: null,
  title: 'Цикл по чанкам',
  content: '{"overrides":[{"28":{"content":"## Сцена 1: Ловушка из рутины\\n- **Цель / Конфликт / Катастрофа:** Брат фиксирует сестру на балконе, чтобы доказать её подчинение рациональному порядку и сохранить статус «разумного взрослого», скрывая собственную растерянность из-за забытого ключа. Выигрывает он видимое подтверждение контроля над ситуацией, но платит за это сжиганием мостов к спокойному быту. Конфликт обостряется: ветер срывает полотенце, оголяя сестру перед окнами соседних балконов, где видны силуэты жильцов, что превращает уязвимость в публичный позор. Сестра не может переждать: пронизывающий сквозняк и чужие взгляды заставляют её действовать немедленно. Катастрофа: дверь запирается, запечатывая её в ловушке, а брат остаётся один на один с необходимостью поддерживать маску непоколебимого администратора, теряя комфорт и спокойствие.\\n- **Эмоциональный сдвиг:** Из уверенной, чуть высокомерной позиции контроля (у брата) и спокойного подчинения (у сестры) к резкому шоку, физической тревоге и ощущению публичной наготы (у сестры) и скрытой панике от сорванного сценария (у брата).","summary":null,"word_count":0,"char_count":0,"byte_count":0,"status":"OUTDATED"},"29":{"content":null,"summary":null,"word_count":0,"char_count":0,"byte_count":0,"status":"EMPTY"},"30":{"content":null,"summary":null,"word_count":0,"char_count":0,"byte_count":0,"status":"EMPTY"},"31":{"content":null,"summary":null,"word_count":0,"char_count":0,"byte_count":0,"status":"EMPTY"},"32":{"content":null,"summary":null,"word_count":0,"char_count":0,"byte_count":0,"status":"OUTDATED"},"33":{"content":null,"summary":null,"word_count":0,"char_count":0,"byte_count":0,"status":"OUTDATED"},"34":{"content":null,"summary":null,"word_count":0,"char_count":0,"byte_count":0,"status":"OUTDATED"},"35":{"content":null,"summary":null,"word_count":0,"char_count":0,"byte_count":0,"status":"OUTDATED"},"36":{"content":null,"summary":null,"word_count":0,"char_count":0,"byte_count":0,"status":"OUTDATED"},"37":{"content":null,"summary":null,"word_count":0,"char_count":0,"byte_count":0,"status":"OUTDATED"},"38":{"content":null,"summary":null,"word_count":0,"char_count":0,"byte_count":0,"status":"OUTDATED"},"39":{"content":"","summary":null,"word_count":0,"char_count":0,"byte_count":0,"status":"OUTDATED"}},{"28":{"content":"## Сцена 2: Металлический спуск\\n- **Цель / Конфликт / Катастрофа:** Сестра спускается по лестнице, стремясь быстро завершить процедуру, чтобы сохранить остаток достоинства и не выглядеть «сломанной» в глазах брата. Она выигрывает шанс вернуть себе субъектность, выйдя из пассивной роли объекта, но платит за это физическим дискомфортом: холодный, шершавый металл обжигает её тело, лишая тепла и укрытия. Конфликт строится на контрасте её незащищённости и ледяного металла, который превращает её тело в инструмент транспортировки. Катастрофа: достигнув первого этажа, она обнаруживает, что механический замок домофона заедает, а динамик хрипит, делая её зависимость от воли брата и хрупкой механики дома абсолютно осязаемой и болезненной, заставляя её платить за каждый шаг собственным теплом.\\n- **Эмоциональный сдвиг:** Из состояния активного движения и попытки сохранить достоинство (нейтральное → тревога) к ощущению полной зависимости от внешнего механизма, чужого голоса и собственного тела (тревога → беспомощность).","summary":null,"word_count":null,"char_count":null,"byte_count":null,"status":"OUTDATED"},"29":{"content":null,"summary":null,"word_count":null,"char_count":null,"byte_count":null,"status":"OUTDATED"},"30":{"content":null,"summary":null,"word_count":null,"char_count":null,"byte_count":null,"status":"OUTDATED"},"31":{"content":null,"summary":null,"word_count":null,"char_count":null,"byte_count":null,"status":"OUTDATED"},"32":{"content":null,"summary":null,"word_count":null,"char_count":null,"byte_count":null,"status":"OUTDATED"},"33":{"content":null,"summary":null,"word_count":null,"char_count":null,"byte_count":null,"status":"OUTDATED"},"34":{"content":null,"summary":null,"word_count":null,"char_count":null,"byte_count":null,"status":"OUTDATED"},"35":{"content":null,"summary":null,"word_count":null,"char_count":null,"byte_count":null,"status":"OUTDATED"},"36":{"content":null,"summary":null,"word_count":null,"char_count":null,"byte_count":null,"status":"OUTDATED"},"37":{"content":null,"summary":null,"word_count":null,"char_count":null,"byte_count":null,"status":"OUTDATED"},"38":{"content":null,"summary":null,"word_count":null,"char_count":null,"byte_count":null,"status":"OUTDATED"},"39":{"content":null,"summary":null,"word_count":null,"char_count":null,"byte_count":null,"status":"OUTDATED"}},{"28":{"content":"## Сцена 3: Ключ в кармане\\n- **Цель / Конфликт / Катастрофа:** Брат пытается сохранить маску спокойного администратора, используя сухую терминологию («Температура в норме») как щит от собственной неловкости и дрожи, чтобы не выдать растерянность из-за забытого ключа в кармане. Цена для него высока: он жертвует естественной человеческой связью, превращая близость в чистую процедуру, чтобы не показывать уязвимость. Конфликт обостряется, когда сестра задаёт личный вопрос, а он механически отбивает эмоцию регламентом. Катастрофа: сестра, услышав холодную реплику, резко отпускает кнопку вызова, разрывая канал связи, и делает шаг назад из зоны видимости камеры, физически отказываясь от его правил и принуждая его столкнуться с тишиной и собственным одиночеством.\\n- **Эмоциональный сдвиг:** Из состояния контролирующей, хотя и напряжённой позиции (брат) и подчинённой тревоги (сестра) к моменту активного разрыва контакта, видимому жесту отказа от правил игры и обретению решимости (безпомощность → протест/решимость).","summary":null,"word_count":null,"char_count":null,"byte_count":null,"status":"OUTDATED"},"29":{"content":null,"summary":null,"word_count":null,"char_count":null,"byte_count":null,"status":"OUTDATED"},"30":{"content":null,"summary":null,"word_count":null,"char_count":null,"byte_count":null,"status":"OUTDATED"},"31":{"content":null,"summary":null,"word_count":null,"char_count":null,"byte_count":null,"status":"OUTDATED"},"32":{"content":null,"summary":null,"word_count":null,"char_count":null,"byte_count":null,"status":"OUTDATED"},"33":{"content":null,"summary":null,"word_count":null,"char_count":null,"byte_count":null,"status":"OUTDATED"},"34":{"content":null,"summary":null,"word_count":null,"char_count":null,"byte_count":null,"status":"OUTDATED"},"35":{"content":null,"summary":null,"word_count":null,"char_count":null,"byte_count":null,"status":"OUTDATED"},"36":{"content":null,"summary":null,"word_count":null,"char_count":null,"byte_count":null,"status":"OUTDATED"},"37":{"content":null,"summary":null,"word_count":null,"char_count":null,"byte_count":null,"status":"OUTDATED"},"38":{"content":null,"summary":null,"word_count":null,"char_count":null,"byte_count":null,"status":"OUTDATED"},"39":{"content":null,"summary":null,"word_count":null,"char_count":null,"byte_count":null,"status":"OUTDATED"}}],"length":3,"currentIndex":0}',
  position: 22,
  created_at: '2026-08-25 14:51:56',
  type: 'for-each',
  x: 5230,
  y: 257,
  summary: null,
  ai_sync_info: null,
  word_count: 0,
  char_count: 0,
  byte_count: 0,
  review_base_content: null,
  ai_improve_instruction: null,
  node_type_settings: null,
  status: 'GENERATING',
  ai_settings: null,
  in_review: 0,
  width: 2530,
  height: 726
}
[ForEachPrevOutputsProcessor] parsedParentContent {
  overrides: [
    {
      '28': [Object],
      '29': [Object],
      '30': [Object],
      '31': [Object],
      '32': [Object],
      '33': [Object],
      '34': [Object],
      '35': [Object],
      '36': [Object],
      '37': [Object],
      '38': [Object],
      '39': [Object]
    },
    {
      '28': [Object],
      '29': [Object],
      '30': [Object],
      '31': [Object],
      '32': [Object],
      '33': [Object],
      '34': [Object],
      '35': [Object],
      '36': [Object],
      '37': [Object],
      '38': [Object],
      '39': [Object]
    },
    {
      '28': [Object],
      '29': [Object],
      '30': [Object],
      '31': [Object],
      '32': [Object],
      '33': [Object],
      '34': [Object],
      '35': [Object],
      '36': [Object],
      '37': [Object],
      '38': [Object],
      '39': [Object]
    }
  ],
  length: 3,
  currentIndex: 0
}
[ForEachPrevOutputsProcessor] currentIndex 0
Returning 'false...' as value of setting 'auto_generate_summary'
In patch there is a requirement to change status to GENERATED
Emit event plan.node: 30 (patched keys: summary, status)
PROGRESS 2596s Цикл по чанкам
[regenerateSubtreeNodesContents] willRegenerate=true (regenerateManual=false)
In patch there is a requirement to change status to GENERATING
PROGRESS 2596s Цикл по чанкам / План чанка
Emit event plan.node: 32 (patched keys: status)
Notifying downstream node 33 (text) of changes in node 32
Notifying downstream node 34 (text) of changes in node 32
Notifying downstream node 35 (text) of changes in node 32
[PlanNodeService] regenerate node.node_type_settings {"userPrompt":"## Возрастной рейтинг произведения\n\n18+.{{#if (or (eq \"18+\" \"18+\") (eq \"18+\" \"NC-21\"))}} Всем героям не менее 18 лет.{{/if}}\n\n## Контекст повести\n\n### Полный план сцен\n```\n{{[План сцен]}}\n```\n\n### Реестр сетапов и пэйоффов\n```\n{{[Реестр сетапов и пэйоффов]}}\n```\n\n### Сводка по персонажам\n```\n{{[Сводка по персонажам]}}\n```\n\n### Сеттинг\n```\n{{[Сеттинг]}}\n```\n### Партитура напряжения\n```\n{{[Партитура напряжения]}}\n```\n\n\n## Чанк (вход)\n```\n{{[Чанк]}}\n```\n\n## Что нужно сделать\n\nВ секции `## Чанк (вход)` ниже — описание этого технического чанка: режим (`mode`), список сцен и для каждой сцены — заголовок, portion и G/C/D-метаданные. Распиши план того, что войдёт в этот чанк.\n\n{{#if (contains [Чанк] \"**Режим:** full\")}}\n## Что планировать (mode = full — одна сцена целиком)\n\nПлан полной сцены по Свейну: Цель (что хочет ведущий персонаж в сцене), Конфликт (что мешает), Катастрофа (с чем сцена кончается — лучше хуже, чем было). По МакКи — эмоциональный заряд в начале и в конце сцены (заряд меняется). **Содержание плана ограничено заголовком и G/C/D из секции «Чанк (вход)»** — события и действия, которые в плане сцен относятся к ПОСЛЕДУЮЩИМ сценам, в этот план не входят: они получат свои чанки отдельным вызовом. Сцена закрывается своей Катастрофой и на этом всё; перехода к следующей сцене не происходит.\n{{else if (contains [Чанк] \"**Режим:** packed\")}}\n## Что планировать (mode = packed — несколько коротких сцен в одном чанке)\n\nДля каждой сцены пакета — короткий блок по Свейну (Цель/Конфликт/Катастрофа + смена заряда). Между сценами — пустая строка и подзаголовок `### Сцена N: <Заголовок>` (N — id сцены из плана).\n{{else if (contains [Чанк] \"portion: first\")}}\n## Что планировать (mode = fragment, portion = first — начало длинной сцены)\n\nУстановка сцены, вход в Цель, открытие Конфликта-до-обрыва. Конец чанка — событие `Closing beat` из метаданных. Катастрофа и материал после Closing beat сюда **не входят** — они уйдут в parallel-чанк `portion: last`. Если в полном плане сцен из контекста выше видишь события, которые произойдут ПОСЛЕ Closing beat, — не планируй их здесь.\n{{else if (contains [Чанк] \"portion: middle\")}}\n## Что планировать (mode = fragment, portion = middle — середина длинной сцены)\n\nРазвитие Конфликта, новые препятствия. Сцена в этом чанке стартует с того места, где её прервал предыдущий чанк, и ведёт дальше — без закрытия. Раскрываешь только то, что укладывается в этот фрагмент; полный Свейн всей сцены не повторяешь.\n{{else}}\n## Что планировать (mode = fragment, portion = last — завершение длинной сцены)\n\nПодхват сцены сразу после события `Resume after` из метаданных (оно уже отыграно в предыдущем чанке — план НЕ включает его как новое событие, только как заданную стартовую точку). Дальше — нарастание Конфликта-после-обрыва и Катастрофа. Материал ДО Resume after сюда **не входит**.\n{{/if}}\n\n## Якорь к сеттингу\n\nКаждая сцена (или её фрагмент в чанке) явно работает с конкретным элементом из Сеттинга — мебелью, локацией, объектом, погодой, временем суток, особенностью местности. Конкретика на уровне предметов и точек пространства, упомянутых в Сеттинге.\n\n## Формат\n\nПрозой, естественным абзацем, без меток «Цель:/Конфликт:/Катастрофа:». На русском. Верхняя граница 1500 слов на чанк (для packed — суммарно по всем сценам пакета).\n\nСтрока партитуры для этой сцены задаёт вес удара, источник давления и то, что в сцене придерживается. Вес — не длина: планируй силу, а не объём. Придержанное в план чанка не попадает ни одним словом."}
[PlanNodeService] regenerate settings {
  userPrompt: '## Возрастной рейтинг произведения\n' +
    '\n' +
    '18+.{{#if (or (eq "18+" "18+") (eq "18+" "NC-21"))}} Всем героям не менее 18 лет.{{/if}}\n' +
    '\n' +
    '## Контекст повести\n' +
    '\n' +
    '### Полный план сцен\n' +
    '```\n' +
    '{{[План сцен]}}\n' +
    '```\n' +
    '\n' +
    '### Реестр сетапов и пэйоффов\n' +
    '```\n' +
    '{{[Реестр сетапов и пэйоффов]}}\n' +
    '```\n' +
    '\n' +
    '### Сводка по персонажам\n' +
    '```\n' +
    '{{[Сводка по персонажам]}}\n' +
    '```\n' +
    '\n' +
    '### Сеттинг\n' +
    '```\n' +
    '{{[Сеттинг]}}\n' +
    '```\n' +
    '### Партитура напряжения\n' +
    '```\n' +
    '{{[Партитура напряжения]}}\n' +
    '```\n' +
    '\n' +
    '\n' +
    '## Чанк (вход)\n' +
    '```\n' +
    '{{[Чанк]}}\n' +
    '```\n' +
    '\n' +
    '## Что нужно сделать\n' +
    '\n' +
    'В секции `## Чанк (вход)` ниже — описание этого технического чанка: режим (`mode`), список сцен и для каждой сцены — заголовок, portion и G/C/D-метаданные. Распиши план того, что войдёт в этот чанк.\n' +
    '\n' +
    '{{#if (contains [Чанк] "**Режим:** full")}}\n' +
    '## Что планировать (mode = full — одна сцена целиком)\n' +
    '\n' +
    'План полной сцены по Свейну: Цель (что хочет ведущий персонаж в сцене), Конфликт (что мешает), Катастрофа (с чем сцена кончается — лучше хуже, чем было). По МакКи — эмоциональный заряд в начале и в конце сцены (заряд меняется). **Содержание плана ограничено заголовком и G/C/D из секции «Чанк (вход)»** — события и действия, которые в плане сцен относятся к ПОСЛЕДУЮЩИМ сценам, в этот план не входят: они получат свои чанки отдельным вызовом. Сцена закрывается своей Катастрофой и на этом всё; перехода к следующей сцене не происходит.\n' +
    '{{else if (contains [Чанк] "**Режим:** packed")}}\n' +
    '## Что планировать (mode = packed — несколько коротких сцен в одном чанке)\n' +
    '\n' +
    'Для каждой сцены пакета — короткий блок по Свейну (Цель/Конфликт/Катастрофа + смена заряда). Между сценами — пустая строка и подзаголовок `### Сцена N: <Заголовок>` (N — id сцены из плана).\n' +
    '{{else if (contains [Чанк] "portion: first")}}\n' +
    '## Что планировать (mode = fragment, portion = first — начало длинной сцены)\n' +
    '\n' +
    'Установка сцены, вход в Цель, открытие Конфликта-до-обрыва. Конец чанка — событие `Closing beat` из метаданных. Катастрофа и материал после Closing beat сюда **не входят** — они уйдут в parallel-чанк `portion: last`. Если в полном плане сцен из контекста выше видишь события, которые произойдут ПОСЛЕ Closing beat, — не планируй их здесь.\n' +
    '{{else if (contains [Чанк] "portion: middle")}}\n' +
    '## Что планировать (mode = fragment, portion = middle — середина длинной сцены)\n' +
    '\n' +
    'Развитие Конфликта, новые препятствия. Сцена в этом чанке стартует с того места, где её прервал предыдущий чанк, и ведёт дальше — без закрытия. Раскрываешь только то, что укладывается в этот фрагмент; полный Свейн всей сцены не повторяешь.\n' +
    '{{else}}\n' +
    '## Что планировать (mode = fragment, portion = last — завершение длинной сцены)\n' +
    '\n' +
    'Подхват сцены сразу после события `Resume after` из метаданных (оно уже отыграно в предыдущем чанке — план НЕ включает его как новое событие, только как заданную стартовую точку). Дальше — нарастание Конфликта-после-обрыва и Катастрофа. Материал ДО Resume after сюда **не входит**.\n' +
    '{{/if}}\n' +
    '\n' +
    '## Якорь к сеттингу\n' +
    '\n' +
    'Каждая сцена (или её фрагмент в чанке) явно работает с конкретным элементом из Сеттинга — мебелью, локацией, объектом, погодой, временем суток, особенностью местности. Конкретика на уровне предметов и точек пространства, упомянутых в Сеттинге.\n' +
    '\n' +
    '## Формат\n' +
    '\n' +
    'Прозой, естественным абзацем, без меток «Цель:/Конфликт:/Катастрофа:». На русском. Верхняя граница 1500 слов на чанк (для packed — суммарно по всем сценам пакета).\n' +
    '\n' +
    'Строка партитуры для этой сцены задаёт вес удара, источник давления и то, что в сцене придерживается. Вес — не длина: планируй силу, а не объём. Придержанное в план чанка не попадает ни одним словом.'
}
[TextProcessor] regenerating node 32 (title: План чанка)
Returning '"ollama"...' as value of setting 'current_backend'
Returning '"ollama"...' as value of setting 'current_backend'
Returning '{"ollama":{"bas...' as value of setting 'ai_config'
Returning '{"ollama":{"bas...' as value of setting 'ai_config'
Emit emitOnGenerationEvent
[TextProcessor] generated content length: 3345
Returning 'false...' as value of setting 'auto_generate_summary'
In patch there is a requirement to change status to GENERATED
Emit event plan.node: 32 (patched keys: content, summary, status)
Notifying downstream node 33 (text) of changes in node 32
Notifying downstream node 34 (text) of changes in node 32
Notifying downstream node 35 (text) of changes in node 32
PROGRESS 2683s Цикл по чанкам
[regenerateSubtreeNodesContents] willRegenerate=true (regenerateManual=false)
In patch there is a requirement to change status to GENERATING
PROGRESS 2683s Цикл по чанкам / Подробности сцены
Emit event plan.node: 33 (patched keys: status)
Notifying downstream node 34 (text) of changes in node 33
Notifying downstream node 35 (text) of changes in node 33
Notifying downstream node 36 (text) of changes in node 33
[PlanNodeService] regenerate node.node_type_settings {"userPrompt":"## Возрастной рейтинг произведения\n\n18+.{{#if (or (eq \"18+\" \"18+\") (eq \"18+\" \"NC-21\"))}} Всем героям не менее 18 лет.{{/if}}\n\n## Что нужно сделать\n\nИз секции `## Синопсис (полный)` ниже извлеки **сенсорные, характерные, материальные подробности**, относящиеся ИМЕННО к текущему чанку. Чанк описан в `## Чанк (вход)` и `## План этого чанка` в конце сообщения; в `## План сцен (полный)` подан полный план — он нужен для того, чтобы ты понимал, какие сцены ПОСЛЕ текущего чанка и НЕ извлекал из них детали.\n\n## Что извлекать\n\n- **Предметы и реквизит** в кадре или в руках героев — конкретные объекты, упомянутые в синопсисе.\n- **Жесты, позы, движения** — конкретные авторские (например, «приподнимает кисть в этикетном жесте», «аккуратно убирает руки с бедер»).\n- **Сенсорика** — запахи, звуки, фактуры, свет, температура — то, что прямо названо в синопсисе.\n- **Реплики или характерные обороты персонажей**, упомянутые в синопсисе кавычками или прямой речью.\n- **Эмоциональные тонкости** — конкретные внутренние реакции, которые синопсис называет (а не общие настроения).\n- **Бытовые подробности**, уникальные для этого момента.\n\n## Что НЕ извлекать\n\n- События и подробности из сцен, которые в Плане сцен идут ПОСЛЕ текущего чанка — они будут раскрыты в своих чанках, не намекай и не вытаскивай их сюда.\n- {{#if (contains [Чанк] \"portion: first\")}}События и подробности из ВТОРОЙ половины текущей сцены (после строки `Closing beat` в метаданных). Эта половина отыгрывается в parallel-чанке `portion: last`; для текущего чанка извлекай только то, что укладывается в первую половину — до Closing beat включительно.{{else if (contains [Чанк] \"portion: last\")}}События и подробности из ПЕРВОЙ половины текущей сцены (до строки `Resume after` в метаданных, кроме самой точки Resume after). Эта половина уже отыграна в предыдущем чанке `portion: first`; для текущего чанка извлекай только то, что укладывается во вторую половину — от Resume after до Катастрофы.{{else}}Деталей из других чанков — нет других чанков для этой сцены, это full или packed.{{/if}}\n- Намерения и решения героев, которые в синопсисе раскрываются позже текущего чанка.\n- Общие сюжетные арки, темы, выводы — они уже учтены в Плане сцен и Реестре.\n\nЕсли в синопсисе для этого чанка подробностей мало или нет — выведи короткую строку «(в синопсисе нет специфики для этого чанка; опирайся на План чанка и общие правила Стиля)» и больше ничего.\n\n## Формат\n\nМаркированный список, сгруппированный по типу. Подзаголовки — `### Предметы`, `### Жесты`, `### Сенсорика`, `### Реплики`, `### Эмоции`. Под каждым — пункты `- <деталь как она есть в синопсисе>`. Пустую категорию пропускай (не пиши заголовок без пунктов). Без объяснений и интерпретаций — только сами детали. Верхняя граница 800 слов. На русском.\n\n## Синопсис (полный)\n```\n{{[Синопсис]}}\n```\n\n## План сцен (полный)\n```\n{{[План сцен]}}\n```\n\n## Чанк (вход)\n```\n{{[Чанк]}}\n```\n\n## План этого чанка\n```\n{{[План чанка]}}\n```"}
[PlanNodeService] regenerate settings {
  userPrompt: '## Возрастной рейтинг произведения\n' +
    '\n' +
    '18+.{{#if (or (eq "18+" "18+") (eq "18+" "NC-21"))}} Всем героям не менее 18 лет.{{/if}}\n' +
    '\n' +
    '## Что нужно сделать\n' +
    '\n' +
    'Из секции `## Синопсис (полный)` ниже извлеки **сенсорные, характерные, материальные подробности**, относящиеся ИМЕННО к текущему чанку. Чанк описан в `## Чанк (вход)` и `## План этого чанка` в конце сообщения; в `## План сцен (полный)` подан полный план — он нужен для того, чтобы ты понимал, какие сцены ПОСЛЕ текущего чанка и НЕ извлекал из них детали.\n' +
    '\n' +
    '## Что извлекать\n' +
    '\n' +
    '- **Предметы и реквизит** в кадре или в руках героев — конкретные объекты, упомянутые в синопсисе.\n' +
    '- **Жесты, позы, движения** — конкретные авторские (например, «приподнимает кисть в этикетном жесте», «аккуратно убирает руки с бедер»).\n' +
    '- **Сенсорика** — запахи, звуки, фактуры, свет, температура — то, что прямо названо в синопсисе.\n' +
    '- **Реплики или характерные обороты персонажей**, упомянутые в синопсисе кавычками или прямой речью.\n' +
    '- **Эмоциональные тонкости** — конкретные внутренние реакции, которые синопсис называет (а не общие настроения).\n' +
    '- **Бытовые подробности**, уникальные для этого момента.\n' +
    '\n' +
    '## Что НЕ извлекать\n' +
    '\n' +
    '- События и подробности из сцен, которые в Плане сцен идут ПОСЛЕ текущего чанка — они будут раскрыты в своих чанках, не намекай и не вытаскивай их сюда.\n' +
    '- {{#if (contains [Чанк] "portion: first")}}События и подробности из ВТОРОЙ половины текущей сцены (после строки `Closing beat` в метаданных). Эта половина отыгрывается в parallel-чанке `portion: last`; для текущего чанка извлекай только то, что укладывается в первую половину — до Closing beat включительно.{{else if (contains [Чанк] "portion: last")}}События и подробности из ПЕРВОЙ половины текущей сцены (до строки `Resume after` в метаданных, кроме самой точки Resume after). Эта половина уже отыграна в предыдущем чанке `portion: first`; для текущего чанка извлекай только то, что укладывается во вторую половину — от Resume after до Катастрофы.{{else}}Деталей из других чанков — нет других чанков для этой сцены, это full или packed.{{/if}}\n' +
    '- Намерения и решения героев, которые в синопсисе раскрываются позже текущего чанка.\n' +
    '- Общие сюжетные арки, темы, выводы — они уже учтены в Плане сцен и Реестре.\n' +
    '\n' +
    'Если в синопсисе для этого чанка подробностей мало или нет — выведи короткую строку «(в синопсисе нет специфики для этого чанка; опирайся на План чанка и общие правила Стиля)» и больше ничего.\n' +
    '\n' +
    '## Формат\n' +
    '\n' +
    'Маркированный список, сгруппированный по типу. Подзаголовки — `### Предметы`, `### Жесты`, `### Сенсорика`, `### Реплики`, `### Эмоции`. Под каждым — пункты `- <деталь как она есть в синопсисе>`. Пустую категорию пропускай (не пиши заголовок без пунктов). Без объяснений и интерпретаций — только сами детали. Верхняя граница 800 слов. На русском.\n' +
    '\n' +
    '## Синопсис (полный)\n' +
    '```\n' +
    '{{[Синопсис]}}\n' +
    '```\n' +
    '\n' +
    '## План сцен (полный)\n' +
    '```\n' +
    '{{[План сцен]}}\n' +
    '```\n' +
    '\n' +
    '## Чанк (вход)\n' +
    '```\n' +
    '{{[Чанк]}}\n' +
    '```\n' +
    '\n' +
    '## План этого чанка\n' +
    '```\n' +
    '{{[План чанка]}}\n' +
    '```'
}
[TextProcessor] regenerating node 33 (title: Подробности сцены)
Returning '"ollama"...' as value of setting 'current_backend'
Returning '"ollama"...' as value of setting 'current_backend'
Returning '{"ollama":{"bas...' as value of setting 'ai_config'
Returning '{"ollama":{"bas...' as value of setting 'ai_config'
Emit emitOnGenerationEvent
[TextProcessor] generated content length: 2491
Returning 'false...' as value of setting 'auto_generate_summary'
In patch there is a requirement to change status to GENERATED
Emit event plan.node: 33 (patched keys: content, summary, status)
Notifying downstream node 34 (text) of changes in node 33
Notifying downstream node 35 (text) of changes in node 33
Notifying downstream node 36 (text) of changes in node 33
PROGRESS 2735s Цикл по чанкам
[regenerateSubtreeNodesContents] node 34 not ready, missing sources: 31
[regenerateSubtreeNodesContents] node 35 not ready, missing sources: 34,31
[regenerateSubtreeNodesContents] node 37 not ready, missing sources: 36,34,31
[regenerateSubtreeNodesContents] willRegenerate=true (regenerateManual=false)
In patch there is a requirement to change status to GENERATING
PROGRESS 2735s Цикл по чанкам / Сборка предыдущих чанков
Emit event plan.node: 31 (patched keys: status)
Notifying downstream node 34 (text) of changes in node 31
Notifying downstream node 35 (text) of changes in node 31
[PlanNodeService] regenerate node.node_type_settings {"includeNodeTitle":false,"includeInputTitles":false,"fixHeaders":false}
[PlanNodeService] regenerate settings {
  includeNodeTitle: false,
  includeInputTitles: false,
  fixHeaders: false
}
[ForEachPrevOutputsProcessor] parent {
  id: 27,
  parent_id: null,
  title: 'Цикл по чанкам',
  content: '{"overrides":[{"28":{"content":"## Сцена 1: Ловушка из рутины\\n- **Цель / Конфликт / Катастрофа:** Брат фиксирует сестру на балконе, чтобы доказать её подчинение рациональному порядку и сохранить статус «разумного взрослого», скрывая собственную растерянность из-за забытого ключа. Выигрывает он видимое подтверждение контроля над ситуацией, но платит за это сжиганием мостов к спокойному быту. Конфликт обостряется: ветер срывает полотенце, оголяя сестру перед окнами соседних балконов, где видны силуэты жильцов, что превращает уязвимость в публичный позор. Сестра не может переждать: пронизывающий сквозняк и чужие взгляды заставляют её действовать немедленно. Катастрофа: дверь запирается, запечатывая её в ловушке, а брат остаётся один на один с необходимостью поддерживать маску непоколебимого администратора, теряя комфорт и спокойствие.\\n- **Эмоциональный сдвиг:** Из уверенной, чуть высокомерной позиции контроля (у брата) и спокойного подчинения (у сестры) к резкому шоку, физической тревоге и ощущению публичной наготы (у сестры) и скрытой панике от сорванного сценария (у брата).","summary":null,"word_count":0,"char_count":0,"byte_count":0,"status":"OUTDATED"},"29":{"content":null,"summary":null,"word_count":0,"char_count":0,"byte_count":0,"status":"EMPTY"},"30":{"content":null,"summary":null,"word_count":0,"char_count":0,"byte_count":0,"status":"EMPTY"},"31":{"content":null,"summary":null,"word_count":0,"char_count":0,"byte_count":0,"status":"EMPTY"},"32":{"content":null,"summary":null,"word_count":0,"char_count":0,"byte_count":0,"status":"OUTDATED"},"33":{"content":null,"summary":null,"word_count":0,"char_count":0,"byte_count":0,"status":"OUTDATED"},"34":{"content":null,"summary":null,"word_count":0,"char_count":0,"byte_count":0,"status":"OUTDATED"},"35":{"content":null,"summary":null,"word_count":0,"char_count":0,"byte_count":0,"status":"OUTDATED"},"36":{"content":null,"summary":null,"word_count":0,"char_count":0,"byte_count":0,"status":"OUTDATED"},"37":{"content":null,"summary":null,"word_count":0,"char_count":0,"byte_count":0,"status":"OUTDATED"},"38":{"content":null,"summary":null,"word_count":0,"char_count":0,"byte_count":0,"status":"OUTDATED"},"39":{"content":"","summary":null,"word_count":0,"char_count":0,"byte_count":0,"status":"OUTDATED"}},{"28":{"content":"## Сцена 2: Металлический спуск\\n- **Цель / Конфликт / Катастрофа:** Сестра спускается по лестнице, стремясь быстро завершить процедуру, чтобы сохранить остаток достоинства и не выглядеть «сломанной» в глазах брата. Она выигрывает шанс вернуть себе субъектность, выйдя из пассивной роли объекта, но платит за это физическим дискомфортом: холодный, шершавый металл обжигает её тело, лишая тепла и укрытия. Конфликт строится на контрасте её незащищённости и ледяного металла, который превращает её тело в инструмент транспортировки. Катастрофа: достигнув первого этажа, она обнаруживает, что механический замок домофона заедает, а динамик хрипит, делая её зависимость от воли брата и хрупкой механики дома абсолютно осязаемой и болезненной, заставляя её платить за каждый шаг собственным теплом.\\n- **Эмоциональный сдвиг:** Из состояния активного движения и попытки сохранить достоинство (нейтральное → тревога) к ощущению полной зависимости от внешнего механизма, чужого голоса и собственного тела (тревога → беспомощность).","summary":null,"word_count":null,"char_count":null,"byte_count":null,"status":"OUTDATED"},"29":{"content":null,"summary":null,"word_count":null,"char_count":null,"byte_count":null,"status":"OUTDATED"},"30":{"content":null,"summary":null,"word_count":null,"char_count":null,"byte_count":null,"status":"OUTDATED"},"31":{"content":null,"summary":null,"word_count":null,"char_count":null,"byte_count":null,"status":"OUTDATED"},"32":{"content":null,"summary":null,"word_count":null,"char_count":null,"byte_count":null,"status":"OUTDATED"},"33":{"content":null,"summary":null,"word_count":null,"char_count":null,"byte_count":null,"status":"OUTDATED"},"34":{"content":null,"summary":null,"word_count":null,"char_count":null,"byte_count":null,"status":"OUTDATED"},"35":{"content":null,"summary":null,"word_count":null,"char_count":null,"byte_count":null,"status":"OUTDATED"},"36":{"content":null,"summary":null,"word_count":null,"char_count":null,"byte_count":null,"status":"OUTDATED"},"37":{"content":null,"summary":null,"word_count":null,"char_count":null,"byte_count":null,"status":"OUTDATED"},"38":{"content":null,"summary":null,"word_count":null,"char_count":null,"byte_count":null,"status":"OUTDATED"},"39":{"content":null,"summary":null,"word_count":null,"char_count":null,"byte_count":null,"status":"OUTDATED"}},{"28":{"content":"## Сцена 3: Ключ в кармане\\n- **Цель / Конфликт / Катастрофа:** Брат пытается сохранить маску спокойного администратора, используя сухую терминологию («Температура в норме») как щит от собственной неловкости и дрожи, чтобы не выдать растерянность из-за забытого ключа в кармане. Цена для него высока: он жертвует естественной человеческой связью, превращая близость в чистую процедуру, чтобы не показывать уязвимость. Конфликт обостряется, когда сестра задаёт личный вопрос, а он механически отбивает эмоцию регламентом. Катастрофа: сестра, услышав холодную реплику, резко отпускает кнопку вызова, разрывая канал связи, и делает шаг назад из зоны видимости камеры, физически отказываясь от его правил и принуждая его столкнуться с тишиной и собственным одиночеством.\\n- **Эмоциональный сдвиг:** Из состояния контролирующей, хотя и напряжённой позиции (брат) и подчинённой тревоги (сестра) к моменту активного разрыва контакта, видимому жесту отказа от правил игры и обретению решимости (безпомощность → протест/решимость).","summary":null,"word_count":null,"char_count":null,"byte_count":null,"status":"OUTDATED"},"29":{"content":null,"summary":null,"word_count":null,"char_count":null,"byte_count":null,"status":"OUTDATED"},"30":{"content":null,"summary":null,"word_count":null,"char_count":null,"byte_count":null,"status":"OUTDATED"},"31":{"content":null,"summary":null,"word_count":null,"char_count":null,"byte_count":null,"status":"OUTDATED"},"32":{"content":null,"summary":null,"word_count":null,"char_count":null,"byte_count":null,"status":"OUTDATED"},"33":{"content":null,"summary":null,"word_count":null,"char_count":null,"byte_count":null,"status":"OUTDATED"},"34":{"content":null,"summary":null,"word_count":null,"char_count":null,"byte_count":null,"status":"OUTDATED"},"35":{"content":null,"summary":null,"word_count":null,"char_count":null,"byte_count":null,"status":"OUTDATED"},"36":{"content":null,"summary":null,"word_count":null,"char_count":null,"byte_count":null,"status":"OUTDATED"},"37":{"content":null,"summary":null,"word_count":null,"char_count":null,"byte_count":null,"status":"OUTDATED"},"38":{"content":null,"summary":null,"word_count":null,"char_count":null,"byte_count":null,"status":"OUTDATED"},"39":{"content":null,"summary":null,"word_count":null,"char_count":null,"byte_count":null,"status":"OUTDATED"}}],"length":3,"currentIndex":0}',
  position: 22,
  created_at: '2026-08-25 14:51:56',
  type: 'for-each',
  x: 5230,
  y: 257,
  summary: null,
  ai_sync_info: null,
  word_count: 0,
  char_count: 0,
  byte_count: 0,
  review_base_content: null,
  ai_improve_instruction: null,
  node_type_settings: null,
  status: 'GENERATING',
  ai_settings: null,
  in_review: 0,
  width: 2530,
  height: 726
}
[ForEachPrevOutputsProcessor] parsedParentContent {
  overrides: [
    {
      '28': [Object],
      '29': [Object],
      '30': [Object],
      '31': [Object],
      '32': [Object],
      '33': [Object],
      '34': [Object],
      '35': [Object],
      '36': [Object],
      '37': [Object],
      '38': [Object],
      '39': [Object]
    },
    {
      '28': [Object],
      '29': [Object],
      '30': [Object],
      '31': [Object],
      '32': [Object],
      '33': [Object],
      '34': [Object],
      '35': [Object],
      '36': [Object],
      '37': [Object],
      '38': [Object],
      '39': [Object]
    },
    {
      '28': [Object],
      '29': [Object],
      '30': [Object],
      '31': [Object],
      '32': [Object],
      '33': [Object],
      '34': [Object],
      '35': [Object],
      '36': [Object],
      '37': [Object],
      '38': [Object],
      '39': [Object]
    }
  ],
  length: 3,
  currentIndex: 0
}
[ForEachPrevOutputsProcessor] currentIndex 0
Returning 'false...' as value of setting 'auto_generate_summary'
In patch there is a requirement to change status to EMPTY
Emit event plan.node: 31 (patched keys: content, summary, status)
Notifying downstream node 34 (text) of changes in node 31
Notifying downstream node 35 (text) of changes in node 31
PROGRESS 2735s Цикл по чанкам
[regenerateSubtreeNodesContents] node 36 not ready, missing sources: 35,34
[regenerateSubtreeNodesContents] willRegenerate=true (regenerateManual=false)
In patch there is a requirement to change status to GENERATING
PROGRESS 2735s Цикл по чанкам / Режиссёрские пометки чанка
Emit event plan.node: 34 (patched keys: status)
Notifying downstream node 35 (text) of changes in node 34
Notifying downstream node 36 (text) of changes in node 34
[PlanNodeService] regenerate node.node_type_settings {"userPrompt":"## Возрастной рейтинг произведения\n\n18+.{{#if (or (eq \"18+\" \"18+\") (eq \"18+\" \"NC-21\"))}} Всем героям не менее 18 лет.{{/if}}\n\n## Стиль (для справки)\n```\n{{[Стиль]}}\n```\n\n## Сеттинг\n```\n{{[Сеттинг]}}\n```\n\n## Сборка предыдущих чанков (если есть — даёт хвост, к которому подцепится этот чанк)\n```\n{{[Сборка предыдущих чанков]}}\n```\n\n## Чанк (вход)\n```\n{{[Чанк]}}\n```\n\n## План чанка\n```\n{{[План чанка]}}\n```\n\n## Подробности сцены (извлечённые из синопсиса для этого чанка)\n```\n{{[Подробности сцены]}}\n```\n\n## Что нужно сделать\n\nДай режиссёрские пометки к содержимому этого чанка. Используй секцию `## Подробности сцены` (см. ниже) как источник конкретных авторских деталей (предметы, жесты, реплики, сенсорика) — они приоритетны при выборе якорей, образа, цитат и физических жестов финала. Эти пометки — постановочная подсказка для следующего узла, который пишет прозу; они переводят план в конкретные крючки, по которым проза удерживает арку и связность с предыдущими чанками.\n\n## Пункты пометок\n\nДля каждой сцены или фрагмента в этом чанке{{#if (contains [Чанк] \"**Режим:** packed\")}} (отдельный блок под `### Сцена N` для каждой сцены пакета){{/if}}:\n\n1. **Подтекст** — что персонажи имеют в виду, не говоря этого вслух.\n2. **3 якоря-конкретики из Сеттинга** — выбери три физических элемента из текста Сеттинга, которые появятся в прозе как материальные детали: конкретные объекты, точки пространства, звуки, запахи, тактильные/температурные ощущения. Не атмосферные общие места («было темно», «пахло старостью»), а опознаваемые детали Сеттинга. Если Сеттинг пустой или не содержит конкретики — пометь «без якорей».\n3. **Ключевой образ** (visual punch) — что один читатель должен унести зрительной памятью.\n4. **Маркер времени** — если в Сеттинге установлено временное ограничение (дедлайн, приближающееся событие, время суток), выбери одну объективную деталь, которая делает приближение видимым: показания часов, темнеющее небо, расписание на стене, звук вечерней электрички, остановившийся будильник. Эта деталь появится в прозе как объект, не как мысль персонажа. Если дедлайна в Сеттинге нет — пометь «без маркера времени».\n5. **Эмоциональный старт** — конкретное чувство персонажа в первой строке прозы. {{#if (ne [Номер чанка] \"1\")}}Старт совпадает с эмоциональным состоянием, в котором закончился последний чанк (если герой вышел в гневе — старт «в гневе», не «спокойная решимость»; если в сомнении — продолжение сомнения).{{else}}Старт задаётся открывающей мизансценой (это первый чанк повести, предыдущих нет).{{/if}}\n6. **Цитата-якорь** — {{#if (ne [Номер чанка] \"1\")}}дословная фраза из 3–7 слов, взятая из последнего чанка в секции «Сборка предыдущих чанков». Эта цитата появится в прозе либо дословно (в воспоминании / внутренней реплике персонажа), либо переформулированной в реплике другого персонажа.{{else}}пометь «без цитаты-якоря» (это первый чанк повести).{{/if}}\n7. **Первая фраза прозы** — буквальный текст. {{#if (or (contains [Чанк] \"**Режим:** full\") (contains [Чанк] \"**Режим:** packed\") (contains [Чанк] \"portion: first\"))}}Открывает сцену.{{else}}Одна-две фразы-эхо события `Resume after` из метаданных (физическое следствие, отголосок жеста), затем сцена продолжается. Первая фраза НЕ повторяет Resume after дословно как событие — это уже отыграно в предыдущем чанке.{{/if}}\n8. **Последняя фраза прозы + физический жест** — буквальный текст последней фразы И сопровождающий её жест. Жест содержит звук или громкую визуальную деталь — закрывающаяся дверь, разорванный лист, погасший свет, движение от/к конкретному объекту. {{#if (contains [Чанк] \"portion: first\")}}Этот fragment-чанк не закрывает сцену — финал = событие `Closing beat` из метаданных чанка (или его непосредственный физический финал). Катастрофы здесь нет.{{else if (contains [Чанк] \"portion: middle\")}}Этот fragment-чанк не закрывает сцену — финал = мостик в следующий чанк, обрыв на полу-движении.{{else if (contains [Чанк] \"**Режим:** packed\")}}Для каждой сцены пакета — своя финальная фраза + жест.{{else}}Финал = Катастрофа, конкретный и необратимый в моменте жест.{{/if}}\n\n## Формат вывода\n\nМаркированный список из 8 пунктов в указанном выше порядке. {{#if (contains [Чанк] \"**Режим:** packed\")}}Отдельный блок `### Сцена N: <Заголовок>` для каждой сцены пакета, под каждым заголовком — те же 8 пунктов (или сокращённый набор, если сцена короткая: пункты 1, 2 (1 якорь вместо 3), 3, 7, 8). {{/if}}200–400 слов на пометки чанка целиком. Это пометки для следующего узла, прозы внутри быть не должно — только перечисленные пункты. На русском."}
[PlanNodeService] regenerate settings {
  userPrompt: '## Возрастной рейтинг произведения\n' +
    '\n' +
    '18+.{{#if (or (eq "18+" "18+") (eq "18+" "NC-21"))}} Всем героям не менее 18 лет.{{/if}}\n' +
    '\n' +
    '## Стиль (для справки)\n' +
    '```\n' +
    '{{[Стиль]}}\n' +
    '```\n' +
    '\n' +
    '## Сеттинг\n' +
    '```\n' +
    '{{[Сеттинг]}}\n' +
    '```\n' +
    '\n' +
    '## Сборка предыдущих чанков (если есть — даёт хвост, к которому подцепится этот чанк)\n' +
    '```\n' +
    '{{[Сборка предыдущих чанков]}}\n' +
    '```\n' +
    '\n' +
    '## Чанк (вход)\n' +
    '```\n' +
    '{{[Чанк]}}\n' +
    '```\n' +
    '\n' +
    '## План чанка\n' +
    '```\n' +
    '{{[План чанка]}}\n' +
    '```\n' +
    '\n' +
    '## Подробности сцены (извлечённые из синопсиса для этого чанка)\n' +
    '```\n' +
    '{{[Подробности сцены]}}\n' +
    '```\n' +
    '\n' +
    '## Что нужно сделать\n' +
    '\n' +
    'Дай режиссёрские пометки к содержимому этого чанка. Используй секцию `## Подробности сцены` (см. ниже) как источник конкретных авторских деталей (предметы, жесты, реплики, сенсорика) — они приоритетны при выборе якорей, образа, цитат и физических жестов финала. Эти пометки — постановочная подсказка для следующего узла, который пишет прозу; они переводят план в конкретные крючки, по которым проза удерживает арку и связность с предыдущими чанками.\n' +
    '\n' +
    '## Пункты пометок\n' +
    '\n' +
    'Для каждой сцены или фрагмента в этом чанке{{#if (contains [Чанк] "**Режим:** packed")}} (отдельный блок под `### Сцена N` для каждой сцены пакета){{/if}}:\n' +
    '\n' +
    '1. **Подтекст** — что персонажи имеют в виду, не говоря этого вслух.\n' +
    '2. **3 якоря-конкретики из Сеттинга** — выбери три физических элемента из текста Сеттинга, которые появятся в прозе как материальные детали: конкретные объекты, точки пространства, звуки, запахи, тактильные/температурные ощущения. Не атмосферные общие места («было темно», «пахло старостью»), а опознаваемые детали Сеттинга. Если Сеттинг пустой или не содержит конкретики — пометь «без якорей».\n' +
    '3. **Ключевой образ** (visual punch) — что один читатель должен унести зрительной памятью.\n' +
    '4. **Маркер времени** — если в Сеттинге установлено временное ограничение (дедлайн, приближающееся событие, время суток), выбери одну объективную деталь, которая делает приближение видимым: показания часов, темнеющее небо, расписание на стене, звук вечерней электрички, остановившийся будильник. Эта деталь появится в прозе как объект, не как мысль персонажа. Если дедлайна в Сеттинге нет — пометь «без маркера времени».\n' +
    '5. **Эмоциональный старт** — конкретное чувство персонажа в первой строке прозы. {{#if (ne [Номер чанка] "1")}}Старт совпадает с эмоциональным состоянием, в котором закончился последний чанк (если герой вышел в гневе — старт «в гневе», не «спокойная решимость»; если в сомнении — продолжение сомнения).{{else}}Старт задаётся открывающей мизансценой (это первый чанк повести, предыдущих нет).{{/if}}\n' +
    '6. **Цитата-якорь** — {{#if (ne [Номер чанка] "1")}}дословная фраза из 3–7 слов, взятая из последнего чанка в секции «Сборка предыдущих чанков». Эта цитата появится в прозе либо дословно (в воспоминании / внутренней реплике персонажа), либо переформулированной в реплике другого персонажа.{{else}}пометь «без цитаты-якоря» (это первый чанк повести).{{/if}}\n' +
    '7. **Первая фраза прозы** — буквальный текст. {{#if (or (contains [Чанк] "**Режим:** full") (contains [Чанк] "**Режим:** packed") (contains [Чанк] "portion: first"))}}Открывает сцену.{{else}}Одна-две фразы-эхо события `Resume after` из метаданных (физическое следствие, отголосок жеста), затем сцена продолжается. Первая фраза НЕ повторяет Resume after дословно как событие — это уже отыграно в предыдущем чанке.{{/if}}\n' +
    '8. **Последняя фраза прозы + физический жест** — буквальный текст последней фразы И сопровождающий её жест. Жест содержит звук или громкую визуальную деталь — закрывающаяся дверь, разорванный лист, погасший свет, движение от/к конкретному объекту. {{#if (contains [Чанк] "portion: first")}}Этот fragment-чанк не закрывает сцену — финал = событие `Closing beat` из метаданных чанка (или его непосредственный физический финал). Катастрофы здесь нет.{{else if (contains [Чанк] "portion: middle")}}Этот fragment-чанк не закрывает сцену — финал = мостик в следующий чанк, обрыв на полу-движении.{{else if (contains [Чанк] "**Режим:** packed")}}Для каждой сцены пакета — своя финальная фраза + жест.{{else}}Финал = Катастрофа, конкретный и необратимый в моменте жест.{{/if}}\n' +
    '\n' +
    '## Формат вывода\n' +
    '\n' +
    'Маркированный список из 8 пунктов в указанном выше порядке. {{#if (contains [Чанк] "**Режим:** packed")}}Отдельный блок `### Сцена N: <Заголовок>` для каждой сцены пакета, под каждым заголовком — те же 8 пунктов (или сокращённый набор, если сцена короткая: пункты 1, 2 (1 якорь вместо 3), 3, 7, 8). {{/if}}200–400 слов на пометки чанка целиком. Это пометки для следующего узла, прозы внутри быть не должно — только перечисленные пункты. На русском.'
}
[TextProcessor] regenerating node 34 (title: Режиссёрские пометки чанка)
Returning '"ollama"...' as value of setting 'current_backend'
Returning '"ollama"...' as value of setting 'current_backend'
Returning '{"ollama":{"bas...' as value of setting 'ai_config'
Returning '{"ollama":{"bas...' as value of setting 'ai_config'
Emit emitOnGenerationEvent
[TextProcessor] generated content length: 2132
Returning 'false...' as value of setting 'auto_generate_summary'
In patch there is a requirement to change status to GENERATED
Emit event plan.node: 34 (patched keys: content, summary, status)
Notifying downstream node 35 (text) of changes in node 34
Notifying downstream node 36 (text) of changes in node 34
PROGRESS 2794s Цикл по чанкам
[regenerateSubtreeNodesContents] willRegenerate=true (regenerateManual=false)
In patch there is a requirement to change status to GENERATING
PROGRESS 2794s Цикл по чанкам / Проза чанка
Emit event plan.node: 35 (patched keys: status)
Notifying downstream node 36 (text) of changes in node 35
[PlanNodeService] regenerate node.node_type_settings {"userPrompt":"## Возрастной рейтинг произведения\n\n18+.{{#if (or (eq \"18+\" \"18+\") (eq \"18+\" \"NC-21\"))}} Всем героям не менее 18 лет.{{/if}}\n\n## Стиль\n```\n{{[Стиль]}}\n```\n\n## Сводка по персонажам\n```\n{{[Сводка по персонажам]}}\n```\n\n## Сеттинг\n```\n{{[Сеттинг]}}\n```\n\n## Реестр сетапов и пэйоффов\n```\n{{[Реестр сетапов и пэйоффов]}}\n```\n\n{{#if (ne [Номер чанка] \"1\")}}\n## Предыдущие чанки этой повести (контекст для continuity)\n```\n{{[Сборка предыдущих чанков]}}\n```\n\n{{/if}}\n## Чанк (метаданные: mode + сцены)\n```\n{{[Чанк]}}\n```\n\n## План этого чанка\n```\n{{[План чанка]}}\n```\n\n## Режиссёрские пометки этого чанка\n```\n{{[Режиссёрские пометки чанка]}}\n```\n\n## Подробности сцены (извлечённые из синопсиса для этого чанка)\n```\n{{[Подробности сцены]}}\n```\n\n## Что нужно сделать\n\n{{#if (ne [Номер чанка] \"1\")}}Напиши прозу этого чанка как **продолжение арки повести**, не как самостоятельный рассказ.{{else}}Напиши прозу **первого чанка повести** — открытие арки. Этот чанк закладывает мир, главного героя и тон повествования; читатель встречается с ними впервые здесь.{{/if}} Используй секцию `## Подробности сцены` (см. выше) как авторский источник: предметы, жесты, реплики, сенсорика оттуда — это конкретика, которой нет в плане, и она должна попасть в прозу там, где уместно. Не вытаскивай из неё то, чего там нет (не выдумывай свои детали поверх), и не намекай на события из будущих сцен. Раскрывай объём сенсорной конкретикой (опираясь на якоря в режиссёрских пометках), репликами и подтекстом в них, телесными жестами и микродействиями персонажей. Поведение зависит от режима чанка (read в `## Чанк (метаданные)` выше).\n\n{{#if (ne [Номер чанка] \"1\")}}\n## Continuity — это не первый чанк\n\nМир, имена ведущего персонажа, локация и временной фон уже установлены в предыдущих чанках; повторного ввода (вход персонажа в кадр с представлением, описание дома «впервые», экспозиция времени года) НЕ требуется — начинай с действия или реплики, цепляющейся за событие/состояние конца последнего чанка.\n\nПовесть — одна арка, чанки её собирают. Эта проза:\n\n1. **Стартует из эмоционального состояния**, в котором закончился последний чанк (для fragment portion=middle/last — конкретно последний чанк этой же сцены; для full/packed/fragment-first — последний чанк предыдущей сцены).\n2. **Содержит минимум 1–2 явные отсылки** к конкретным событиям/решениям/репликам/объектам из предыдущих чанков (имя названо, артефакт упомянут, цитата перефразирована, последствие решения видно).\n3. **Развивает отношения персонажей** с памятью о предыдущих взаимодействиях (поцелуй / ссора / признание / договорённость остаются в подтексте).\n4. **Незакрытые сетапы** из предыдущих чанков либо платят здесь, либо остаются заряженными в фоне.\n{{else}}\n## Открывающий чанк\n\nЭто первый чанк повести. Первые 200–300 слов прозы выделены на физическую мизансцену через действие персонажа, не через экспозицию: имя ведущего героя, конкретная локация из Сеттинга и временной маркер (час суток / событие) появляются в первых трёх абзацах как часть действия, а не списком характеристик.\n{{/if}}\n\n{{#if (contains [Чанк] \"**Режим:** full\")}}\n## Что писать (mode = full — одна сцена целиком)\n\nПосле заголовка из правила 1 — законченная сцена: G/C/D и смена эмоционального заряда. Первая и последняя фразы прозы — те, что указаны в режиссёрских пометках. Сцена закрывается видимой Катастрофой.\n{{else if (contains [Чанк] \"**Режим:** packed\")}}\n## Что писать (mode = packed — несколько коротких сцен в одном чанке)\n\nПосле заголовка из правила 1 — для каждой сцены пакета подзаголовок `### Сцена K: <Заголовок>` (K — id сцены из плана), пустая строка, проза сцены с собственной G/C/D. Между сценами — пустая строка.\n{{else if (contains [Чанк] \"portion: first\")}}\n## Что писать (mode = fragment, portion = first — начало длинной сцены)\n\nПосле заголовка из правила 1 — открытие и развитие сцены: ставится Цель, нарастает Конфликт-до-обрыва, заканчивается чанк **ровно на событии, описанном в строке `Closing beat`** метаданных чанка. Закрывающая фраза прозы — этот Closing beat (или его непосредственное физическое следствие). Катастрофы здесь нет — её отыграет следующий чанк. После Closing beat — конец вывода, никаких эпилогов и переходов.\n{{else if (contains [Чанк] \"portion: middle\")}}\n## Что писать (mode = fragment, portion = middle — середина длинной сцены)\n\nПосле заголовка из правила 1 — продолжение сцены с того места, где её оборвал предыдущий чанк (см. секцию «Предыдущие чанки этой повести» выше — последние чанки этой же сцены легко найти по metadata). Развитие Конфликта, новые препятствия. Финал прозы — мостик дальше, заданный режиссёрскими пометками.\n{{else}}\n## Что писать (mode = fragment, portion = last — завершение длинной сцены)\n\nСобытие, описанное в строке `Resume after` метаданных чанка, **уже отыграно в предыдущем чанке** (полную прозу первого чанка см. в секции «Предыдущие чанки этой повести»). Не переписывай его как сцену. После заголовка из правила 1 — одна-две фразы-эхо точки подхвата (физическое следствие, отголосок, продолжение жеста — НЕ пересказ Resume after), затем сразу продолжение Конфликта-после-обрыва и доведение сцены до Катастрофы. Катастрофа — видимое СОБЫТИЕ (жест, реплика, разрыв, движение, появление/исчезновение объекта). Последняя фраза прозы — та, что указана в режиссёрских пометках.\n{{/if}}\n\n## Жёсткие правила\n\n1. **Первая строка** — ровно `## Часть {{[Номер чанка]}}` (один заголовок верхнего уровня; в packed-режиме дополнительно появляются подзаголовки `### Сцена K: <Заголовок>`, см. mode=packed выше). Других `## Часть`-заголовков в выводе ровно один.\n2. После заголовка — пустая строка, затем проза.\n3. **Объём прозы — от 1450 до 1550 слов на чанк** (для packed — суммарно по сценам).\n4. Первая и последняя фразы прозы совпадают с теми, что заданы режиссёрскими пометками. Жест в финале — конкретный физический жест из пометок (звук закрытия, разорванный объект, движение от/к материальному предмету).\n5. Предыдущие чанки даны для continuity, а не для копирования: ссылка идёт на события, не на дословный текст ВСЕЙ прозы предыдущего чанка. Цитата-якорь (3–7 слов из режиссёрских пометок) — единственная допустимая дословная отсылка.\n6. Информация о персонажах из сводки раскрывается через действие и речь, а не прямой выкладкой.\n7. **Минимум 3 конкретных элемента из Сеттинга** появляются в прозе чанка как материальные детали (объекты, локации, звуки, запахи, температуры — из якорей в режиссёрских пометках). Общие места «было темно», «пахло старым» не считаются.\n8. **Раскрытие сетапов из реестра — дословно.** Если по Реестру сетапов и пэйоффов в этой сцене должен раскрываться сетап (имя, факт, артефакт, признание) — он произносится в прозе ИМЕННО ТЕМ СЛОВОМ, что в реестре. Описательные обходы («то самое имя», «ту женщину», «известный факт») сетап не раскрывают.\n9. **Идентифицированный источник у внешних действий.** Звонок телефона, стук в дверь, реплика за кадром, входящее сообщение, появление кого-то в кадре — все имеют идентифицированного источника: либо персонаж по имени из Сводки по персонажам, либо явное «неизвестный» с указанием, почему неизвестно (чужой номер на экране, тёмное окно, незнакомый голос). Безличных «телефон зазвонил» / «дверь открылась» без атрибуции не остаётся.\n10. **Голосовые маркеры в репликах.** В диалоге каждый персонаж говорит со своими лексическими паттернами из его профиля в Сводке по персонажам (поле «голос»): минимум 1 узнаваемый маркер на персонажа в каждой его реплике длиннее 5 слов. Реплики разных персонажей различимы по маркерам без атрибуции «сказала Аня».\n11. Сразу после последней фразы прозы — конец вывода. Следующий чанк будет сгенерирован отдельным вызовом со своим контекстом.\n\nПиши на русском."}
[PlanNodeService] regenerate settings {
  userPrompt: '## Возрастной рейтинг произведения\n' +
    '\n' +
    '18+.{{#if (or (eq "18+" "18+") (eq "18+" "NC-21"))}} Всем героям не менее 18 лет.{{/if}}\n' +
    '\n' +
    '## Стиль\n' +
    '```\n' +
    '{{[Стиль]}}\n' +
    '```\n' +
    '\n' +
    '## Сводка по персонажам\n' +
    '```\n' +
    '{{[Сводка по персонажам]}}\n' +
    '```\n' +
    '\n' +
    '## Сеттинг\n' +
    '```\n' +
    '{{[Сеттинг]}}\n' +
    '```\n' +
    '\n' +
    '## Реестр сетапов и пэйоффов\n' +
    '```\n' +
    '{{[Реестр сетапов и пэйоффов]}}\n' +
    '```\n' +
    '\n' +
    '{{#if (ne [Номер чанка] "1")}}\n' +
    '## Предыдущие чанки этой повести (контекст для continuity)\n' +
    '```\n' +
    '{{[Сборка предыдущих чанков]}}\n' +
    '```\n' +
    '\n' +
    '{{/if}}\n' +
    '## Чанк (метаданные: mode + сцены)\n' +
    '```\n' +
    '{{[Чанк]}}\n' +
    '```\n' +
    '\n' +
    '## План этого чанка\n' +
    '```\n' +
    '{{[План чанка]}}\n' +
    '```\n' +
    '\n' +
    '## Режиссёрские пометки этого чанка\n' +
    '```\n' +
    '{{[Режиссёрские пометки чанка]}}\n' +
    '```\n' +
    '\n' +
    '## Подробности сцены (извлечённые из синопсиса для этого чанка)\n' +
    '```\n' +
    '{{[Подробности сцены]}}\n' +
    '```\n' +
    '\n' +
    '## Что нужно сделать\n' +
    '\n' +
    '{{#if (ne [Номер чанка] "1")}}Напиши прозу этого чанка как **продолжение арки повести**, не как самостоятельный рассказ.{{else}}Напиши прозу **первого чанка повести** — открытие арки. Этот чанк закладывает мир, главного героя и тон повествования; читатель встречается с ними впервые здесь.{{/if}} Используй секцию `## Подробности сцены` (см. выше) как авторский источник: предметы, жесты, реплики, сенсорика оттуда — это конкретика, которой нет в плане, и она должна попасть в прозу там, где уместно. Не вытаскивай из неё то, чего там нет (не выдумывай свои детали поверх), и не намекай на события из будущих сцен. Раскрывай объём сенсорной конкретикой (опираясь на якоря в режиссёрских пометках), репликами и подтекстом в них, телесными жестами и микродействиями персонажей. Поведение зависит от режима чанка (read в `## Чанк (метаданные)` выше).\n' +
    '\n' +
    '{{#if (ne [Номер чанка] "1")}}\n' +
    '## Continuity — это не первый чанк\n' +
    '\n' +
    'Мир, имена ведущего персонажа, локация и временной фон уже установлены в предыдущих чанках; повторного ввода (вход персонажа в кадр с представлением, описание дома «впервые», экспозиция времени года) НЕ требуется — начинай с действия или реплики, цепляющейся за событие/состояние конца последнего чанка.\n' +
    '\n' +
    'Повесть — одна арка, чанки её собирают. Эта проза:\n' +
    '\n' +
    '1. **Стартует из эмоционального состояния**, в котором закончился последний чанк (для fragment portion=middle/last — конкретно последний чанк этой же сцены; для full/packed/fragment-first — последний чанк предыдущей сцены).\n' +
    '2. **Содержит минимум 1–2 явные отсылки** к конкретным событиям/решениям/репликам/объектам из предыдущих чанков (имя названо, артефакт упомянут, цитата перефразирована, последствие решения видно).\n' +
    '3. **Развивает отношения персонажей** с памятью о предыдущих взаимодействиях (поцелуй / ссора / признание / договорённость остаются в подтексте).\n' +
    '4. **Незакрытые сетапы** из предыдущих чанков либо платят здесь, либо остаются заряженными в фоне.\n' +
    '{{else}}\n' +
    '## Открывающий чанк\n' +
    '\n' +
    'Это первый чанк повести. Первые 200–300 слов прозы выделены на физическую мизансцену через действие персонажа, не через экспозицию: имя ведущего героя, конкретная локация из Сеттинга и временной маркер (час суток / событие) появляются в первых трёх абзацах как часть действия, а не списком характеристик.\n' +
    '{{/if}}\n' +
    '\n' +
    '{{#if (contains [Чанк] "**Режим:** full")}}\n' +
    '## Что писать (mode = full — одна сцена целиком)\n' +
    '\n' +
    'После заголовка из правила 1 — законченная сцена: G/C/D и смена эмоционального заряда. Первая и последняя фразы прозы — те, что указаны в режиссёрских пометках. Сцена закрывается видимой Катастрофой.\n' +
    '{{else if (contains [Чанк] "**Режим:** packed")}}\n' +
    '## Что писать (mode = packed — несколько коротких сцен в одном чанке)\n' +
    '\n' +
    'После заголовка из правила 1 — для каждой сцены пакета подзаголовок `### Сцена K: <Заголовок>` (K — id сцены из плана), пустая строка, проза сцены с собственной G/C/D. Между сценами — пустая строка.\n' +
    '{{else if (contains [Чанк] "portion: first")}}\n' +
    '## Что писать (mode = fragment, portion = first — начало длинной сцены)\n' +
    '\n' +
    'После заголовка из правила 1 — открытие и развитие сцены: ставится Цель, нарастает Конфликт-до-обрыва, заканчивается чанк **ровно на событии, описанном в строке `Closing beat`** метаданных чанка. Закрывающая фраза прозы — этот Closing beat (или его непосредственное физическое следствие). Катастрофы здесь нет — её отыграет следующий чанк. После Closing beat — конец вывода, никаких эпилогов и переходов.\n' +
    '{{else if (contains [Чанк] "portion: middle")}}\n' +
    '## Что писать (mode = fragment, portion = middle — середина длинной сцены)\n' +
    '\n' +
    'После заголовка из правила 1 — продолжение сцены с того места, где её оборвал предыдущий чанк (см. секцию «Предыдущие чанки этой повести» выше — последние чанки этой же сцены легко найти по metadata). Развитие Конфликта, новые препятствия. Финал прозы — мостик дальше, заданный режиссёрскими пометками.\n' +
    '{{else}}\n' +
    '## Что писать (mode = fragment, portion = last — завершение длинной сцены)\n' +
    '\n' +
    'Событие, описанное в строке `Resume after` метаданных чанка, **уже отыграно в предыдущем чанке** (полную прозу первого чанка см. в секции «Предыдущие чанки этой повести»). Не переписывай его как сцену. После заголовка из правила 1 — одна-две фразы-эхо точки подхвата (физическое следствие, отголосок, продолжение жеста — НЕ пересказ Resume after), затем сразу продолжение Конфликта-после-обрыва и доведение сцены до Катастрофы. Катастрофа — видимое СОБЫТИЕ (жест, реплика, разрыв, движение, появление/исчезновение объекта). Последняя фраза прозы — та, что указана в режиссёрских пометках.\n' +
    '{{/if}}\n' +
    '\n' +
    '## Жёсткие правила\n' +
    '\n' +
    '1. **Первая строка** — ровно `## Часть {{[Номер чанка]}}` (один заголовок верхнего уровня; в packed-режиме дополнительно появляются подзаголовки `### Сцена K: <Заголовок>`, см. mode=packed выше). Других `## Часть`-заголовков в выводе ровно один.\n' +
    '2. После заголовка — пустая строка, затем проза.\n' +
    '3. **Объём прозы — от 1450 до 1550 слов на чанк** (для packed — суммарно по сценам).\n' +
    '4. Первая и последняя фразы прозы совпадают с теми, что заданы режиссёрскими пометками. Жест в финале — конкретный физический жест из пометок (звук закрытия, разорванный объект, движение от/к материальному предмету).\n' +
    '5. Предыдущие чанки даны для continuity, а не для копирования: ссылка идёт на события, не на дословный текст ВСЕЙ прозы предыдущего чанка. Цитата-якорь (3–7 слов из режиссёрских пометок) — единственная допустимая дословная отсылка.\n' +
    '6. Информация о персонажах из сводки раскрывается через действие и речь, а не прямой выкладкой.\n' +
    '7. **Минимум 3 конкретных элемента из Сеттинга** появляются в прозе чанка как материальные детали (объекты, локации, звуки, запахи, температуры — из якорей в режиссёрских пометках). Общие места «было темно», «пахло старым» не считаются.\n' +
    '8. **Раскрытие сетапов из реестра — дословно.** Если по Реестру сетапов и пэйоффов в этой сцене должен раскрываться сетап (имя, факт, артефакт, признание) — он произносится в прозе ИМЕННО ТЕМ СЛОВОМ, что в реестре. Описательные обходы («то самое имя», «ту женщину», «известный факт») сетап не раскрывают.\n' +
    '9. **Идентифицированный источник у внешних действий.** Звонок телефона, стук в дверь, реплика за кадром, входящее сообщение, появление кого-то в кадре — все имеют идентифицированного источника: либо персонаж по имени из Сводки по персонажам, либо явное «неизвестный» с указанием, почему неизвестно (чужой номер на экране, тёмное окно, незнакомый голос). Безличных «телефон зазвонил» / «дверь открылась» без атрибуции не остаётся.\n' +
    '10. **Голосовые маркеры в репликах.** В диалоге каждый персонаж говорит со своими лексическими паттернами из его профиля в Сводке по персонажам (поле «голос»): минимум 1 узнаваемый маркер на персонажа в каждой его реплике длиннее 5 слов. Реплики разных персонажей различимы по маркерам без атрибуции «сказала Аня».\n' +
    '11. Сразу после последней фразы прозы — конец вывода. Следующий чанк будет сгенерирован отдельным вызовом со своим контекстом.\n' +
    '\n' +
    'Пиши на русском.'
}
[TextProcessor] regenerating node 35 (title: Проза чанка)
Returning '"ollama"...' as value of setting 'current_backend'
Returning '"ollama"...' as value of setting 'current_backend'
Returning '{"ollama":{"bas...' as value of setting 'ai_config'
Returning '{"ollama":{"bas...' as value of setting 'ai_config'
Emit emitOnGenerationEvent
[TextProcessor] generated content length: 6567
Returning 'false...' as value of setting 'auto_generate_summary'
In patch there is a requirement to change status to GENERATED
Emit event plan.node: 35 (patched keys: content, summary, status)
Notifying downstream node 36 (text) of changes in node 35
PROGRESS 2933s Цикл по чанкам
[regenerateSubtreeNodesContents] node 37 not ready, missing sources: 36
[regenerateSubtreeNodesContents] node 38 not ready, missing sources: 37
[regenerateSubtreeNodesContents] willRegenerate=true (regenerateManual=false)
In patch there is a requirement to change status to GENERATING
PROGRESS 2933s Цикл по чанкам / Расширение прозы
Emit event plan.node: 36 (patched keys: status)
[PlanNodeService] regenerate node.node_type_settings {"userPrompt":"## Возрастной рейтинг произведения\n\n18+.{{#if (or (eq \"18+\" \"18+\") (eq \"18+\" \"NC-21\"))}} Всем героям не менее 18 лет.{{/if}}\n\n## Стиль\n```\n{{[Стиль]}}\n```\n\n## Сводка по персонажам\n```\n{{[Сводка по персонажам]}}\n```\n\n## Сеттинг\n```\n{{[Сеттинг]}}\n```\n\n## Подробности сцены\n```\n{{[Подробности сцены]}}\n```\n\n## Режиссёрские пометки чанка\n```\n{{[Режиссёрские пометки чанка]}}\n```\n\n## Проза чанка (исходная версия)\n```\n{{[Проза чанка]}}\n```\n\n## Что нужно сделать\n\nРаскрой эту прозу плотнее: добавь сенсорной конкретики из Сеттинга, телесных микродействий персонажей, подтекста и пауз в существующих диалогах, внутренних наблюдений POV-героя — там, где сцена это просит. Можно расщеплять короткие сжатые предложения в более развёрнутые, добавлять воздух между beat'ами, давать читателю задержаться на образе. Это второй проход по той же сцене — она уже выстроена, ты её дышишь.\n\n**Целевой объём вывода — 1450–1550 слов** (для packed — суммарно по сценам пакета). Если исходник короче — расширяй смело; если уже близко к коридору — добавки уместные, не натянутые.\n\n## Что нельзя менять\n\n1. **Сюжетную канву**: порядок событий, набор реплик, ход и финал сцены — остаются как в исходнике. Расширение наполняет уже произошедшее, не сдвигает.\n2. **Первую фразу прозы** — остаётся ровно той же, что в исходной версии.\n3. **Последнюю фразу прозы и финальный физический жест** — остаются ровно теми же, что в исходной версии, и в том же месте.\n4. **Заголовок чанка** (`## Часть N` и подзаголовки `### Сцена K` для packed) — остаются ровно теми же.\n5. **События будущих сцен** — сюжетную информацию из сцен, идущих ПОСЛЕ этого чанка в плане, не вытаскивай. Новые детали должны быть консистентны с миром (Сеттинг), голосами (Сводка по персонажам), регистром (Стиль).\n\nПиши на русском."}
[PlanNodeService] regenerate settings {
  userPrompt: '## Возрастной рейтинг произведения\n' +
    '\n' +
    '18+.{{#if (or (eq "18+" "18+") (eq "18+" "NC-21"))}} Всем героям не менее 18 лет.{{/if}}\n' +
    '\n' +
    '## Стиль\n' +
    '```\n' +
    '{{[Стиль]}}\n' +
    '```\n' +
    '\n' +
    '## Сводка по персонажам\n' +
    '```\n' +
    '{{[Сводка по персонажам]}}\n' +
    '```\n' +
    '\n' +
    '## Сеттинг\n' +
    '```\n' +
    '{{[Сеттинг]}}\n' +
    '```\n' +
    '\n' +
    '## Подробности сцены\n' +
    '```\n' +
    '{{[Подробности сцены]}}\n' +
    '```\n' +
    '\n' +
    '## Режиссёрские пометки чанка\n' +
    '```\n' +
    '{{[Режиссёрские пометки чанка]}}\n' +
    '```\n' +
    '\n' +
    '## Проза чанка (исходная версия)\n' +
    '```\n' +
    '{{[Проза чанка]}}\n' +
    '```\n' +
    '\n' +
    '## Что нужно сделать\n' +
    '\n' +
    "Раскрой эту прозу плотнее: добавь сенсорной конкретики из Сеттинга, телесных микродействий персонажей, подтекста и пауз в существующих диалогах, внутренних наблюдений POV-героя — там, где сцена это просит. Можно расщеплять короткие сжатые предложения в более развёрнутые, добавлять воздух между beat'ами, давать читателю задержаться на образе. Это второй проход по той же сцене — она уже выстроена, ты её дышишь.\n" +
    '\n' +
    '**Целевой объём вывода — 1450–1550 слов** (для packed — суммарно по сценам пакета). Если исходник короче — расширяй смело; если уже близко к коридору — добавки уместные, не натянутые.\n' +
    '\n' +
    '## Что нельзя менять\n' +
    '\n' +
    '1. **Сюжетную канву**: порядок событий, набор реплик, ход и финал сцены — остаются как в исходнике. Расширение наполняет уже произошедшее, не сдвигает.\n' +
    '2. **Первую фразу прозы** — остаётся ровно той же, что в исходной версии.\n' +
    '3. **Последнюю фразу прозы и финальный физический жест** — остаются ровно теми же, что в исходной версии, и в том же месте.\n' +
    '4. **Заголовок чанка** (`## Часть N` и подзаголовки `### Сцена K` для packed) — остаются ровно теми же.\n' +
    '5. **События будущих сцен** — сюжетную информацию из сцен, идущих ПОСЛЕ этого чанка в плане, не вытаскивай. Новые детали должны быть консистентны с миром (Сеттинг), голосами (Сводка по персонажам), регистром (Стиль).\n' +
    '\n' +
    'Пиши на русском.'
}
[TextProcessor] regenerating node 36 (title: Расширение прозы)
Returning '"ollama"...' as value of setting 'current_backend'
Returning '"ollama"...' as value of setting 'current_backend'
Returning '{"ollama":{"bas...' as value of setting 'ai_config'
Returning '{"ollama":{"bas...' as value of setting 'ai_config'
Emit emitOnGenerationEvent
[TextProcessor] generated content length: 7313
Returning 'false...' as value of setting 'auto_generate_summary'
In patch there is a requirement to change status to GENERATED
Emit event plan.node: 36 (patched keys: content, summary, status)
PROGRESS 3038s Цикл по чанкам
[regenerateSubtreeNodesContents] willRegenerate=true (regenerateManual=false)
In patch there is a requirement to change status to GENERATING
PROGRESS 3038s Цикл по чанкам / Полировка: структура и continuity
Emit event plan.node: 37 (patched keys: status)
[PlanNodeService] regenerate node.node_type_settings {"maxIterations":1,"minSeverityToFix":50,"foundProblemsTemplate":"Найденные проблемы","aiUserInstructionsToFindProblems":"## Возрастной рейтинг произведения\n\n18+.{{#if (or (eq \"18+\" \"18+\") (eq \"18+\" \"NC-21\"))}} Всем героям не менее 18 лет.{{/if}}\n\n## Реестр сетапов и пэйоффов\n```\n{{[Реестр сетапов и пэйоффов]}}\n```\n\n{{#if (ne [Номер чанка] \"1\")}}\n## Предыдущие чанки (для проверки continuity)\n```\n{{[Сборка предыдущих чанков]}}\n```\n\n{{/if}}\n## Режиссёрские пометки чанка\n```\n{{[Режиссёрские пометки чанка]}}\n```\n\n## Чанк (метаданные)\n```\n{{[Чанк]}}\n```\n\n## Расширенная проза (проверить)\n```\n{{[Расширение прозы]}}\n```\n\n## Что искать\n\nЭто первый из двух проходов полировки. Здесь ищем **структурные и continuity-проблемы**. Голос, стиль и сенсорика — задача второго прохода, их не трогаем.\n\n- **больше одного** заголовка `## Часть N` в выводе. Severity 90, всё после первого `## Часть N`-блока отрезается при фиксе;\n- вставки иностранного языка в русский текст: непереведённые слова, англицизмы без оснований, латиница в репликах. Severity не ниже 70;\n- первая или последняя фраза прозы не совпадает с заданной в режиссёрских пометках. Severity 50;\n{{#if (ne [Номер чанка] \"1\")}}\n- нарушение continuity:\n  · в прозе нет ни одной явной отсылки к конкретным событиям/решениям/репликам/объектам из предыдущих чанков — читается как самостоятельный рассказ. Severity 60;\n  · эмоциональное состояние персонажа в начале не вытекает из конца последнего чанка. Severity 55;\n  · отношения персонажей не несут памяти о предыдущих взаимодействиях. Severity 65;\n  · незакрытый сетап забыт (не упоминается и не работает в фоне). Severity 50.\n{{/if}}\n\nКаждой проблеме severity 0–100.","aiUserInstructionsToFixProblems":"## Возрастной рейтинг произведения\n\n18+.{{#if (or (eq \"18+\" \"18+\") (eq \"18+\" \"NC-21\"))}} Всем героям не менее 18 лет.{{/if}}\n\n## Что нужно сделать\n\nПерепиши прозу чанка, исправив указанные проблемы. Заголовок `## Часть N` сохраняй первой строкой. Правь точечно, без переписывания всего чанка. Голос, ритм, штампы, сенсорику — **не трогай**, это задача следующего прохода полировки. Если для фикса требуется сократить или нарастить объём — сокращай или наращивай, ограничения коридора нет.\n\nВыводи только финальный текст чанка (с заголовком первой строкой). Пиши на русском — язык прозы не меняется при полировке.\n\n## Чанк (метаданные, для режима)\n```\n{{[Чанк]}}\n```\n\n## Режиссёрские пометки чанка\n```\n{{[Режиссёрские пометки чанка]}}\n```\n\n## Расширенная проза (старый текст)\n```\n{{[Расширение прозы]}}\n```\n\n## Найденные проблемы\n```\n{{[Найденные проблемы]}}\n```","sourceNodeIdToFix":36}
[PlanNodeService] regenerate settings {
  maxIterations: 1,
  minSeverityToFix: 50,
  foundProblemsTemplate: 'Найденные проблемы',
  aiUserInstructionsToFindProblems: '## Возрастной рейтинг произведения\n' +
    '\n' +
    '18+.{{#if (or (eq "18+" "18+") (eq "18+" "NC-21"))}} Всем героям не менее 18 лет.{{/if}}\n' +
    '\n' +
    '## Реестр сетапов и пэйоффов\n' +
    '```\n' +
    '{{[Реестр сетапов и пэйоффов]}}\n' +
    '```\n' +
    '\n' +
    '{{#if (ne [Номер чанка] "1")}}\n' +
    '## Предыдущие чанки (для проверки continuity)\n' +
    '```\n' +
    '{{[Сборка предыдущих чанков]}}\n' +
    '```\n' +
    '\n' +
    '{{/if}}\n' +
    '## Режиссёрские пометки чанка\n' +
    '```\n' +
    '{{[Режиссёрские пометки чанка]}}\n' +
    '```\n' +
    '\n' +
    '## Чанк (метаданные)\n' +
    '```\n' +
    '{{[Чанк]}}\n' +
    '```\n' +
    '\n' +
    '## Расширенная проза (проверить)\n' +
    '```\n' +
    '{{[Расширение прозы]}}\n' +
    '```\n' +
    '\n' +
    '## Что искать\n' +
    '\n' +
    'Это первый из двух проходов полировки. Здесь ищем **структурные и continuity-проблемы**. Голос, стиль и сенсорика — задача второго прохода, их не трогаем.\n' +
    '\n' +
    '- **больше одного** заголовка `## Часть N` в выводе. Severity 90, всё после первого `## Часть N`-блока отрезается при фиксе;\n' +
    '- вставки иностранного языка в русский текст: непереведённые слова, англицизмы без оснований, латиница в репликах. Severity не ниже 70;\n' +
    '- первая или последняя фраза прозы не совпадает с заданной в режиссёрских пометках. Severity 50;\n' +
    '{{#if (ne [Номер чанка] "1")}}\n' +
    '- нарушение continuity:\n' +
    '  · в прозе нет ни одной явной отсылки к конкретным событиям/решениям/репликам/объектам из предыдущих чанков — читается как самостоятельный рассказ. Severity 60;\n' +
    '  · эмоциональное состояние персонажа в начале не вытекает из конца последнего чанка. Severity 55;\n' +
    '  · отношения персонажей не несут памяти о предыдущих взаимодействиях. Severity 65;\n' +
    '  · незакрытый сетап забыт (не упоминается и не работает в фоне). Severity 50.\n' +
    '{{/if}}\n' +
    '\n' +
    'Каждой проблеме severity 0–100.',
  aiUserInstructionsToFixProblems: '## Возрастной рейтинг произведения\n' +
    '\n' +
    '18+.{{#if (or (eq "18+" "18+") (eq "18+" "NC-21"))}} Всем героям не менее 18 лет.{{/if}}\n' +
    '\n' +
    '## Что нужно сделать\n' +
    '\n' +
    'Перепиши прозу чанка, исправив указанные проблемы. Заголовок `## Часть N` сохраняй первой строкой. Правь точечно, без переписывания всего чанка. Голос, ритм, штампы, сенсорику — **не трогай**, это задача следующего прохода полировки. Если для фикса требуется сократить или нарастить объём — сокращай или наращивай, ограничения коридора нет.\n' +
    '\n' +
    'Выводи только финальный текст чанка (с заголовком первой строкой). Пиши на русском — язык прозы не меняется при полировке.\n' +
    '\n' +
    '## Чанк (метаданные, для режима)\n' +
    '```\n' +
    '{{[Чанк]}}\n' +
    '```\n' +
    '\n' +
    '## Режиссёрские пометки чанка\n' +
    '```\n' +
    '{{[Режиссёрские пометки чанка]}}\n' +
    '```\n' +
    '\n' +
    '## Расширенная проза (старый текст)\n' +
    '```\n' +
    '{{[Расширение прозы]}}\n' +
    '```\n' +
    '\n' +
    '## Найденные проблемы\n' +
    '```\n' +
    '{{[Найденные проблемы]}}\n' +
    '```',
  sourceNodeIdToFix: 36
}
[FixProblemsProcessor] regenerate node {
  id: 37,
  parent_id: 27,
  title: 'Полировка: структура и continuity',
  content: null,
  position: 9,
  created_at: '2026-08-25 14:51:56',
  type: 'fix-problems',
  x: 1730,
  y: 189,
  summary: null,
  ai_sync_info: null,
  word_count: 0,
  char_count: 0,
  byte_count: 0,
  review_base_content: null,
  ai_improve_instruction: null,
  node_type_settings: '{"maxIterations":1,"minSeverityToFix":50,"foundProblemsTemplate":"Найденные проблемы","aiUserInstructionsToFindProblems":"## Возрастной рейтинг произведения\\n\\n18+.{{#if (or (eq \\"18+\\" \\"18+\\") (eq \\"18+\\" \\"NC-21\\"))}} Всем героям не менее 18 лет.{{/if}}\\n\\n## Реестр сетапов и пэйоффов\\n```\\n{{[Реестр сетапов и пэйоффов]}}\\n```\\n\\n{{#if (ne [Номер чанка] \\"1\\")}}\\n## Предыдущие чанки (для проверки continuity)\\n```\\n{{[Сборка предыдущих чанков]}}\\n```\\n\\n{{/if}}\\n## Режиссёрские пометки чанка\\n```\\n{{[Режиссёрские пометки чанка]}}\\n```\\n\\n## Чанк (метаданные)\\n```\\n{{[Чанк]}}\\n```\\n\\n## Расширенная проза (проверить)\\n```\\n{{[Расширение прозы]}}\\n```\\n\\n## Что искать\\n\\nЭто первый из двух проходов полировки. Здесь ищем **структурные и continuity-проблемы**. Голос, стиль и сенсорика — задача второго прохода, их не трогаем.\\n\\n- **больше одного** заголовка `## Часть N` в выводе. Severity 90, всё после первого `## Часть N`-блока отрезается при фиксе;\\n- вставки иностранного языка в русский текст: непереведённые слова, англицизмы без оснований, латиница в репликах. Severity не ниже 70;\\n- первая или последняя фраза прозы не совпадает с заданной в режиссёрских пометках. Severity 50;\\n{{#if (ne [Номер чанка] \\"1\\")}}\\n- нарушение continuity:\\n  · в прозе нет ни одной явной отсылки к конкретным событиям/решениям/репликам/объектам из предыдущих чанков — читается как самостоятельный рассказ. Severity 60;\\n  · эмоциональное состояние персонажа в начале не вытекает из конца последнего чанка. Severity 55;\\n  · отношения персонажей не несут памяти о предыдущих взаимодействиях. Severity 65;\\n  · незакрытый сетап забыт (не упоминается и не работает в фоне). Severity 50.\\n{{/if}}\\n\\nКаждой проблеме severity 0–100.","aiUserInstructionsToFixProblems":"## Возрастной рейтинг произведения\\n\\n18+.{{#if (or (eq \\"18+\\" \\"18+\\") (eq \\"18+\\" \\"NC-21\\"))}} Всем героям не менее 18 лет.{{/if}}\\n\\n## Что нужно сделать\\n\\nПерепиши прозу чанка, исправив указанные проблемы. Заголовок `## Часть N` сохраняй первой строкой. Правь точечно, без переписывания всего чанка. Голос, ритм, штампы, сенсорику — **не трогай**, это задача следующего прохода полировки. Если для фикса требуется сократить или нарастить объём — сокращай или наращивай, ограничения коридора нет.\\n\\nВыводи только финальный текст чанка (с заголовком первой строкой). Пиши на русском — язык прозы не меняется при полировке.\\n\\n## Чанк (метаданные, для режима)\\n```\\n{{[Чанк]}}\\n```\\n\\n## Режиссёрские пометки чанка\\n```\\n{{[Режиссёрские пометки чанка]}}\\n```\\n\\n## Расширенная проза (старый текст)\\n```\\n{{[Расширение прозы]}}\\n```\\n\\n## Найденные проблемы\\n```\\n{{[Найденные проблемы]}}\\n```","sourceNodeIdToFix":36}',
  status: 'GENERATING',
  ai_settings: null,
  in_review: 0,
  width: 200,
  height: 80
}
[FixProblemsProcessor] regenerate settings {
  maxIterations: 1,
  minSeverityToFix: 50,
  foundProblemsTemplate: 'Найденные проблемы',
  aiUserInstructionsToFindProblems: '## Возрастной рейтинг произведения\n' +
    '\n' +
    '18+.{{#if (or (eq "18+" "18+") (eq "18+" "NC-21"))}} Всем героям не менее 18 лет.{{/if}}\n' +
    '\n' +
    '## Реестр сетапов и пэйоффов\n' +
    '```\n' +
    '{{[Реестр сетапов и пэйоффов]}}\n' +
    '```\n' +
    '\n' +
    '{{#if (ne [Номер чанка] "1")}}\n' +
    '## Предыдущие чанки (для проверки continuity)\n' +
    '```\n' +
    '{{[Сборка предыдущих чанков]}}\n' +
    '```\n' +
    '\n' +
    '{{/if}}\n' +
    '## Режиссёрские пометки чанка\n' +
    '```\n' +
    '{{[Режиссёрские пометки чанка]}}\n' +
    '```\n' +
    '\n' +
    '## Чанк (метаданные)\n' +
    '```\n' +
    '{{[Чанк]}}\n' +
    '```\n' +
    '\n' +
    '## Расширенная проза (проверить)\n' +
    '```\n' +
    '{{[Расширение прозы]}}\n' +
    '```\n' +
    '\n' +
    '## Что искать\n' +
    '\n' +
    'Это первый из двух проходов полировки. Здесь ищем **структурные и continuity-проблемы**. Голос, стиль и сенсорика — задача второго прохода, их не трогаем.\n' +
    '\n' +
    '- **больше одного** заголовка `## Часть N` в выводе. Severity 90, всё после первого `## Часть N`-блока отрезается при фиксе;\n' +
    '- вставки иностранного языка в русский текст: непереведённые слова, англицизмы без оснований, латиница в репликах. Severity не ниже 70;\n' +
    '- первая или последняя фраза прозы не совпадает с заданной в режиссёрских пометках. Severity 50;\n' +
    '{{#if (ne [Номер чанка] "1")}}\n' +
    '- нарушение continuity:\n' +
    '  · в прозе нет ни одной явной отсылки к конкретным событиям/решениям/репликам/объектам из предыдущих чанков — читается как самостоятельный рассказ. Severity 60;\n' +
    '  · эмоциональное состояние персонажа в начале не вытекает из конца последнего чанка. Severity 55;\n' +
    '  · отношения персонажей не несут памяти о предыдущих взаимодействиях. Severity 65;\n' +
    '  · незакрытый сетап забыт (не упоминается и не работает в фоне). Severity 50.\n' +
    '{{/if}}\n' +
    '\n' +
    'Каждой проблеме severity 0–100.',
  aiUserInstructionsToFixProblems: '## Возрастной рейтинг произведения\n' +
    '\n' +
    '18+.{{#if (or (eq "18+" "18+") (eq "18+" "NC-21"))}} Всем героям не менее 18 лет.{{/if}}\n' +
    '\n' +
    '## Что нужно сделать\n' +
    '\n' +
    'Перепиши прозу чанка, исправив указанные проблемы. Заголовок `## Часть N` сохраняй первой строкой. Правь точечно, без переписывания всего чанка. Голос, ритм, штампы, сенсорику — **не трогай**, это задача следующего прохода полировки. Если для фикса требуется сократить или нарастить объём — сокращай или наращивай, ограничения коридора нет.\n' +
    '\n' +
    'Выводи только финальный текст чанка (с заголовком первой строкой). Пиши на русском — язык прозы не меняется при полировке.\n' +
    '\n' +
    '## Чанк (метаданные, для режима)\n' +
    '```\n' +
    '{{[Чанк]}}\n' +
    '```\n' +
    '\n' +
    '## Режиссёрские пометки чанка\n' +
    '```\n' +
    '{{[Режиссёрские пометки чанка]}}\n' +
    '```\n' +
    '\n' +
    '## Расширенная проза (старый текст)\n' +
    '```\n' +
    '{{[Расширение прозы]}}\n' +
    '```\n' +
    '\n' +
    '## Найденные проблемы\n' +
    '```\n' +
    '{{[Найденные проблемы]}}\n' +
    '```',
  sourceNodeIdToFix: 36
}
Returning '"ollama"...' as value of setting 'current_backend'
Returning '"ollama"...' as value of setting 'current_backend'
Returning '{"ollama":{"bas...' as value of setting 'ai_config'
Returning '{"ollama":{"bas...' as value of setting 'ai_config'
Emit emitOnGenerationEvent
Unable to regenerate node 37 SyntaxError: Unterminated string in JSON at position 144085 (line 10 column 143291)
    at JSON.parse (<anonymous>)
    at findProblems (D:\repos\ai-story-builder\src\backend\ai\generate-fix-problems.ts:81:15)
    at process.processTicksAndRejections (node:internal/process/task_queues:104:5)
    at async <anonymous> (D:\repos\ai-story-builder\src\backend\plan\nodes\graph\fix-problems-processor.ts:86:38)
    at async Object.asNode (D:\repos\ai-story-builder\src\backend\plan\nodes\generate\regenerateTreeNodesContents.ts:193:20)
    at async <anonymous> (D:\repos\ai-story-builder\src\backend\plan\nodes\graph\fix-problems-processor.ts:84:9)
    at async Object.asCycle (D:\repos\ai-story-builder\src\backend\plan\nodes\generate\regenerateTreeNodesContents.ts:253:18)
    at async FixProblemsProcessor.regenerate (D:\repos\ai-story-builder\src\backend\plan\nodes\graph\fix-problems-processor.ts:75:5)
    at async PlanNodeService.regenerate (D:\repos\ai-story-builder\src\backend\plan\nodes\plan-node-service.ts:479:18)
    at async <anonymous> (D:\repos\ai-story-builder\src\backend\plan\nodes\generate\regenerateTreeNodesContents.ts:414:24)
In patch there is a requirement to change status to ERROR
Emit event plan.node: 37 (patched keys: status)
PROGRESS 7172s Цикл по чанкам
Unable to regenerate node 27 SyntaxError: Unterminated string in JSON at position 144085 (line 10 column 143291)
    at JSON.parse (<anonymous>)
    at findProblems (D:\repos\ai-story-builder\src\backend\ai\generate-fix-problems.ts:81:15)
    at process.processTicksAndRejections (node:internal/process/task_queues:104:5)
    at async <anonymous> (D:\repos\ai-story-builder\src\backend\plan\nodes\graph\fix-problems-processor.ts:86:38)
    at async Object.asNode (D:\repos\ai-story-builder\src\backend\plan\nodes\generate\regenerateTreeNodesContents.ts:193:20)
    at async <anonymous> (D:\repos\ai-story-builder\src\backend\plan\nodes\graph\fix-problems-processor.ts:84:9)
    at async Object.asCycle (D:\repos\ai-story-builder\src\backend\plan\nodes\generate\regenerateTreeNodesContents.ts:253:18)
    at async FixProblemsProcessor.regenerate (D:\repos\ai-story-builder\src\backend\plan\nodes\graph\fix-problems-processor.ts:75:5)
    at async PlanNodeService.regenerate (D:\repos\ai-story-builder\src\backend\plan\nodes\plan-node-service.ts:479:18)
    at async <anonymous> (D:\repos\ai-story-builder\src\backend\plan\nodes\generate\regenerateTreeNodesContents.ts:414:24)
In patch there is a requirement to change status to ERROR
Emit event plan.node: 27 (patched keys: status)
FAILED Unterminated string in JSON at position 144085 (line 10 column 143291)
RESULT заполнено=33 из=40
